,SAAP,BP,AAS,AAS index,Positional probability,charge,TMT set,Dataset,saap_b_left_frag,saap_b_left_frag_mass,saap_b_right_frag,saap_b_right_frag_mass,saap_y_left_frag,saap_y_left_frag_mass,saap_y_right_frag,saap_y_right_frag_mass,bp_b_left_frag,bp_b_left_frag_mass,bp_b_right_frag,bp_b_right_frag_mass,bp_y_left_frag,bp_y_left_frag_mass,bp_y_right_frag,bp_y_right_frag_mass
0,SSTPEEPK,SSTPEEVK,V to P,1,0.045,2,S1,acgb1,b1,b2,y8,y7,b1,b2,y8,y7,317.20223599999997,404.234266,,1016.546141,317.20223599999997,404.234266,,1018.5617910000001
1,ASSSSLSMDEK,ASWSSLSMDEK,W to S,0,1.0,2,S1,acgb1,b0,b1,y12,y11,b0,b1,y12,y11,,301.207316,,,,301.207316,,
2,MMADEALSSGLVSR,MMADEALGSGLVSR,G to S,0,1.0,2,S1,acgb1,b0,b1,y15,y14,b0,b1,y15,y14,,361.210696,,,,361.210696,,
3,LISSYDNEFGYSNR,LISWYDNEFGYSNR,W to S,0,1.0,2,S1,acgb1,b0,b1,y15,y14,b0,b1,y15,y14,,343.254266,,,,343.254266,,
4,PVCMLSNTTAIAEAWAR,AVCMLSNTTAIAEAWAR,A to P,0,0.249,2,S1,acgb1,b0,b1,y18,y17,b0,b1,y18,y17,,,,,,301.207316,,
5,PVCMLSNTTAIAEAWAR,AVCMLSNTTAIAEAWAR,A to P,0,0.333,2,S1,acgb1,b0,b1,y18,y17,b0,b1,y18,y17,,,,,,301.207316,,
6,EPESCDCLQGFQLTHSLGGGTGSGMGTLLLSK,EAESCDCLQGFQLTHSLGGGTGSGMGTLLLSK,A to P,1,0.031,3,S1,acgb1,b1,b2,y32,y31,b1,b2,y32,y31,,,,,359.21279599999997,430.24990599999995,,
7,VVAQVANALAHK,VVAGVANALAHK,G to Q,3,0.102,3,S1,acgb1,b3,b4,y10,y9,b3,b4,y10,y9,,627.402716,,,499.344136,556.365596,1180.699941,1109.662831
8,ALVILPK,ALVILAK,A to P,0,0.994,2,S1,acgb1,b0,b1,y8,y7,b0,b1,y8,y7,,301.207316,,,,301.207316,,
9,MYGVLTWNAFPGK,MYGVLPWNAFPGK,P to T,0,0.497,3,S1,acgb1,b0,b1,y14,y13,b0,b1,y14,y13,,361.210696,,,,361.210696,,
10,MYGVLTWNAFPGK,MYGVLPWNAFPGK,P to T,0,0.5,3,S1,acgb1,b0,b1,y14,y13,b0,b1,y14,y13,,361.210696,,,,361.210696,,
11,YDDMSAAMK,YDDMAAAMK,A to S,0,0.992,2,S1,acgb1,b0,b1,y10,y9,b0,b1,y10,y9,,393.233536,,,,393.233536,,
12,FLASVNTVLTSK,FLASVSTVLTSK,S to N,1,0.984,2,S1,acgb1,b1,b2,y12,y11,b1,b2,y12,y11,377.238616,490.32267599999994,,1361.820131,377.238616,490.32267599999994,,1334.809231
13,ESENCDCLQGFQLTHSLGGGTGSGMGTLLISK,ECENCDCLQGFQLTHSLGGGTGSGMGTLLISK,C to S,1,0.33,4,S1,acgb1,b1,b2,y32,y31,b1,b2,y32,y31,,,,,,,,
14,MYGLLPWNAFPGK,MYGVLPWNAFPGK,V to I/L,0,1.0,2,S1,acgb1,b0,b1,y14,y13,b0,b1,y14,y13,,361.210696,,,,361.210696,,
15,AGCGGGLLGVR,AQCGGGLLGVR,Q to G,1,0.5,2,S1,acgb1,b1,b2,y11,y10,b1,b2,y11,y10,301.207316,358.228776,,945.4934310000001,301.207316,429.26589599999994,,1016.5305510000002
16,FYLGGPTSVR,FYLGGPTSIR,I to V,0,0.834,2,S1,acgb1,b0,b1,y11,y10,b0,b1,y11,y10,,377.238616,,,,377.238616,,
17,QMAGTGALK,QYAGTGALK,Y to M,1,0.72,2,S1,acgb1,b1,b2,y9,y8,b1,b2,y9,y8,,489.26927599999993,,977.565101,358.22878599999996,521.2921160000001,,1009.587941
18,GTQVQIVTK,GGQVQIVTK,G to T,0,0.013,2,S1,acgb1,b0,b1,y10,y9,b0,b1,y10,y9,,287.191666,,,,287.191666,,
19,GLCATVTGGQK,GLSATVTGGQK,S to C,0,1.0,2,S1,acgb1,b0,b1,y12,y11,b0,b1,y12,y11,,,,,,287.191666,,
20,DFTPVGTTELGR,DFTPVCTTELGR,C to G,0,0.976,2,S1,acgb1,b0,b1,y13,y12,b0,b1,y13,y12,,345.197146,,,,345.197146,,
21,LLVVYTWTQR,LLVVYPWTQR,P to T,0,0.5,2,S1,acgb1,b0,b1,y11,y10,b0,b1,y11,y10,,343.254266,,,,343.254266,,
22,QVTSTASTFVK,QATSTASTFVK,A to V,0,0.993,2,S1,acgb1,b0,b1,y12,y11,b0,b1,y12,y11,,358.22878599999996,,,,358.22878599999996,,
23,LYCPYQNIK,RYCPYQNIK,R to I/L,0,0.997,2,S1,acgb1,b0,b1,y10,y9,b0,b1,y10,y9,,343.254266,,,,386.271316,,
24,LDSTDFTSTIK,LDSTDFTGTIK,G to S,1,0.977,2,S1,acgb1,b1,b2,y11,y10,b1,b2,y11,y10,343.254266,458.28120599999994,,1343.689181,343.254266,458.28120599999994,,1313.678611
25,HMAGAAAAGAVVGGLGGYVLGSAMSR,HMAGAAAAGAVVGGLGGYMLGSAMSR,M to V,0,0.998,3,S1,acgb1,b0,b1,y27,y26,b0,b1,y27,y26,,367.229116,,,,367.229116,,
26,FNKPFVFLMIDQNTK,FNKPFVFLMIEQNTK,E to D,0,0.994,3,S1,acgb1,b0,b1,y16,y15,b0,b1,y16,y15,,377.238616,,,,377.238616,,
27,CICNQLSLTTK,CICSQLSLTTK,S to N,0,1.0,2,S1,acgb1,b0,b1,y12,y11,b0,b1,y12,y11,,390.20084999999995,,,,390.20084999999995,,
28,FQLGNSGPNSTIK,FQLSNSGPNSTIK,S to G,0,1.0,2,S1,acgb1,b0,b1,y14,y13,b0,b1,y14,y13,,377.238616,,,,377.238616,,
29,LYTWGVVEVENPEHNDFLK,LYPWGVVEVENPEHNDFLK,P to T,0,0.246,3,S1,acgb1,b0,b1,y20,y19,b0,b1,y20,y19,,343.254266,,,,,,
30,VLMVEEPSMMLEWLYGCPPPYHTFEEPVYMK,VLMVEEPSMNLEWLYGCPPPYHTFEEPVYMK,N to M,3,0.019,4,S1,acgb1,b3,b4,y29,y28,b3,b4,y29,y28,573.363166,672.4315760000001,,,573.363166,672.4315760000001,,
31,LVVGQNGILSTPAVSCIIR,LVIGQNGILSTPAVSCIIR,I to V,0,1.0,2,S1,acgb1,b0,b1,y20,y19,b0,b1,y20,y19,,343.254266,,,,343.254266,,
32,IISNAGCTTNCLAPLAK,IISNASCTTNCLAPLAK,S to G,0,0.996,2,S1,acgb1,b0,b1,y18,y17,b0,b1,y18,y17,,343.254266,,,,343.254266,,
33,VVTVSLPR,VATVSLPR,A to V,1,0.5,2,S1,acgb1,b1,b2,y8,y7,,,,,,199.144096,,771.4723010000001,,,,
34,GPSGPQGPR,GPAGPQGPR,A to S,0,0.988,2,S1,acgb1,b0,b1,y10,y9,b0,b1,y10,y9,,287.191666,,,,287.191666,,
35,AGVARPGGDTIFGK,AQVARPGGDTIFGK,Q to G,1,0.023,3,S1,acgb1,b1,b2,y14,y13,b1,b2,y14,y13,,358.228776,,,301.207316,429.26589599999994,,
36,WTVHLLETLLPR,WPVHLLETLLPR,P to T,1,0.333,3,S1,acgb1,b1,b2,y12,y11,b1,b2,y12,y11,,,,,416.24951599999997,,,1287.778301
37,HPYFYAPDLLFFAK,HPYFYAPELLFFAK,E to D,0,0.991,3,S1,acgb1,b0,b1,y15,y14,b0,b1,y15,y14,,367.229116,,,,367.229116,,
38,QTSVSQPAPPK,QTSVSGPAPPK,G to Q,0,0.5,2,S1,acgb1,b0,b1,y12,y11,b0,b1,y12,y11,,358.22878599999996,,,,358.22878599999996,,
39,HMAGAAAAGAVVGGLGGYVLGSAMSR,HMAGAAAAGAVVGGLGGYMLGSAMSR,M to V,1,0.976,3,S1,acgb1,b1,b2,y26,y25,b1,b2,y26,y25,367.229116,,,,367.229116,,,
40,HMAGAAAAGAVVGGLGGYVLGSAMSR,HMAGAAAAGAVVGGLGGYMLGSAMSR,M to V,0,0.98,3,S1,acgb1,b0,b1,y27,y26,b0,b1,y27,y26,,367.229116,,,,367.229116,,
41,ACNCNPYGTMK,ACNCNLYGTMK,L to P,0,0.984,2,S1,acgb1,b0,b1,y12,y11,b0,b1,y12,y11,,301.207316,,,,301.207316,,
42,AGVAAPATQVVQVTLQSVQR,AGVAAPATQVAQVTLQSVQR,A to V,0,1.0,2,S1,acgb1,b0,b1,y21,y20,b0,b1,y21,y20,,,,,,,,
43,MVDFAGMK,MVDFAGVK,V to M,0,1.0,2,S1,acgb1,b0,b1,y9,y8,b0,b1,y9,y8,,361.210696,,,,361.210696,,
44,AGIWDTAGQER,AQIWDTAGQER,Q to G,1,0.5,2,S1,acgb1,b1,b2,y11,y10,b1,b2,y11,y10,,358.228776,,,301.207316,429.26589599999994,,1203.5752610000002
45,AGVAAPATQVVQVTLQSVQR,AGVAAPATQVAQVTLQSVQR,A to V,0,1.0,3,S1,acgb1,b0,b1,y21,y20,b0,b1,y21,y20,,,,,,,,
46,YDDMSACMK,YDDMAACMK,A to S,0,0.999,2,S1,acgb1,b0,b1,y10,y9,b0,b1,y10,y9,,393.233536,,,,393.233536,,
47,HMAGAAAAGAVVGGLGGYVLGSAMSR,HMAGAAAAGAVVGGLGGYMLGSAMSR,M to V,2,0.333,3,S1,acgb1,b2,b3,y25,y24,b2,b3,y25,y24,,569.306716,,,,,,
48,AQAGSATLSMAYAGAR,AGAGSATLSMAYAGAR,G to Q,1,0.5,2,S1,acgb1,b1,b2,y16,y15,b1,b2,y16,y15,301.207316,429.26589599999994,,1454.705621,301.207316,358.228776,,1383.668501
49,SGPFGQIFRPDNFTFGQSGAGNNWAK,SGPFGQIFRPDNFVFGQSGAGNNWAK,V to T,3,0.299,3,S1,acgb1,b3,b4,y24,y23,b3,b4,y24,y23,471.276456,618.344866,,,,618.344866,,
50,IYIDDNSK,IYIDDNNK,N to S,0,1.0,2,S1,acgb1,b0,b1,y9,y8,b0,b1,y9,y8,,343.254266,,,,343.254266,,
51,SGPFGQIFRPDNFVFGQSGAGNNDAK,SGPFGQIFRPDNFVFGQSGAGNNWAK,W to D,1,0.484,4,S1,acgb1,b1,b2,y26,y25,b1,b2,y26,y25,317.20223599999997,374.22369599999996,,,317.20223599999997,374.22369599999996,,
52,AGAGSATLNMAYAGAR,AGAGSATLSMAYAGAR,S to N,1,0.016,2,S1,acgb1,b1,b2,y16,y15,b1,b2,y16,y15,301.207316,358.228776,,1426.674301,301.207316,358.228776,,1383.668501
53,SGPFGQIFRPDNFVFGQSGAGNNSAK,SGPFGQIFRPDNFVFGQSGAGNNWAK,W to S,1,0.938,3,S1,acgb1,b1,b2,y26,y25,b1,b2,y26,y25,317.20223599999997,374.22369599999996,,,317.20223599999997,374.22369599999996,,
54,SGPFGQIFRPDNFVFGQSGAGNNDAK,SGPFGQIFRPDNFVFGQSGAGNNWAK,W to D,1,0.48,3,S1,acgb1,b1,b2,y26,y25,b1,b2,y26,y25,317.20223599999997,374.22369599999996,,,317.20223599999997,374.22369599999996,,
55,ILTITGPTDAIFK,IVTITGPTDAIFK,V to I/L,0,0.991,2,S1,acgb1,b0,b1,y14,y13,b0,b1,y14,y13,,343.254266,,,,343.254266,,
56,SGPFGQLFRPDNFTFGQTGAGNNWAK,SGPFGQLFRPDNFIFGQTGAGNNWAK,I to T,1,0.828,3,S1,acgb1,b1,b2,y26,y25,b1,b2,y26,y25,317.20223599999997,374.22369599999996,,,,374.22369599999996,,
57,LAAENGWGVMVSHR,LAQENGWGVMVSHR,Q to A,1,0.01,3,S1,acgb1,b1,b2,y14,y13,b1,b2,y14,y13,343.254266,,,,343.254266,414.29137599999996,,
58,FISNSEK,FIWNSEK,W to S,0,1.0,2,S1,acgb1,b0,b1,y8,y7,b0,b1,y8,y7,,377.238616,,,,377.238616,,
59,QDLSILVAK,QDLPILVAK,P to S,0,0.998,2,S1,acgb1,b0,b1,y10,y9,b0,b1,y10,y9,,358.22878599999996,,,,358.22878599999996,,
60,VGSSMRPLLQAQGLTPSER,VGSSMRPLLQAQGLAPSER,A to T,0,0.998,3,S1,acgb1,b0,b1,y20,y19,b0,b1,y20,y19,,329.238616,,,,329.238616,,
61,QYTWGVAEVENGEHCDFTILR,QYPWGVAEVENGEHCDFTILR,P to T,2,0.244,3,S1,acgb1,b2,b3,y20,y19,b2,b3,y20,y19,521.2921160000001,,,,521.2921160000001,,,
62,SGPFGQIFRPDNFVFGQSGAGNNSAK,SGPFGQIFRPDNFVFGQSGAGNNWAK,W to S,0,0.998,3,S1,acgb1,b0,b1,y27,y26,b0,b1,y27,y26,,317.20223599999997,,,,317.20223599999997,,
63,DVTNDVHYENYR,DVTCDVHYENYR,C to N,1,0.955,3,S1,acgb1,b1,b2,y12,y11,b1,b2,y12,y11,345.197146,444.265556,,1409.644411,345.197146,444.265556,,1455.632131
64,LAQEGGWGVMVSHR,LAQENGWGVMVSHR,N to G,1,0.324,3,S1,acgb1,b1,b2,y14,y13,b1,b2,y14,y13,343.254266,,,,343.254266,414.29137599999996,,
65,STVGLDFK,STVGVDFK,V to I/L,0,0.998,2,S1,acgb1,b0,b1,y9,y8,b0,b1,y9,y8,,317.20223599999997,,,,317.20223599999997,,
66,YPIEHGIITNSDDMEK,YPIEHGIITNWDDMEK,W to S,0,0.986,3,S1,acgb1,b0,b1,y17,y16,b0,b1,y17,y16,,393.233536,,,,393.233536,,
67,FFESFGDLSGPDAVMGNPK,FFESFGDLSTPDAVMGNPK,T to G,1,0.984,3,S1,acgb1,b1,b2,y19,y18,b1,b2,y19,y18,377.238616,524.3070260000001,,,,,,
68,MWSIEMIAFGSGGGLLQK,MWSIENIAFGSGGGLLQK,N to M,5,0.165,3,S1,acgb1,b5,b6,y14,y13,b5,b6,y14,y13,,1007.489176,,,876.448686,990.491616,1619.895401,1490.852811
69,MASTFIGNSTAIQMLFK,MASTFIGNSTAIQELFK,E to M,0,0.997,3,S1,acgb1,b0,b1,y18,y17,b0,b1,y18,y17,,361.210696,,,,361.210696,,
70,LTTPTYEDLNHLVSATMSGVTTCLR,LTTPTYGDLNHLVSATMSGVTTCLR,G to E,6,0.123,3,S1,acgb1,b6,b7,y20,y19,b6,b7,y20,y19,,,,,,,,
71,AYHEQLSTAEITNACFEPANQMVK,AYHEQLSVAEITNACFEPANQMVK,V to T,7,0.089,3,S1,acgb1,b7,b8,y18,y17,b7,b8,y18,y17,,1159.5944960000002,,,,1157.6152260000001,,
72,FTVGDHSR,FTIGDHSR,I to V,0,1.0,3,S1,acgb1,b0,b1,y9,y8,b0,b1,y9,y8,,377.238616,,,,377.238616,,
73,LASENGWGVMVSHR,LAQENGWGVMVSHR,Q to S,2,0.167,3,S1,acgb1,b2,b3,y13,y12,b2,b3,y13,y12,414.29137599999996,,,1358.6269810000001,414.29137599999996,542.349956,,
74,LAAENGWGVMVSHR,LAQENGWGVMVSHR,Q to A,2,0.167,3,S1,acgb1,b2,b3,y13,y12,b2,b3,y13,y12,,,,,414.29137599999996,542.349956,,
75,EQVLYVGSK,EGVLYVGSK,G to Q,1,0.199,2,S1,acgb1,b1,b2,y9,y8,b1,b2,y9,y8,359.21279599999997,487.271376,,1122.672011,359.21279599999997,416.23425599999996,,1051.6348910000002
76,YPIEHGIITNSDDMEK,YPIEHGIITNWDDMEK,W to S,1,0.978,3,S1,acgb1,b1,b2,y16,y15,b1,b2,y16,y15,393.233536,,,,393.233536,490.28629599999994,,
77,LDEHQGESTAPCTSSILQEK,LDEHQGEGTAPCTSSILQEK,G to S,0,0.04,3,S1,acgb1,b0,b1,y21,y20,b0,b1,y21,y20,,,,,,,,
78,FFESFQDLSTPDAVMGNPK,FFESFGDLSTPDAVMGNPK,G to Q,5,0.1,3,S1,acgb1,b5,b6,y15,y14,b5,b6,y15,y14,887.450056,,,1701.8678810000001,,,1777.899171,1630.830761
79,SIQFVDSCPTGFK,SIQFVDWCPTGFK,W to S,0,1.0,2,S1,acgb1,b0,b1,y14,y13,b0,b1,y14,y13,,317.20223599999997,,,,,,
80,SIQFVDDCPTGFK,SIQFVDWCPTGFK,W to D,0,0.998,2,S1,acgb1,b0,b1,y14,y13,b0,b1,y14,y13,,317.20223599999997,,,,,,
81,TIQFVDSCPTGFK,TIQFVDWCPTGFK,W to S,0,0.992,2,S1,acgb1,b0,b1,y14,y13,b0,b1,y14,y13,,331.21788599999996,,,,331.21788599999996,,
82,LLLAGYDDFNCNPWDALK,LLLAGYDDFNCNVWDALK,V to P,1,0.01,3,S1,acgb1,b1,b2,y18,y17,b1,b2,y18,y17,343.254266,456.338326,,,,456.338326,,
83,LLLAGYDDFNCNPWDALK,LLLAGYDDFNCNVWDALK,V to P,1,0.016,3,S1,acgb1,b1,b2,y18,y17,b1,b2,y18,y17,343.254266,456.338326,,,,456.338326,,
84,AGGVFLEELGNHK,AGQVFLEELGNHK,Q to G,2,0.475,3,S1,acgb1,b2,b3,y12,y11,b2,b3,y12,y11,,415.250236,,,,486.287356,,
85,GLTSIVNEK,GLTSIQNEK,Q to V,0,0.996,2,S1,acgb1,b0,b1,y10,y9,b0,b1,y10,y9,,287.191666,,,,287.191666,,
86,EQLYTTASLK,EQLYTPASLK,P to T,0,0.499,2,S1,acgb1,b0,b1,y11,y10,b0,b1,y11,y10,,359.21279599999997,,,,,,
87,GMNLNLEPDNVGVVVFGNDK,GMSLNLEPDNVGVVVFGNDK,S to N,2,0.016,3,S1,acgb1,b2,b3,y19,y18,b2,b3,y19,y18,,,,,418.232156,505.26418599999994,,
88,FFESFQDLSTPDAVMGNPK,FFESFGDLSTPDAVMGNPK,G to Q,5,0.046,3,S1,acgb1,b5,b6,y15,y14,b5,b6,y15,y14,887.450056,,,1701.8678810000001,,,1777.899171,1630.830761
89,DLTTGYDSSQPNK,DVTTGYDSSQPNK,V to I/L,0,0.994,2,S1,acgb1,b0,b1,y14,y13,b0,b1,y14,y13,,345.197146,,,,345.197146,,
90,SIQFVDSCPTGFK,SIQFVDWCPTGFK,W to S,0,0.984,2,S1,acgb1,b0,b1,y14,y13,b0,b1,y14,y13,,317.20223599999997,,,,,,
91,NSSYFPEWIPNNVK,NSSYFVEWIPNNVK,V to P,0,0.33,2,S1,acgb1,b0,b1,y15,y14,b0,b1,y15,y14,,344.21313599999996,,,,344.21313599999996,,
92,AGGVFLEELGNHK,AGQVFLEELGNHK,Q to G,0,0.493,3,S1,acgb1,b0,b1,y14,y13,b0,b1,y14,y13,,,,,,,,
93,EDDAALEK,EDMAALEK,M to D,0,1.0,2,S1,acgb1,b0,b1,y9,y8,b0,b1,y9,y8,,359.21279599999997,,,,359.21279599999997,,
94,EANALAAGHPAQAAAINAR,EANALAAGHPAQAVAINAR,V to A,0,0.998,3,S1,acgb1,b0,b1,y20,y19,b0,b1,y20,y19,,359.21279599999997,,,,359.21279599999997,,
95,AFDQGADAIYDHVNEGK,AFDQGADAIYDHINEGK,I to V,1,0.978,3,S1,acgb1,b1,b2,y17,y16,b1,b2,y17,y16,301.207316,448.275726,,,301.207316,448.275726,,
96,ATEQYYSMK,ATEQYYAMK,A to S,0,0.993,2,S1,acgb1,b0,b1,y10,y9,b0,b1,y10,y9,,301.207316,,,,301.207316,,
97,LIISDSYTTNK,LIIWDSYTTNK,W to S,0,1.0,2,S1,acgb1,b0,b1,y12,y11,b0,b1,y12,y11,,343.254266,,,,343.254266,,
98,YVSLIYTNYEAGK,YISLIYTNYEAGK,I to V,0,0.997,2,S1,acgb1,b0,b1,y14,y13,b0,b1,y14,y13,,393.233536,,,,393.233536,,
99,ILAAQGQVSAQGGAQPSVEAPAAPRPTATQLTR,ILAAQGQLSAQGGAQPSVEAPAAPRPTATQLTR,L to V,0,1.0,3,S1,acgb1,b0,b1,y34,y33,b0,b1,y34,y33,,343.254266,,,,343.254266,,
100,TATQEGK,VATQEGK,V to T,0,0.995,2,S1,acgb1,b0,b1,y8,y7,b0,b1,y8,y7,,331.21788599999996,,,,329.238616,,
101,VLGPFSDGLAHLDNLK,VLGAFSDGLAHLDNLK,A to P,3,0.242,3,S1,acgb1,b3,b4,y14,y13,b3,b4,y14,y13,,367.233966,,,499.344136,570.381246,1686.901211,1629.879751
102,ALTFWNEEIVPQIK,ALPFWNEEIVPQIK,P to T,0,0.317,3,S1,acgb1,b0,b1,y15,y14,b0,b1,y15,y14,,301.207316,,,,301.207316,,
103,VLEAFSDGLAHLDNLK,VLGAFSDGLAHLDNLK,G to E,2,0.143,3,S1,acgb1,b2,b3,y15,y14,b2,b3,y15,y14,,342.202336,,,442.32267599999994,499.344136,1799.985271,1686.901211
104,VLEAFSDGLAHLDNLK,VLGAFSDGLAHLDNLK,G to E,2,0.143,3,S1,acgb1,b2,b3,y15,y14,b2,b3,y15,y14,,342.202336,,,442.32267599999994,499.344136,1799.985271,1686.901211
105,QLQEYEDK,QLQELEDK,L to Y,0,0.996,2,S1,acgb1,b0,b1,y9,y8,b0,b1,y9,y8,,,,,,358.22878599999996,,
106,VGINYQPPTVVPGGMLAK,VGINYQPPTVVPGGDLAK,D to M,4,0.164,3,S1,acgb1,b4,b5,y15,y14,b4,b5,y15,y14,613.387066,776.450396,1800.9879310000001,1686.945001,,547.287466,,1670.9314510000002
107,SVATGSSEAAGGASGGGAR,SVATGSSETAGGASGGGAR,T to A,0,0.994,2,S1,acgb1,b0,b1,y20,y19,b0,b1,y20,y19,,,,,,,,
108,LSPQGQQPLNPQSGSPQQQR,LSPQGQQPLSPQSGSPQQQR,S to N,0,1.0,3,S1,acgb1,b0,b1,y21,y20,b0,b1,y21,y20,,343.254266,,,,343.254266,,
109,ILAAQGQVSAQGGAQPSVEAPAAPRPTATQLTR,ILAAQGQLSAQGGAQPSVEAPAAPRPTATQLTR,L to V,0,0.999,4,S1,acgb1,b0,b1,y34,y33,b0,b1,y34,y33,,343.254266,,,,343.254266,,
110,SDTEAEQQQLIDDHFLFDK,SMTEAEQQQLIDDHFLFDK,M to D,1,0.489,3,S1,acgb1,b1,b2,y19,y18,b1,b2,y19,y18,,432.229176,,,,448.242726,,
111,IISNPSCTTNCLAPLAK,IISNASCTTNCLAPLAK,A to P,4,0.2,2,S1,acgb1,b4,b5,y14,y13,b4,b5,y14,y13,428.25035599999995,525.303116,,,657.413286,728.4503960000001,1749.882491,1635.8395610000002
112,AVCMLSNTTAIAESWAR,AVCMLSNTTAIAEAWAR,A to S,0,0.997,2,S1,acgb1,b0,b1,y18,y17,b0,b1,y18,y17,,301.207316,,,,301.207316,,
113,VALPDDHLK,VVLPDDHLK,V to A,0,0.989,3,S1,acgb1,b0,b1,y10,y9,b0,b1,y10,y9,,329.238616,,,,,,
114,YLSTASTMDHAR,YLATASTMDHAR,A to S,0,1.0,3,S1,acgb1,b0,b1,y13,y12,b0,b1,y13,y12,,,,,,393.233536,,
115,VTVSVDTSK,VTMSVDTSK,M to V,2,0.012,2,S1,acgb1,b2,b3,y8,y7,b2,b3,y8,y7,,529.3547060000001,1065.598911,,430.28629599999994,561.3267860000001,1097.570991,996.523311
116,AAAPAPVSEAVSR,AAAPAPVSEAVCR,C to S,1,0.963,2,S1,acgb1,b1,b2,y13,y12,,,,,301.207316,372.244426,,1154.616381,,,,
117,TCSFDFTGAVEDISK,TCGFDFTGAVEDISK,G to S,0,0.249,3,S1,acgb1,b0,b1,y16,y15,b0,b1,y16,y15,,331.21788599999996,,,,331.21788599999996,,
118,ALPFWMEEIVPQIK,ALPFWNEEIVPQIK,N to M,3,0.199,3,S1,acgb1,b3,b4,y12,y11,b3,b4,y12,y11,,658.412546,,,,658.412546,1728.952191,
119,QIDQFASEVER,QIDQFANEVER,N to S,0,0.015,2,S1,acgb1,b0,b1,y12,y11,b0,b1,y12,y11,,358.22878599999996,,,,358.22878599999996,,
120,VLGWFSDGLAHLDNLK,VLGAFSDGLAHLDNLK,A to W,3,0.143,3,S1,acgb1,b3,b4,y14,y13,b3,b4,y14,y13,,,,,499.344136,570.381246,1686.901211,1629.879751
121,VNMDEVGGEALGR,VNVDEVGGEALGR,V to M,0,0.999,2,S1,acgb1,b0,b1,y14,y13,b0,b1,y14,y13,,329.238616,,,,329.238616,,
122,AEGVALTNATGVVESTSQAGDR,AEGVALTNATGAVESTSQAGDR,A to V,0,1.0,3,S1,acgb1,b0,b1,y23,y22,b0,b1,y23,y22,,301.207316,,,,,,
123,TIQFVDSCPTGFK,TIQFVDWCPTGFK,W to S,0,0.956,2,S1,acgb1,b0,b1,y14,y13,b0,b1,y14,y13,,331.21788599999996,,,,331.21788599999996,,
124,FSDGAEGQR,FSWGAEGQR,W to D,0,1.0,2,S1,acgb1,b0,b1,y10,y9,b0,b1,y10,y9,,377.238616,,,,377.238616,,
125,GDSAPAAAK,GDSAPATAK,T to A,0,1.0,2,S1,acgb1,b0,b1,y10,y9,b0,b1,y10,y9,,287.191666,,,,287.191666,,
126,VFEISPFETWITR,VFEISPFEPWITR,P to T,0,0.096,3,S1,acgb1,b0,b1,y14,y13,b0,b1,y14,y13,,,,,,329.238616,,
127,KDEAPAAPAAQETK,KTEAPAAPAAQETK,T to D,1,0.025,3,S1,acgb1,b1,b2,y14,y13,b1,b2,y14,y13,,,,,,,,1513.8059210000001
128,GVDAQGTLGK,GVDAQGTLSK,S to G,0,0.016,2,S1,acgb1,b0,b1,y11,y10,b0,b1,y11,y10,,287.191666,,,,287.191666,,
129,NYTSMYDK,NYTSVYDK,V to M,0,0.999,2,S1,acgb1,b0,b1,y9,y8,b0,b1,y9,y8,,344.21313599999996,,,,344.21313599999996,,
130,QIDQFASEVER,QIDQFANEVER,N to S,0,0.988,2,S1,acgb1,b0,b1,y12,y11,b0,b1,y12,y11,,358.22878599999996,,,,358.22878599999996,,
131,DCEQAENSMAAR,DCEQAENWMAAR,W to S,1,0.5,2,S1,acgb1,b1,b2,y12,y11,b1,b2,y12,y11,345.197146,505.227796,,1266.520141,345.197146,505.227796,,1365.567421
132,WLTLEANPEVTNQFLK,WLPLEANPEVTNQFLK,P to T,0,0.199,3,S1,acgb1,b0,b1,y17,y16,b0,b1,y17,y16,,,,,,416.24951599999997,,
133,ETPPATEAPSSTPK,ETPAATEAPSSTPK,A to P,3,0.2,2,S1,acgb1,b3,b4,y12,y11,b3,b4,y12,y11,,425.203066,,,557.3132360000001,628.3503460000001,1385.747351,1288.694591
134,SDEAPASDSKPGSSEAAPSSK,SDGAPASDSKPGSSEAAPSSK,G to E,2,0.332,3,S1,acgb1,b2,b3,y20,y19,b2,b3,y20,y19,,332.108836,,,432.229176,489.25063599999993,,
135,TTWGIIEVENLNHCEFALLR,TPWGIIEVENLNHCEFALLR,P to T,0,0.249,3,S1,acgb1,b0,b1,y21,y20,b0,b1,y21,y20,,331.21788599999996,,,,331.21788599999996,,
136,LVTSPCCIVTSTYGWTAMMER,LVTSPCCIVTSTYGWTANMER,N to M,3,0.2,3,S1,acgb1,b3,b4,y19,y18,b3,b4,y19,y18,543.370356,630.402386,,,543.370356,630.402386,,
137,NTGQGCVCSNQFLVQR,NTGQTCVCSNQFLVQR,T to G,0,0.025,2,S1,acgb1,b0,b1,y17,y16,b0,b1,y17,y16,,344.21313599999996,,,,344.21313599999996,,
138,VPTANPSVVDLTCR,VPTANVSVVDLTCR,V to P,1,0.49,3,S1,acgb1,b1,b2,y14,y13,b1,b2,y14,y13,329.238616,,,,329.238616,,,1431.726021
139,PMVALIDVFHQYSGR,AMVALIDVFHQYSGR,A to P,0,0.013,3,S1,acgb1,b0,b1,y16,y15,b0,b1,y16,y15,,,,,,301.207316,,
140,IEMLLTEWNK,IETLLTEWNK,T to M,2,0.016,3,S1,acgb1,b2,b3,y9,y8,b2,b3,y9,y8,,603.337346,,,472.296856,573.3445360000001,1362.746631,1233.704041
141,SQDENPVVHFFK,TQDENPVVHFFK,T to S,0,0.332,3,S1,acgb1,b0,b1,y13,y12,b0,b1,y13,y12,,317.20223599999997,,,,331.21788599999996,,
142,AEGAPNQGK,AEGTPNQGK,T to A,0,1.0,2,S1,acgb1,b0,b1,y10,y9,b0,b1,y10,y9,,301.207316,,,,301.207316,,
143,QTFATLSELHCDK,GTFATLSELHCDK,G to Q,0,0.329,3,S1,acgb1,b0,b1,y14,y13,b0,b1,y14,y13,,,,,,287.191666,,
144,KLEALLASNDNANK,KLEALMASNDNANK,M to I/L,1,0.972,3,S1,acgb1,b1,b2,y14,y13,b1,b2,y14,y13,,,,,,,,
145,VLQAFSDGLAHLDNLK,VLGAFSDGLAHLDNLK,G to Q,2,0.017,3,S1,acgb1,b2,b3,y15,y14,b2,b3,y15,y14,,570.381256,,,442.32267599999994,499.344136,1799.985271,1686.901211
146,DNFFIELGQTQWLK,DNFFIELGQPQWLK,P to T,0,0.016,3,S1,acgb1,b0,b1,y15,y14,b0,b1,y15,y14,,,,,,345.197146,,
147,TTWGIIEVENLNHCEFALLR,TPWGIIEVENLNHCEFALLR,P to T,1,0.333,3,S1,acgb1,b1,b2,y20,y19,b1,b2,y20,y19,331.21788599999996,,,,331.21788599999996,,,
148,NEPIQAAHDAVAQEGQCR,NEAIQAAHDAVAQEGQCR,A to P,2,0.333,2,S1,acgb1,b2,b3,y17,y16,b2,b3,y17,y16,,341.145556,,,,315.12990599999995,,1724.813261
149,TCSFDFTGAVEDISK,TCGFDFTGAVEDISK,G to S,0,1.0,2,S1,acgb1,b0,b1,y16,y15,b0,b1,y16,y15,,331.21788599999996,,,,331.21788599999996,,
150,GTDWILGEIK,GPDWILGEIK,P to T,1,0.205,3,S1,acgb1,b1,b2,y10,y9,b1,b2,y10,y9,287.191666,,,1303.745891,287.191666,384.244426,,1299.750971
151,GDSAPAAAK,GDSAPATAK,T to A,0,1.0,2,S1,acgb1,b0,b1,y10,y9,b0,b1,y10,y9,,287.191666,,,,287.191666,,
152,NRPTSISSDGLDSGK,NRPTSISWDGLDSGK,W to S,0,0.115,3,S1,acgb1,b0,b1,y16,y15,b0,b1,y16,y15,,344.21313599999996,,,,344.21313599999996,,
153,NRPTSISDDGLDSGK,NRPTSISWDGLDSGK,W to D,0,1.0,3,S1,acgb1,b0,b1,y16,y15,b0,b1,y16,y15,,344.21313599999996,,,,344.21313599999996,,
154,QTAASAGLVDAPAAAPAAAR,QTAASAGLVDAPAPAPAAAR,P to A,0,0.5,3,S1,acgb1,b0,b1,y21,y20,b0,b1,y21,y20,,358.22878599999996,,,,358.22878599999996,,
155,DNEDGLTPEQR,MNEDGLTPEQR,M to D,0,0.985,2,S1,acgb1,b0,b1,y12,y11,b0,b1,y12,y11,,345.197146,,,,361.210696,,
156,SDSELNNEVAAR,SDSELNSEVAAR,S to N,0,0.983,2,S1,acgb1,b0,b1,y13,y12,b0,b1,y13,y12,,317.20223599999997,,,,317.20223599999997,,
157,TTTTGWTLDQCIQTGVDNPGHPFIK,TTPTGWTLDQCIQTGVDNPGHPFIK,P to T,2,0.014,4,S1,acgb1,b2,b3,y24,y23,b2,b3,y24,y23,432.265566,,,,432.265566,,,
158,HLGGITWTYAEDAVPTLTPCR,HLGGIPWTYAEDAVPTLTPCR,P to T,0,0.168,3,S1,acgb1,b0,b1,y22,y21,b0,b1,y22,y21,,367.229116,,,,367.229116,,
159,IVSAGEQQSPQPVSSALSWTITGGR,IVSAGEQQSPQPVSSALSWPITGGR,P to T,5,0.02,3,S1,acgb1,b5,b6,y21,y20,b5,b6,y21,y20,,786.455866,,,,786.455866,,
160,LYTWGIVEVENQAHCDFVK,LYPWGIVEVENQAHCDFVK,P to T,0,0.492,3,S1,acgb1,b0,b1,y20,y19,b0,b1,y20,y19,,343.254266,,,,343.254266,,
161,QTAASAGLVDAPAAAPAAAR,QTAASAGLVDAPAPAPAAAR,P to A,0,0.49,2,S1,acgb1,b0,b1,y21,y20,b0,b1,y21,y20,,358.22878599999996,,,,358.22878599999996,,
162,QTMTGHESDINAICFFPNGNAFATGSDDATCR,QTFTGHESDINAICFFPNGNAFATGSDDATCR,F to M,2,0.035,3,S1,acgb1,b2,b3,y31,y30,b2,b3,y31,y30,,,,,,606.344876,,
163,DYEFMWNTHLGYILTCPSNLGTGLR,DYEFMWNPHLGYILTCPSNLGTGLR,P to T,3,0.324,3,S1,acgb1,b3,b4,y23,y22,b3,b4,y23,y22,637.3030660000001,784.371476,,,637.3030660000001,784.371476,,
164,LHPDPENFR,LHVDPENFR,V to P,2,0.333,3,S1,acgb1,b2,b3,y8,y7,b2,b3,y8,y7,,577.365936,,,480.31317599999994,579.381586,,876.4209910000001
165,QFGIPTIGEEK,QFGIVTIGEEK,V to P,2,0.327,3,S1,acgb1,b2,b3,y10,y9,b2,b3,y10,y9,505.29719599999993,562.318656,1319.740801,1172.672391,505.29719599999993,562.318656,1321.756451,1174.688041
166,QFQIVTIGEEK,QFGIVTIGEEK,G to Q,0,0.997,3,S1,acgb1,b0,b1,y12,y11,b0,b1,y12,y11,,,,,,358.22878599999996,,
167,LLIEDEQR,LLIEMEQR,M to D,0,1.0,2,S1,acgb1,b0,b1,y9,y8,b0,b1,y9,y8,,343.254266,,,,343.254266,,
168,STESLQTNVQR,STESLQANVQR,A to T,0,0.995,2,S1,acgb1,b0,b1,y12,y11,b0,b1,y12,y11,,317.20223599999997,,,,317.20223599999997,,
169,NMQNAEESFK,NMQNAEEWFK,W to S,0,0.993,2,S1,acgb1,b0,b1,y11,y10,b0,b1,y11,y10,,344.21313599999996,,,,344.21313599999996,,
170,HLGGITWTYAEDAVPTLTPCR,HLGGIPWTYAEDAVPTLTPCR,P to T,0,0.247,3,S1,acgb1,b0,b1,y22,y21,b0,b1,y22,y21,,367.229116,,,,367.229116,,
171,TTTTGWTLDQCIQTGVDNPGHPFIK,TTPTGWTLDQCIQTGVDNPGHPFIK,P to T,0,0.248,3,S1,acgb1,b0,b1,y26,y25,b0,b1,y26,y25,,331.21788599999996,,,,331.21788599999996,,
172,SADCSVEEETWK,SADCSVEEEPWK,P to T,0,0.022,3,S1,acgb1,b0,b1,y13,y12,b0,b1,y13,y12,,,,,,317.20223599999997,,
173,GCEENLDEAR,GSEENLDEAR,S to C,1,0.96,2,S1,acgb1,b1,b2,y10,y9,b1,b2,y10,y9,287.191666,447.22231600000003,,1135.468411,287.191666,374.22369599999996,,1062.469791
174,ELVDDSLNNVR,ELVDDSVNNVR,V to I/L,0,1.0,2,S1,acgb1,b0,b1,y12,y11,b0,b1,y12,y11,,359.21279599999997,,,,359.21279599999997,,
175,TQTDSEAQESTATSDETK,TQTDSEVQESTATSDETK,V to A,6,0.47,3,S1,acgb1,b6,b7,y13,y12,b6,b7,y13,y12,891.425706,962.462816,1625.770341,1496.7277510000001,891.425706,990.494116,1653.801641,1524.759051
176,VAPEEHPVLLTEAPVNPK,VAPEEHPVLLTEAPLNPK,L to V,1,0.034,3,S1,acgb1,b1,b2,y18,y17,b1,b2,y18,y17,329.238616,,,,329.238616,400.275726,,
177,DIQAIAQVHAENGDIIAEEQQR,DIGAIAQVHAENGDIIAEEQQR,G to Q,2,0.248,3,S1,acgb1,b2,b3,y21,y20,b2,b3,y21,y20,,586.339786,,,458.28120599999994,515.302666,,
178,VLMEDDDLYSCVVENPISQGR,VLMEDDDLYSCMVENPISQGR,M to V,0,0.999,3,S1,acgb1,b0,b1,y22,y21,b0,b1,y22,y21,,,,,,,,
179,YVSLIYTNYEAGKDDYVK,YISLIYTNYEAGKDDYVK,I to V,1,0.984,3,S1,acgb1,b1,b2,y18,y17,b1,b2,y18,y17,393.233536,492.301946,,,393.233536,506.3175959999999,,
180,FPDLTDAAAR,FADLTDAAAR,A to P,1,0.964,2,S1,acgb1,b1,b2,y10,y9,b1,b2,y10,y9,,245.128446,,929.4686610000001,,219.112796,,903.4530110000001
181,PEMMELNDR,AEMMELNDR,A to P,0,0.5,2,S1,acgb1,b0,b1,y10,y9,b0,b1,y10,y9,,,,,,301.207316,,
182,EIIEGAIR,EIIEGCIR,C to A,0,0.992,2,S1,acgb1,b0,b1,y9,y8,b0,b1,y9,y8,,359.21279599999997,,,,359.21279599999997,,
183,FPDLTDAAAR,FADLTDAAAR,A to P,1,0.62,2,S1,acgb1,b1,b2,y10,y9,b1,b2,y10,y9,,245.128446,,929.4686610000001,,219.112796,,903.4530110000001
184,DKGDGEEEGEEK,DKGDEEEEGEEK,E to G,0,0.987,3,S1,acgb1,b0,b1,y13,y12,b0,b1,y13,y12,,345.197146,,,,345.197146,,
185,GCEENLDEAR,GSEENLDEAR,S to C,0,0.998,2,S1,acgb1,b0,b1,y11,y10,b0,b1,y11,y10,,287.191666,,,,287.191666,,
186,DKDSPETEESPAPEPR,DKDSPETEENPAPEPR,N to S,1,0.5,3,S1,acgb1,b1,b2,y16,y15,b1,b2,y16,y15,345.197146,,,,345.197146,,,
187,ELVDDSLNNVR,ELVDDSVNNVR,V to I/L,0,0.996,2,S1,acgb1,b0,b1,y12,y11,b0,b1,y12,y11,,359.21279599999997,,,,359.21279599999997,,
188,PEGAATEEEGTPK,AEGAATEEEGTPK,A to P,0,0.498,2,S1,acgb1,b0,b1,y14,y13,b0,b1,y14,y13,,,,,,301.207316,,
189,DTEEEDFHVDQATTVK,DTEEEDFHVDQVTTVK,V to A,0,0.999,3,S1,acgb1,b0,b1,y17,y16,b0,b1,y17,y16,,,,,,345.197146,,
190,ALPNSEDLVK,ALPSSEDLVK,S to N,0,0.992,2,S1,acgb1,b0,b1,y11,y10,b0,b1,y11,y10,,301.207316,,,,301.207316,,
191,DSPETEESPAPEPR,DSPETEENPAPEPR,N to S,0,1.0,2,S1,acgb1,b0,b1,y15,y14,b0,b1,y15,y14,,345.197146,,,,345.197146,,
192,EPGEGGEAEAPAAEGGK,EAGEGGEAEAPAAEGGK,A to P,1,0.499,2,S1,acgb1,b1,b2,y17,y16,b1,b2,y17,y16,,,,,359.21279599999997,430.24990599999995,,1629.7917009999999
193,EPGEGGEAEAPAAEGGK,EAGEGGEAEAPAAEGGK,A to P,1,0.499,2,S1,acgb1,b1,b2,y17,y16,b1,b2,y17,y16,,,,,359.21279599999997,430.24990599999995,,1629.7917009999999
194,GYPGVQGPEDLEWER,GYPGVQAPEDLEWER,A to G,0,1.0,2,S1,acgb1,b0,b1,y16,y15,b0,b1,y16,y15,,287.191666,,,,287.191666,,
195,APFVDLEPTVIDEVR,AVFVDLEPTVIDEVR,V to P,1,0.01,2,S1,acgb1,b1,b2,y15,y14,b1,b2,y15,y14,,398.26007599999997,,,301.207316,400.275726,,1630.868621
196,FPDLTDAAAR,FADLTDAAAR,A to P,0,0.998,2,S1,acgb1,b0,b1,y11,y10,b0,b1,y11,y10,,,,,,,,
197,FPDLTDAAAR,FADLTDAAAR,A to P,0,0.994,2,S1,acgb1,b0,b1,y11,y10,b0,b1,y11,y10,,,,,,,,
198,LLEGEEDR,LLEGEEER,E to D,0,1.0,2,S1,acgb1,b0,b1,y9,y8,b0,b1,y9,y8,,343.254266,,,,343.254266,,
199,EPFSLFDK,EAFSLFDK,A to P,1,0.5,2,S1,acgb1,b1,b2,y8,y7,b1,b2,y8,y7,,227.102626,,,359.21279599999997,430.24990599999995,,1056.592691
200,EPFSLFDK,EAFSLFDK,A to P,1,0.5,2,S1,acgb1,b1,b2,y8,y7,b1,b2,y8,y7,,227.102626,,,359.21279599999997,430.24990599999995,,1056.592691
201,AEDEENEK,AEAEENEK,A to D,0,1.0,2,S1,acgb1,b0,b1,y9,y8,b0,b1,y9,y8,,301.207316,,,,301.207316,,
202,DKDSPETEESPAPEPR,DKDSPETEENPAPEPR,N to S,1,0.5,3,S1,acgb1,b1,b2,y16,y15,b1,b2,y16,y15,345.197146,,,,345.197146,,,
203,PDDPTMGEGPDK,ADDPTMGEGPDK,A to P,0,0.25,2,S1,acgb1,b0,b1,y13,y12,b0,b1,y13,y12,,,,,,301.207316,,
204,ELVDDSLNNVR,ELVDDSVNNVR,V to I/L,0,0.997,2,S1,acgb1,b0,b1,y12,y11,b0,b1,y12,y11,,359.21279599999997,,,,359.21279599999997,,
205,APQEADAFMGVESGHVK,APQEADAFMGVESGHMK,M to V,0,0.999,3,S1,acgb1,b0,b1,y18,y17,b0,b1,y18,y17,,301.207316,,,,301.207316,,
206,PVFVDLEPTVIDEVR,AVFVDLEPTVIDEVR,A to P,0,0.499,2,S1,acgb1,b0,b1,y16,y15,b0,b1,y16,y15,,,,,,301.207316,,
207,DSPETEESPAPEPR,DSPETEENPAPEPR,N to S,0,1.0,2,S1,acgb1,b0,b1,y15,y14,b0,b1,y15,y14,,345.197146,,,,345.197146,,
208,EPGEGGEAEAPAAEGGK,EAGEGGEAEAPAAEGGK,A to P,1,0.25,2,S1,acgb1,b1,b2,y17,y16,b1,b2,y17,y16,,,,,359.21279599999997,430.24990599999995,,1629.7917009999999
209,EPGEGGEAEAPAAEGGK,EAGEGGEAEAPAAEGGK,A to P,1,0.25,2,S1,acgb1,b1,b2,y17,y16,b1,b2,y17,y16,,,,,359.21279599999997,430.24990599999995,,1629.7917009999999
210,PVFVDLEPTVIDEVR,AVFVDLEPTVIDEVR,A to P,0,0.498,2,S1,acgb1,b0,b1,y16,y15,b0,b1,y16,y15,,,,,,301.207316,,
211,GYPGVQGPEDLEWER,GYPGVQAPEDLEWER,A to G,0,0.332,2,S1,acgb1,b0,b1,y16,y15,b0,b1,y16,y15,,287.191666,,,,287.191666,,
212,APFVDLEPTVIDEVR,AVFVDLEPTVIDEVR,V to P,1,0.5,2,S1,acgb1,b1,b2,y15,y14,b1,b2,y15,y14,,398.26007599999997,,,301.207316,400.275726,,1630.868621
213,TQTDSEAQESTATSDETK,TQTDSEVQESTATSDETK,V to A,1,0.983,2,S1,acgb1,b1,b2,y18,y17,b1,b2,y18,y17,331.21788599999996,459.27646599999997,,,,459.27646599999997,,
214,VELSEQQLQLWTSDVDK,VELSEQQLQLWPSDVDK,P to T,1,0.011,2,S1,acgb1,b1,b2,y17,y16,b1,b2,y17,y16,,458.28120599999994,,,,458.28120599999994,,
215,APQEADAFMGVESGHVK,APQEADAFMGVESGHMK,M to V,0,1.0,3,S1,acgb1,b0,b1,y18,y17,b0,b1,y18,y17,,301.207316,,,,301.207316,,
216,APQEADAFMGVESGHVK,APQEADAFMGVESGHMK,M to V,1,0.922,3,S1,acgb1,b1,b2,y17,y16,b1,b2,y17,y16,301.207316,,,,301.207316,,,
217,ALPNSEDLVK,ALPSSEDLVK,S to N,0,0.997,2,S1,acgb1,b0,b1,y11,y10,b0,b1,y11,y10,,301.207316,,,,301.207316,,
218,YLTLDSFDAMFR,YLTLDGFDAMFR,G to S,0,0.013,2,S1,acgb1,b0,b1,y13,y12,b0,b1,y13,y12,,393.233536,,,,393.233536,,
219,DDDTAALVVDNGSGMCK,DDDIAALVVDNGSGMCK,I to T,3,0.48,2,S1,acgb1,b3,b4,y15,y14,b3,b4,y15,y14,388.098696,,,,388.098696,501.182756,,
220,DDDIAASVVDNGSGMCK,DDDIAALVVDNGSGMCK,L to S,0,0.985,2,S1,acgb1,b0,b1,y18,y17,b0,b1,y18,y17,,,,,,,,
0,PGAHAGEYGAEALER,VGAHAGEYGAEALER,V to P,0,0.333,3,S2,acgb2,b0,b1,y16,y15,b0,b1,y16,y15,,327.222966,,,,329.238616,,
1,SLPSATEDAK,TLPSATEDAK,T to S,0,0.984,2,S2,acgb2,b0,b1,y11,y10,b0,b1,y11,y10,,317.20223599999997,,,,331.21788599999996,,
2,SGSAETESATK,AGSAETESATK,A to S,0,0.978,2,S2,acgb2,b0,b1,y12,y11,b0,b1,y12,y11,,317.20223599999997,,,,301.207316,,
3,DFTPVGTTELGR,DFTPVCTTELGR,C to G,0,0.968,2,S2,acgb2,b0,b1,y13,y12,b0,b1,y13,y12,,345.197146,,,,345.197146,,
4,NQSQLSADDLK,NQWQLSADDLK,W to S,0,0.991,2,S2,acgb2,b0,b1,y12,y11,b0,b1,y12,y11,,344.21313599999996,,,,344.21313599999996,,
5,LSGDSGIQECFNR,LWGDSGIQECFNR,W to S,0,0.993,2,S2,acgb2,b0,b1,y14,y13,b0,b1,y14,y13,,343.254266,,,,343.254266,,
6,KAEGVALTNATGVVESTSQAGDR,KAEGVALTNATGAVESTSQAGDR,A to V,0,0.982,3,S2,acgb2,b0,b1,y24,y23,b0,b1,y24,y23,,587.428096,,,,587.428096,,
7,LYTWGVVEVENPEHNDFLK,LYPWGVVEVENPEHNDFLK,P to T,0,0.402,3,S2,acgb2,b0,b1,y20,y19,b0,b1,y20,y19,,343.254266,,,,343.254266,,
8,AATYWITAPQNLVLSPGEDGTLICR,AAPYWITAPQNLVLSPGEDGTLICR,P to T,0,0.03,3,S2,acgb2,b0,b1,y26,y25,b0,b1,y26,y25,,301.207316,,,,301.207316,,
9,LLQNVLVCVLAHHFGK,LLGNVLVCVLAHHFGK,G to Q,2,0.248,4,S2,acgb2,b2,b3,y15,y14,b2,b3,y15,y14,,,,,456.338326,513.359786,1893.072981,1779.988921
10,SAVTALSGK,SAVTALWGK,W to S,0,1.0,2,S2,acgb2,b0,b1,y10,y9,b0,b1,y10,y9,,317.20223599999997,,,,317.20223599999997,,
11,AGPHLQGGAK,AGAHLQGGAK,A to P,0,0.994,2,S2,acgb2,b0,b1,y11,y10,b0,b1,y11,y10,,,,,,301.207316,,
12,LLVVYTWTQR,LLVVYPWTQR,P to T,0,0.982,2,S2,acgb2,b0,b1,y11,y10,b0,b1,y11,y10,,343.254266,,,,343.254266,,
13,PVAGVANALAHK,VVAGVANALAHK,V to P,0,0.976,2,S2,acgb2,b0,b1,y13,y12,b0,b1,y13,y12,,327.222966,,,,329.238616,,
14,MYGVLPSNAFPGK,MYGVLPWNAFPGK,W to S,1,0.016,2,S2,acgb2,b1,b2,y13,y12,b1,b2,y13,y12,361.210696,524.274026,,1478.820451,361.210696,524.274026,,1577.867731
15,WLTAAATFPVQDPASGAALGMVADCGVR,WLPAAATFPVQDPASGAALGMVADCGVR,P to T,2,0.029,3,S2,acgb2,b2,b3,y27,y26,b2,b3,y27,y26,,,,,529.333576,,,
16,FYLGGPTSVR,FYLGGPTSIR,I to V,0,0.839,2,S2,acgb2,b0,b1,y11,y10,b0,b1,y11,y10,,377.238616,,,,377.238616,,
17,ALQASALSAWR,ALQASALNAWR,N to S,0,0.993,2,S2,acgb2,b0,b1,y12,y11,b0,b1,y12,y11,,301.207316,,,,301.207316,,
18,IYIDDNSK,IYIDDNNK,N to S,0,0.995,2,S2,acgb2,b0,b1,y9,y8,b0,b1,y9,y8,,343.254266,,,,343.254266,,
19,AHAFVVQQK,AHAFAVQQK,A to V,0,0.5,2,S2,acgb2,b0,b1,y10,y9,b0,b1,y10,y9,,,,,,301.207316,,
20,LLVVYTWTQR,LLVVYPWTQR,P to T,0,0.488,2,S2,acgb2,b0,b1,y11,y10,b0,b1,y11,y10,,343.254266,,,,343.254266,,
21,QVTSTASTFVK,QATSTASTFVK,A to V,1,0.987,2,S2,acgb2,b1,b2,y11,y10,b1,b2,y11,y10,358.22878599999996,457.297196,,1269.725171,358.22878599999996,429.26589599999994,,1241.6938710000002
22,HMAGAAAAGAVVGGLGGYVLGSAMSR,HMAGAAAAGAVVGGLGGYMLGSAMSR,M to V,2,0.494,3,S2,acgb2,b2,b3,y25,y24,b2,b3,y25,y24,,569.306716,,,,569.306716,,
23,FQLGNSGPNSTIK,FQLSNSGPNSTIK,S to G,1,0.497,2,S2,acgb2,b1,b2,y13,y12,b1,b2,y13,y12,377.238616,505.29719599999993,,1444.795711,377.238616,505.29719599999993,,1474.8062810000001
24,HMAGAAAAGAVVGGLGGYVLGSAMSR,HMAGAAAAGAVVGGLGGYMLGSAMSR,M to V,0,1.0,3,S2,acgb2,b0,b1,y27,y26,b0,b1,y27,y26,,367.229116,,,,,,
25,APQAQPTPGPGPAGVK,APQAQPAPGPGPAGVK,A to T,1,0.536,2,S2,acgb2,b1,b2,y16,y15,b1,b2,y16,y15,301.207316,398.26007599999997,,1630.9113810000001,301.207316,398.26007599999997,,1600.900811
26,QALQNIIPASTGAAK,GALQNIIPASTGAAK,G to Q,0,0.012,2,S2,acgb2,b0,b1,y16,y15,b0,b1,y16,y15,,358.22878599999996,,,,287.191666,,
27,AQGPAASAEEPKPVEVPAANSDQTVTVK,AQGPAASAEEPKPVEAPAANSDQTVTVK,A to V,0,0.999,3,S2,acgb2,b0,b1,y29,y28,b0,b1,y29,y28,,,,,,,,
28,LVVGQNGILSTPAVSCIIR,LVIGQNGILSTPAVSCIIR,I to V,0,1.0,2,S2,acgb2,b0,b1,y20,y19,b0,b1,y20,y19,,343.254266,,,,343.254266,,
29,LPVNMVPFPR,LAVNMVPFPR,A to P,1,0.5,2,S2,acgb2,b1,b2,y10,y9,b1,b2,y10,y9,,211.144096,,1056.5658810000002,343.254266,414.29137599999996,,1030.5502310000002
30,LPVNMVPFPR,LAVNMVPFPR,A to P,1,0.988,2,S2,acgb2,b1,b2,y10,y9,b1,b2,y10,y9,,211.144096,,1056.5658810000002,343.254266,414.29137599999996,,1030.5502310000002
31,FAGYIEK,FASYIEK,S to G,0,1.0,2,S2,acgb2,b0,b1,y8,y7,b0,b1,y8,y7,,377.238616,,,,377.238616,,
32,ESFLQAAK,EWFLQAAK,W to S,0,0.994,2,S2,acgb2,b0,b1,y9,y8,b0,b1,y9,y8,,359.21279599999997,,,,359.21279599999997,,
33,ITSSNPPAQGAR,ITWSNPPAQGAR,W to S,0,1.0,2,S2,acgb2,b0,b1,y13,y12,b0,b1,y13,y12,,343.254266,,,,343.254266,,
34,VFTSSTGGGAAASR,VFTSWTGGGAAASR,W to S,1,0.494,2,S2,acgb2,b1,b2,y14,y13,,,,,329.238616,476.307026,,1169.554521,,,,
35,AGVAAPATQVVQVTLQSVQR,AGVAAPATQVAQVTLQSVQR,A to V,0,1.0,3,S2,acgb2,b0,b1,y21,y20,b0,b1,y21,y20,,,,,,,,
36,GQCDLELINVSNENSLFK,GQCDLELINVCNENSLFK,C to S,0,0.752,3,S2,acgb2,b0,b1,y19,y18,b0,b1,y19,y18,,,,,,,,
37,ILTITGPTDAIFK,IVTITGPTDAIFK,V to I/L,0,0.996,2,S2,acgb2,b0,b1,y14,y13,b0,b1,y14,y13,,343.254266,,,,343.254266,,
38,PGAHLQGGAK,AGAHLQGGAK,A to P,0,0.052,3,S2,acgb2,b0,b1,y11,y10,b0,b1,y11,y10,,,,,,301.207316,,
39,SLHDAICIVR,SLHDAIMIVR,M to C,0,1.0,3,S2,acgb2,b0,b1,y11,y10,b0,b1,y11,y10,,317.20223599999997,,,,317.20223599999997,,
40,LAQEGGWGVMVSHR,LAQENGWGVMVSHR,N to G,1,0.329,3,S2,acgb2,b1,b2,y14,y13,b1,b2,y14,y13,343.254266,414.29137599999996,,1413.669171,343.254266,414.29137599999996,,
41,AIELSSK,AIELSTK,T to S,0,0.998,2,S2,acgb2,b0,b1,y8,y7,,,,,,301.207316,,,,,,
42,AGLADSFHLQQFFR,AQLADSFHLQQFFR,Q to G,1,0.331,3,S2,acgb2,b1,b2,y14,y13,b1,b2,y14,y13,,358.228776,,,301.207316,429.26589599999994,,
43,FISNSEK,FIWNSEK,W to S,0,1.0,2,S2,acgb2,b0,b1,y8,y7,b0,b1,y8,y7,,377.238616,,,,377.238616,,
44,FAGYIEK,FASYIEK,S to G,0,1.0,2,S2,acgb2,b0,b1,y8,y7,b0,b1,y8,y7,,377.238616,,,,377.238616,,
45,IGFTWSEIR,IGFPWSEIR,P to T,0,0.499,2,S2,acgb2,b0,b1,y10,y9,b0,b1,y10,y9,,343.254266,,,,343.254266,,
46,DTELWGSVLLESNPYR,DPELWGSVLLESNPYR,P to T,1,0.017,3,S2,acgb2,b1,b2,y16,y15,b1,b2,y16,y15,345.197146,,,1763.8962510000001,345.197146,,,1759.901331
47,LLSYCLLVTLAAHLPAEFTPAVHASLDK,LLSHCLLVTLAAHLPAEFTPAVHASLDK,H to Y,3,0.164,5,S2,acgb2,b3,b4,y26,y25,b3,b4,y26,y25,,477.270756,,,543.370356,680.429266,,
48,LYACEVTHQGLSSPVTK,VYACEVTHQGLSSPVTK,V to I/L,0,0.485,3,S2,acgb2,b0,b1,y18,y17,b0,b1,y18,y17,,343.254266,,,,329.238616,,
49,SGPFGQIFRPDNFVFGQSGAGNNSAK,SGPFGQIFRPDNFVFGQSGAGNNWAK,W to S,1,0.951,4,S2,acgb2,b1,b2,y26,y25,b1,b2,y26,y25,317.20223599999997,374.22369599999996,,,,,,
50,TPTESFASDPILYRPVAVALDTK,TATESFASDPILYRPVAVALDTK,A to P,1,0.499,3,S2,acgb2,b1,b2,y23,y22,b1,b2,y23,y22,,,,,331.21788599999996,402.25499599999995,,
51,LQGASWDTQSGPQER,LQGASWDTQNGPQER,N to S,0,1.0,2,S2,acgb2,b0,b1,y16,y15,b0,b1,y16,y15,,343.254266,,,,343.254266,,
52,EANELQQSINEK,EANELQQWINEK,W to S,0,1.0,2,S2,acgb2,b0,b1,y13,y12,b0,b1,y13,y12,,359.21279599999997,,,,359.21279599999997,,
53,TLADHLGMIAGGTGITPMWQLIR,TLADHLGMIAGGTGITPMLQLIR,L to W,0,0.971,3,S2,acgb2,b0,b1,y24,y23,b0,b1,y24,y23,,,,,,,,
54,LLLAGYDDFNCNPWDALK,LLLAGYDDFNCNVWDALK,V to P,0,0.032,3,S2,acgb2,b0,b1,y19,y18,b0,b1,y19,y18,,343.254266,,,,,,
55,SGPFGQIFRPDNFVFGQSGAGNNSAK,SGPFGQIFRPDNFVFGQSGAGNNWAK,W to S,0,0.973,3,S2,acgb2,b0,b1,y27,y26,b0,b1,y27,y26,,317.20223599999997,,,,,,
56,DVTNDVHYENYR,DVTCDVHYENYR,C to N,2,0.489,3,S2,acgb2,b2,b3,y11,y10,b2,b3,y11,y10,444.265556,545.3132360000001,1409.644411,1310.5760010000001,444.265556,545.3132360000001,,1356.563721
57,GTDDTSAQK,GTDDTWAQK,W to S,1,0.582,2,S2,acgb2,b1,b2,y9,y8,b1,b2,y9,y8,287.191666,388.239346,,1094.552691,287.191666,388.239346,,1193.599971
58,ASENAIVSK,ASENAIVWK,W to S,1,0.5,2,S2,acgb2,b1,b2,y9,y8,b1,b2,y9,y8,301.207316,388.239346,,1076.6148910000002,301.207316,388.239346,,1175.6621710000002
59,IADFGMCK,ITDFGMCK,T to A,0,0.997,2,S2,acgb2,b0,b1,y9,y8,b0,b1,y9,y8,,343.254266,,,,343.254266,,
60,DTELWGSVLLESNPYR,DPELWGSVLLESNPYR,P to T,1,0.012,3,S2,acgb2,b1,b2,y16,y15,b1,b2,y16,y15,345.197146,,,1763.8962510000001,345.197146,,,1759.901331
61,VGSSMRPLLQAQGLTPSER,VGSSMRPLLQAQGLAPSER,A to T,0,0.997,3,S2,acgb2,b0,b1,y20,y19,b0,b1,y20,y19,,329.238616,,,,329.238616,,
62,NLSTFAMDGK,NLSTFAVDGK,V to M,0,1.0,2,S2,acgb2,b0,b1,y11,y10,b0,b1,y11,y10,,344.21313599999996,,,,344.21313599999996,,
63,YPIEHGIITNSDDMEK,YPIEHGIITNWDDMEK,W to S,0,0.999,3,S2,acgb2,b0,b1,y17,y16,b0,b1,y17,y16,,393.233536,,,,393.233536,,
64,SGPFGQIFRPDNFVFGQSGAGNNSAK,SGPFGQIFRPDNFVFGQSGAGNNWAK,W to S,1,0.982,3,S2,acgb2,b1,b2,y26,y25,b1,b2,y26,y25,317.20223599999997,374.22369599999996,,,,,,
65,SGPFGQIFRPDNFVFGQSGAGNNDAK,SGPFGQIFRPDNFVFGQSGAGNNWAK,W to D,0,0.932,3,S2,acgb2,b0,b1,y27,y26,b0,b1,y27,y26,,,,,,,,
66,EQGVLSFSR,EQGVLSFWR,W to S,0,0.989,2,S2,acgb2,b0,b1,y10,y9,b0,b1,y10,y9,,359.21279599999997,,,,359.21279599999997,,
67,AGGVFLEELGNHK,AGQVFLEELGNHK,Q to G,2,0.489,3,S2,acgb2,b2,b3,y12,y11,b2,b3,y12,y11,,415.250236,,,,486.287356,,
68,SIQFVDDCPTGFK,SIQFVDWCPTGFK,W to D,0,1.0,3,S2,acgb2,b0,b1,y14,y13,b0,b1,y14,y13,,,,,,317.20223599999997,,
69,SANSSLAEK,SANSWLAEK,W to S,0,0.499,2,S2,acgb2,b0,b1,y10,y9,b0,b1,y10,y9,,317.20223599999997,,,,317.20223599999997,,
70,IADFGMCK,ITDFGMCK,T to A,0,0.996,2,S2,acgb2,b0,b1,y9,y8,b0,b1,y9,y8,,343.254266,,,,343.254266,,
71,DQDGTITTK,DGDGTITTK,G to Q,1,0.5,2,S2,acgb2,b1,b2,y9,y8,b1,b2,y9,y8,345.197146,473.255726,,,345.197146,402.21860599999997,,1021.5726910000001
72,YPIEHSIITNWDDMEK,YPIEHGIITNWDDMEK,G to S,1,0.249,3,S2,acgb2,b1,b2,y16,y15,b1,b2,y16,y15,393.233536,,,,393.233536,490.28629599999994,,
73,WKTVGMADLVTPEQVK,WKPVGMADLVTPEQVK,P to T,2,0.011,3,S2,acgb2,b2,b3,y15,y14,b2,b3,y15,y14,,,,,773.507406,,,1712.945391
74,CNEPAVSSQLAK,CNEPAVWSQLAK,W to S,1,0.048,2,S2,acgb2,b1,b2,y12,y11,b1,b2,y12,y11,,504.24377999999996,,1372.763341,390.20084999999995,504.24377999999996,,1471.810621
75,LDEHQGEGTTPCTSSILQEK,LDEHQGEGTAPCTSSILQEK,A to T,0,0.998,3,S2,acgb2,b0,b1,y21,y20,b0,b1,y21,y20,,343.254266,,,,343.254266,,
76,SIQFVDSCPTGFK,SIQFVDWCPTGFK,W to S,0,0.985,2,S2,acgb2,b0,b1,y14,y13,b0,b1,y14,y13,,317.20223599999997,,,,317.20223599999997,,
77,AVCMLSNTTAIAESWAR,AVCMLSNTTAIAEAWAR,A to S,0,0.991,2,S2,acgb2,b0,b1,y18,y17,b0,b1,y18,y17,,301.207316,,,,301.207316,,
78,LTTPTYEDLNHLVSATMSGVTTCLR,LTTPTYGDLNHLVSATMSGVTTCLR,G to E,6,0.07,3,S2,acgb2,b6,b7,y20,y19,b6,b7,y20,y19,,,,,906.5133960000001,963.534856,,
79,FTVGDHSR,FTIGDHSR,I to V,0,1.0,3,S2,acgb2,b0,b1,y9,y8,b0,b1,y9,y8,,377.238616,,,,377.238616,,
80,LAAENGWGVMVSHR,LAQENGWGVMVSHR,Q to A,2,0.015,3,S2,acgb2,b2,b3,y13,y12,b2,b3,y13,y12,414.29137599999996,485.32848599999994,,,414.29137599999996,542.349956,,
81,LAAENGWGVMVSHR,LAQENGWGVMVSHR,Q to A,2,0.474,3,S2,acgb2,b2,b3,y13,y12,b2,b3,y13,y12,414.29137599999996,485.32848599999994,,,414.29137599999996,542.349956,,
82,LAAENGWGVMVSHR,LAQENGWGVMVSHR,Q to A,2,0.167,3,S2,acgb2,b2,b3,y13,y12,b2,b3,y13,y12,414.29137599999996,485.32848599999994,,,414.29137599999996,542.349956,,
83,NVDCLLLAR,NVDCVLLAR,V to I/L,0,0.99,2,S2,acgb2,b0,b1,y10,y9,b0,b1,y10,y9,,344.21313599999996,,,,344.21313599999996,,
84,QSLQELIGTLNAAK,QSLGELIGTLNAAK,G to Q,3,0.124,3,S2,acgb2,b3,b4,y12,y11,b3,b4,y12,y11,,686.403456,,,,,,
85,EIPHLQAGQCGNQIGAK,EIVHLQAGQCGNQIGAK,V to P,2,0.2,3,S2,acgb2,b2,b3,y16,y15,,,,,,,,,,,,
86,SSTQSSAPPAPGAR,SSAQSSAPPAPGAR,A to T,0,0.998,2,S2,acgb2,b0,b1,y15,y14,b0,b1,y15,y14,,317.20223599999997,,,,317.20223599999997,,
87,GIVDASQQAYQEAFEISK,GIVDQSQQAYQEAFEISK,Q to A,4,0.019,3,S2,acgb2,b4,b5,y15,y14,b4,b5,y15,y14,,685.408186,,,614.371076,742.429656,,1885.949311
88,VLDAFSDGLAHLDNLK,VLGAFSDGLAHLDNLK,G to D,2,0.143,3,S2,acgb2,b2,b3,y15,y14,b2,b3,y15,y14,,370.19728599999996,,,442.32267599999994,499.344136,1799.985271,1686.901211
89,FDGALNVMLTEFQTNLVPYPR,FDGALNVDLTEFQTNLVPYPR,D to M,4,0.015,3,S2,acgb2,b4,b5,y18,y17,b4,b5,y18,y17,,,,,620.324126,733.408186,,
90,LVIMGNPITIFQER,LVINGNPITIFQER,N to M,0,0.998,2,S2,acgb2,b0,b1,y15,y14,b0,b1,y15,y14,,,,,,343.254266,,
91,NTGQGCVCSNQFLVQR,NTGQTCVCSNQFLVQR,T to G,0,1.0,2,S2,acgb2,b0,b1,y17,y16,b0,b1,y17,y16,,344.21313599999996,,,,344.21313599999996,,
92,PNWEAQQR,ANWEAQQR,A to P,0,0.5,2,S2,acgb2,b0,b1,y9,y8,b0,b1,y9,y8,,,,,,301.207316,,
93,FTQAQSEVSALLGR,FTQAGSEVSALLGR,G to Q,4,0.2,3,S2,acgb2,b4,b5,y11,y10,b4,b5,y11,y10,677.381986,805.440566,,1059.579281,677.381986,734.403446,1059.579271,
94,QQVAEAAGK,QGVAEAAGK,G to Q,1,0.491,2,S2,acgb2,b1,b2,y9,y8,b1,b2,y9,y8,,486.28736599999996,,1002.5781010000001,358.22878599999996,415.250246,,931.540981
95,ALPFSNEEIVPQIK,ALPFWNEEIVPQIK,W to S,4,0.01,3,S2,acgb2,b4,b5,y11,y10,b4,b5,y11,y10,,,1532.852151,,658.412546,844.491856,,
96,PLTVPELTQQMFDAK,ALTVPELTQQMFDAK,A to P,0,0.498,3,S2,acgb2,b0,b1,y16,y15,b0,b1,y16,y15,,,,,,301.207316,,
97,AFDQGADAIYDHVNEGK,AFDQGADAIYDHINEGK,I to V,1,0.957,3,S2,acgb2,b1,b2,y17,y16,b1,b2,y17,y16,301.207316,,,,301.207316,448.275726,,
98,VDIDVPDVGVQGPDWHLK,VDIDVPDVNVQGPDWHLK,N to G,0,0.976,3,S2,acgb2,b0,b1,y19,y18,b0,b1,y19,y18,,,,,,329.238616,,
99,FFESFGDLSTPDSVMGNPK,FFESFGDLSTPDAVMGNPK,A to S,0,0.993,3,S2,acgb2,b0,b1,y20,y19,b0,b1,y20,y19,,377.238616,,,,,,
100,EFTPPVQAAYNK,EFTPPVQAAYQK,Q to N,0,0.5,2,S2,acgb2,b0,b1,y13,y12,b0,b1,y13,y12,,359.21279599999997,,,,359.21279599999997,,
101,GVQDIVVGEGTHFLITWVQK,GVQDIVVGEGTHFLIPWVQK,P to T,0,0.489,3,S2,acgb2,b0,b1,y21,y20,b0,b1,y21,y20,,287.191666,,,,287.191666,,
102,YADDTFTPAFVSNVGIDFK,YADDTFTPAFVSTVGIDFK,T to N,0,0.5,3,S2,acgb2,b0,b1,y20,y19,b0,b1,y20,y19,,,,,,,,
103,NTGQGCVCSNQFLVQR,NTGQTCVCSNQFLVQR,T to G,0,0.984,2,S2,acgb2,b0,b1,y17,y16,b0,b1,y17,y16,,344.21313599999996,,,,344.21313599999996,,
104,MQDAFSAIGQNADLDLPQIAVVGGQSAGK,LQDAFSAIGQNADLDLPQIAVVGGQSAGK,L to M,0,0.329,3,S2,acgb2,b0,b1,y30,y29,b0,b1,y30,y29,,361.210696,,,,343.254266,,
105,AQGPAASAEEPKPVEVPAANSDQTVTVKE,AQGPAASAEEPKPVEAPAANSDQTVTVKE,A to V,0,0.998,3,S2,acgb2,b0,b1,y30,y29,b0,b1,y30,y29,,,,,,,,
106,DLQADNAR,DLQADNQR,Q to A,0,1.0,2,S2,acgb2,b0,b1,y9,y8,b0,b1,y9,y8,,,,,,345.197146,,
107,NGPEQSSK,NGPEQWSK,W to S,0,1.0,2,S2,acgb2,b0,b1,y9,y8,b0,b1,y9,y8,,344.21313599999996,,,,344.21313599999996,,
108,EDMGALEK,EDMAALEK,A to G,0,0.982,2,S2,acgb2,b0,b1,y9,y8,b0,b1,y9,y8,,359.21279599999997,,,,359.21279599999997,,
109,AFDQGADAIYDHVNEGK,AFDQGADAIYDHINEGK,I to V,0,1.0,3,S2,acgb2,b0,b1,y18,y17,b0,b1,y18,y17,,301.207316,,,,301.207316,,
110,VLGAFSDGLAHLMNLK,VLGAFSDGLAHLDNLK,D to M,2,0.047,3,S2,acgb2,b2,b3,y15,y14,b2,b3,y15,y14,442.32267599999994,499.344136,,,442.32267599999994,499.344136,1799.985271,1686.901211
111,VQINYQPPTVVPGGDLAK,VGINYQPPTVVPGGDLAK,G to Q,1,0.318,3,S2,acgb2,b1,b2,y18,y17,b1,b2,y18,y17,,,,,,386.26007599999997,,1955.079901
112,LCYVALMFEQEMATAASSSSLEK,LCYVALDFEQEMATAASSSSLEK,D to M,2,0.477,3,S2,acgb2,b2,b3,y22,y21,b2,b3,y22,y21,503.284916,,,,503.284916,666.348246,,
113,VSCLGVTDDGMAVATGSSDSFLK,VSCLGVTDDGMAVATGSWDSFLK,W to S,1,0.969,3,S2,acgb2,b1,b2,y23,y22,b1,b2,y23,y22,329.238616,416.270646,,,,416.270646,,
114,YADDTFTPAFVSNVGIDFK,YADDTFTPAFVSTVGIDFK,T to N,1,0.495,3,S2,acgb2,b1,b2,y19,y18,b1,b2,y19,y18,,,,,,,,
115,AILVDLEPGQMDSVR,AILVDLEPGTMDSVR,T to Q,2,0.142,2,S2,acgb2,b2,b3,y14,y13,b2,b3,y14,y13,414.29137599999996,527.375436,1587.804641,1474.720581,414.29137599999996,527.375436,1544.798841,1431.7147810000001
116,CEASAVPTPDFEWYR,CEASAVPAPDFEWYR,A to T,1,0.286,2,S2,acgb2,b1,b2,y15,y14,b1,b2,y15,y14,390.20084999999995,519.24344,,1667.7699810000001,390.20084999999995,519.24344,,1637.759411
117,ILAAQGQVSAQGGAQPSVEAPAAPRPTATQLTR,ILAAQGQLSAQGGAQPSVEAPAAPRPTATQLTR,L to V,0,0.959,3,S2,acgb2,b0,b1,y34,y33,b0,b1,y34,y33,,343.254266,,,,343.254266,,
118,NGPEQSSK,NGPEQWSK,W to S,0,1.0,2,S2,acgb2,b0,b1,y9,y8,b0,b1,y9,y8,,344.21313599999996,,,,344.21313599999996,,
119,VLGAFSDGLAHLDNVK,VLGAFSDGLAHLDNLK,L to V,1,0.038,3,S2,acgb2,b1,b2,y16,y15,b1,b2,y16,y15,,,,,329.238616,442.32267599999994,,1799.985271
120,VFEISPFETWITR,VFEISPFEPWITR,P to T,0,0.175,3,S2,acgb2,b0,b1,y14,y13,b0,b1,y14,y13,,329.238616,,,,329.238616,,
121,AAAPAPVSEAVSR,AAAPAPVSEAVCR,C to S,0,0.994,2,S2,acgb2,b0,b1,y14,y13,b0,b1,y14,y13,,301.207316,,,,301.207316,,
122,ALTFWNEEIVPQIK,ALPFWNEEIVPQIK,P to T,0,0.332,3,S2,acgb2,b0,b1,y15,y14,b0,b1,y15,y14,,301.207316,,,,301.207316,,
123,GVDAQTTLSK,GVDAQGTLSK,G to T,0,0.989,2,S2,acgb2,b0,b1,y11,y10,b0,b1,y11,y10,,287.191666,,,,287.191666,,
124,FNMVVQDGIVK,FSMVVQDGIVK,S to N,1,0.333,2,S2,acgb2,b1,b2,y11,y10,b1,b2,y11,y10,,262.118616,,,377.238616,464.270646,,1304.744521
125,AIAELQIYPAVDPLDSTSR,AIAELGIYPAVDPLDSTSR,G to Q,5,0.167,3,S2,acgb2,b5,b6,y15,y14,b5,b6,y15,y14,,855.5137159999999,,,727.455136,784.476596,1603.8325810000001,1490.7485210000002
126,VLQAFSDGLAHLDNLK,VLGAFSDGLAHLDNLK,G to Q,2,0.021,3,S2,acgb2,b2,b3,y15,y14,b2,b3,y15,y14,,570.381256,,,442.32267599999994,499.344136,1799.985271,1686.901211
127,WLTLEANPEVTNQFLK,WLPLEANPEVTNQFLK,P to T,2,0.248,3,S2,acgb2,b2,b3,y15,y14,b2,b3,y15,y14,529.333576,,,,529.333576,,,
128,SVATGSSEAAGGASGGGAR,SVATGSSETAGGASGGGAR,T to A,0,1.0,2,S2,acgb2,b0,b1,y20,y19,b0,b1,y20,y19,,,,,,,,
129,TCSFDFTGAVEDISK,TCGFDFTGAVEDISK,G to S,0,0.991,2,S2,acgb2,b0,b1,y16,y15,b0,b1,y16,y15,,331.21788599999996,,,,331.21788599999996,,
130,GDSAPAAAK,GDSAPATAK,T to A,0,1.0,2,S2,acgb2,b0,b1,y10,y9,b0,b1,y10,y9,,287.191666,,,,287.191666,,
131,GTFATLSELHSDK,GTFATLSELHCDK,C to S,0,0.998,3,S2,acgb2,b0,b1,y14,y13,b0,b1,y14,y13,,,,,,287.191666,,
132,AEGAPNQGK,AEGTPNQGK,T to A,0,1.0,2,S2,acgb2,b0,b1,y10,y9,b0,b1,y10,y9,,301.207316,,,,301.207316,,
133,AEDMELNDR,AEMMELNDR,M to D,0,0.043,2,S2,acgb2,b0,b1,y10,y9,b0,b1,y10,y9,,301.207316,,,,301.207316,,
134,ENTDLAGELR,ENADLAGELR,A to T,0,1.0,2,S2,acgb2,b0,b1,y11,y10,b0,b1,y11,y10,,359.21279599999997,,,,359.21279599999997,,
135,GPDAQGTLSK,GVDAQGTLSK,V to P,1,0.667,2,S2,acgb2,b1,b2,y10,y9,b1,b2,y10,y9,287.191666,384.244426,,1145.636351,287.191666,386.26007599999997,,1147.6520010000002
136,AEMEQGEQQR,AETEQGEQQR,T to M,0,1.0,2,S2,acgb2,b0,b1,y11,y10,b0,b1,y11,y10,,301.207316,,,,,,
137,GVDAQTTLSK,GVDAQGTLSK,G to T,1,0.266,2,S2,acgb2,b1,b2,y10,y9,b1,b2,y10,y9,287.191666,386.26007599999997,,1191.6782210000001,287.191666,386.26007599999997,,1147.6520010000002
138,TCSFDFTGAVEDISK,TCGFDFTGAVEDISK,G to S,0,0.496,3,S2,acgb2,b0,b1,y16,y15,b0,b1,y16,y15,,331.21788599999996,,,,331.21788599999996,,
139,KADIGPAMGIAGSDVSK,KADIGVAMGIAGSDVSK,V to P,5,0.166,3,S2,acgb2,b5,b6,y13,y12,b5,b6,y13,y12,,,,,943.597666,1042.666076,1420.766701,1363.745241
140,DCEQAENSMAAR,DCEQAENWMAAR,W to S,1,0.5,2,S2,acgb2,b1,b2,y12,y11,b1,b2,y12,y11,345.197146,505.227796,,1266.520141,345.197146,505.227796,,1365.567421
141,ETPPATEAPSSTPK,ETPAATEAPSSTPK,A to P,2,0.329,2,S2,acgb2,b2,b3,y13,y12,b2,b3,y13,y12,,,,,460.260476,,1486.795031,1385.747351
142,SDEAPASDSKPGSSEAAPSSK,SDGAPASDSKPGSSEAAPSSK,G to E,2,0.33,3,S2,acgb2,b2,b3,y20,y19,b2,b3,y20,y19,,332.108836,,,432.229176,489.25063599999993,,
143,PQPPPPPPGAHSPGASPGPGTATAER,PQPPPPPPGAHSPGATPGPGTATAER,T to S,0,0.026,3,S2,acgb2,b0,b1,y27,y26,b0,b1,y27,y26,,,,,,,,
144,TTWGIIEVENLNHCEFALLR,TPWGIIEVENLNHCEFALLR,P to T,1,0.487,3,S2,acgb2,b1,b2,y20,y19,b1,b2,y20,y19,331.21788599999996,,,,331.21788599999996,,,
145,AAAMLMTYCDAHACEDPLITPVPTSENPFR,AAADLMTYCDAHACEDPLITPVPTSENPFR,D to M,3,0.194,4,S2,acgb2,b3,b4,y28,y27,b3,b4,y28,y27,,574.322026,,,443.281536,558.308476,,
146,QTIQNSCGTIGLIHAVANNQDK,QTIGNSCGTIGLIHAVANNQDK,G to Q,3,0.014,3,S2,acgb2,b3,b4,y20,y19,b3,b4,y20,y19,,,,,572.360526,,,
147,TCSFDFTGAVEDISK,TCGFDFTGAVEDISK,G to S,0,0.993,2,S2,acgb2,b0,b1,y16,y15,b0,b1,y16,y15,,331.21788599999996,,,,331.21788599999996,,
148,AGEGDATIHLK,AGEQDATIHLK,Q to G,3,0.2,3,S2,acgb2,b3,b4,y9,y8,b3,b4,y9,y8,,,,,487.271366,615.3299460000001,,1154.6730710000002
149,DLEESNQR,DLEEWNQR,W to S,0,1.0,2,S2,acgb2,b0,b1,y9,y8,b0,b1,y9,y8,,345.197146,,,,345.197146,,
150,GDSAPAAAK,GDSAPATAK,T to A,0,1.0,2,S2,acgb2,b0,b1,y10,y9,b0,b1,y10,y9,,287.191666,,,,287.191666,,
151,QTFATLSELHCDK,GTFATLSELHCDK,G to Q,0,0.325,3,S2,acgb2,b0,b1,y14,y13,b0,b1,y14,y13,,,,,,287.191666,,
152,TDDCHTWVLPVVK,TDDCHPWVLPVVK,P to T,0,0.025,3,S2,acgb2,b0,b1,y14,y13,b0,b1,y14,y13,,,,,,,,
153,EIAEADLGK,EIAEAYLGK,Y to D,1,0.5,2,S2,acgb2,b1,b2,y9,y8,b1,b2,y9,y8,359.21279599999997,472.296856,,1045.609061,359.21279599999997,472.296856,,1093.645451
154,GVDGQGTLSK,GVDAQGTLSK,A to G,3,0.037,2,S2,acgb2,b3,b4,y8,y7,b3,b4,y8,y7,501.28701599999994,,1034.567941,919.541001,501.28701599999994,572.324126,1048.583591,933.556651
155,NTSSAGSWNSGSSGPGSTGNR,NPSSAGSWNSGSSGPGSTGNR,P to T,1,0.011,3,S2,acgb2,b1,b2,y21,y20,b1,b2,y21,y20,344.21313599999996,,,,344.21313599999996,441.26589599999994,,1849.805941
156,LAMQEFMILPVGAEGFR,LAMQEFMILPVGAESFR,S to G,1,0.486,3,S2,acgb2,b1,b2,y17,y16,b1,b2,y17,y16,,,,,343.254266,414.29137599999996,,1841.892411
157,HNDVVPTMAQGVIEYK,HNDVIPTMAQGVIEYK,I to V,4,0.2,3,S2,acgb2,b4,b5,y13,y12,b4,b5,y13,y12,,607.283476,,,,808.451456,,
158,SDSELNNEVAAR,SDSELNSEVAAR,S to N,0,1.0,2,S2,acgb2,b0,b1,y13,y12,b0,b1,y13,y12,,317.20223599999997,,,,317.20223599999997,,
159,GPSADGALGVSISAPGGAIASVTNWTLR,GPSADGALGVSISAPGGAIASVPNWTLR,P to T,0,0.164,3,S2,acgb2,b0,b1,y29,y28,b0,b1,y29,y28,,,,,,287.191666,,
160,LNSVTAADTAVYYCAR,LSSVTAADTAVYYCAR,S to N,1,0.985,2,S2,acgb2,b1,b2,y16,y15,b1,b2,y16,y15,343.254266,457.29719599999993,,1661.758781,343.254266,430.28629599999994,,1634.747881
161,GFIGPGIDVPAPDMNTGER,GFIGPGIDVPAPDMSTGER,S to N,1,0.167,2,S2,acgb2,b1,b2,y19,y18,b1,b2,y19,y18,,434.26007599999997,,1901.906131,,434.26007599999997,,1858.900331
162,LTTPTYGMLNHLVSATMSGVTTCLR,LTTPTYGDLNHLVSATMSGVTTCLR,D to M,7,0.382,3,S2,acgb2,b7,b8,y19,y18,b7,b8,y19,y18,963.534856,1094.575346,,,963.534856,1078.561796,,
163,LCQSFQTFSICYAMTGLLGAHFVCDR,LCQSFQTFSICYAETGLLGAHFVCDR,E to M,1,0.858,3,S2,acgb2,b1,b2,y26,y25,b1,b2,y26,y25,343.254266,,,,343.254266,503.284916,,
164,TITLEVEPSDTIENPK,TITLEVEPSDTIENVK,V to P,1,0.494,2,S2,acgb2,b1,b2,y16,y15,b1,b2,y16,y15,,444.301946,,,331.21788599999996,444.301946,,1916.042521
165,NRPTSISSDGLDSGK,NRPTSISWDGLDSGK,W to S,0,0.992,3,S2,acgb2,b0,b1,y16,y15,b0,b1,y16,y15,,344.21313599999996,,,,344.21313599999996,,
166,GHLDNISNNLLIGAINVENGK,GHLDNISNNLLIGAINIENGK,I to V,1,0.985,4,S2,acgb2,b1,b2,y21,y20,b1,b2,y21,y20,,,,,,424.25057599999997,,
167,NRPTSISDDGLDSGK,NRPTSISWDGLDSGK,W to D,0,1.0,3,S2,acgb2,b0,b1,y16,y15,b0,b1,y16,y15,,344.21313599999996,,,,344.21313599999996,,
168,QTAASAGLVDAPAAAPAAAR,QTAASAGLVDAPAPAPAAAR,P to A,0,0.981,3,S2,acgb2,b0,b1,y21,y20,b0,b1,y21,y20,,358.22878599999996,,,,358.22878599999996,,
169,DVTGDNINTAR,MVTGDNINTAR,M to D,0,0.993,2,S2,acgb2,b0,b1,y12,y11,b0,b1,y12,y11,,345.197146,,,,361.210696,,
170,IINEPTSAAIAYGLDK,IINEPTAAAIAYGLDK,A to S,0,0.468,3,S2,acgb2,b0,b1,y17,y16,b0,b1,y17,y16,,,,,,343.254266,,
171,PYGENIGYSEK,AYGENIGYSEK,A to P,0,0.5,2,S2,acgb2,b0,b1,y12,y11,b0,b1,y12,y11,,,,,,301.207316,,
172,SLLEGTPSSASEGDEDLRR,WLLEGTPSSASEGDEDLRR,W to S,0,0.5,3,S2,acgb2,b0,b1,y20,y19,b0,b1,y20,y19,,317.20223599999997,,,,416.24951599999997,,
173,PYGENIGYSEK,AYGENIGYSEK,A to P,0,0.5,2,S2,acgb2,b0,b1,y12,y11,b0,b1,y12,y11,,,,,,301.207316,,
174,EIPHLQAGQCGNQIGAK,EIVHLQAGQCGNQIGAK,V to P,2,0.321,3,S2,acgb2,b2,b3,y16,y15,,,,,,,,,,,,
175,WLLLCMPGLADTIVEK,WLLLCNPGLADTIVEK,N to M,5,0.167,3,S2,acgb2,b5,b6,y12,y11,b5,b6,y12,y11,915.5323460000001,1046.572836,,,686.3694160000001,800.4123460000001,1545.814381,1385.783731
176,TEDSNAGNSGGNVLAPDSTK,TEDSNAGNSGGNVPAPDSTK,P to I/L,0,0.61,3,S2,acgb2,b0,b1,y21,y20,b0,b1,y21,y20,,331.21788599999996,,,,,,
177,DLYANDVLSGGTTMYPGIADR,DLYANTVLSGGTTMYPGIADR,T to D,5,0.014,3,S2,acgb2,b5,b6,y17,y16,b5,b6,y17,y16,806.424576,921.451516,1766.837751,1652.7948210000002,806.424576,907.472256,1752.8584910000002,1638.8155610000001
178,DIGAIAQPHAENGDIIAEEQQR,DIGAIAQVHAENGDIIAEEQQR,V to P,7,0.032,3,S2,acgb2,b7,b8,y16,y15,b7,b8,y16,y15,898.519526,,,1706.809221,898.519526,997.587936,,1708.824871
179,LYTWGIVEVENQAHCDFVK,LYPWGIVEVENQAHCDFVK,P to T,0,0.489,3,S2,acgb2,b0,b1,y20,y19,b0,b1,y20,y19,,343.254266,,,,343.254266,,
180,SAGLAPDCEASATAETTVSSVGTCEAAAK,SAGLAPDCEASATAETTVSSVGTCEAAGK,G to A,0,0.998,3,S2,acgb2,b0,b1,y30,y29,b0,b1,y30,y29,,317.20223599999997,,,,,,
181,DYEFMWPPHLGYILTCPSNLGTGLR,DYEFMWNPHLGYILTCPSNLGTGLR,N to P,3,0.248,3,S2,acgb2,b3,b4,y23,y22,b3,b4,y23,y22,637.3030660000001,784.371476,,,637.3030660000001,784.371476,,
182,ENAEQGEVDVESHR,ENAEQGEVDMESHR,M to V,0,0.984,3,S2,acgb2,b0,b1,y15,y14,b0,b1,y15,y14,,359.21279599999997,,,,359.21279599999997,,
183,NRPTSISDDGLDSGK,NRPTSISWDGLDSGK,W to D,0,1.0,3,S2,acgb2,b0,b1,y16,y15,b0,b1,y16,y15,,344.21313599999996,,,,344.21313599999996,,
184,GVDAQGTSSK,GVDAQGTLSK,L to S,1,0.988,2,S2,acgb2,b1,b2,y10,y9,b1,b2,y10,y9,287.191666,386.26007599999997,,1121.599971,287.191666,386.26007599999997,,1147.6520010000002
185,EVAQQAVDADVHAVGVSTLAAGHK,EVAQQAVDADVHAVGISTLAAGHK,I to V,1,0.806,4,S2,acgb2,b1,b2,y24,y23,b1,b2,y24,y23,359.21279599999997,458.28120599999994,,,359.21279599999997,458.28120599999994,,
186,ELVDDSLNNVR,ELVDDSVNNVR,V to I/L,0,0.996,2,S2,acgb2,b0,b1,y12,y11,b0,b1,y12,y11,,359.21279599999997,,,,359.21279599999997,,
187,EIPHLQAGQCGNQIGAK,EIVHLQAGQCGNQIGAK,V to P,2,0.041,3,S2,acgb2,b2,b3,y16,y15,,,,,,,,,,,,
188,VAPEEHPPLLTEAPLNPK,VAPEEHPVLLTEAPLNPK,V to P,3,0.2,3,S2,acgb2,b3,b4,y16,y15,b3,b4,y16,y15,,626.371076,,,,626.371076,,
189,VAPEEHPPLLTEAPLNPK,VAPEEHPVLLTEAPLNPK,V to P,3,0.197,3,S2,acgb2,b3,b4,y16,y15,b3,b4,y16,y15,,626.371076,,,,626.371076,,
190,PAFTECCQAADK,AAFTECCQAADK,A to P,0,0.333,2,S2,acgb2,b0,b1,y13,y12,b0,b1,y13,y12,,,,,,301.207316,,
191,PAFTECCQAADK,AAFTECCQAADK,A to P,0,0.25,2,S2,acgb2,b0,b1,y13,y12,b0,b1,y13,y12,,,,,,301.207316,,
192,NMQNAEESFK,NMQNAEEWFK,W to S,0,1.0,2,S2,acgb2,b0,b1,y11,y10,b0,b1,y11,y10,,344.21313599999996,,,,344.21313599999996,,
193,DSYVGDESQSK,DSYVGDEAQSK,A to S,0,0.998,2,S2,acgb2,b0,b1,y12,y11,b0,b1,y12,y11,,345.197146,,,,345.197146,,
194,HLGGITWTYAEDAVPTLTPCR,HLGGIPWTYAEDAVPTLTPCR,P to T,0,0.33,3,S2,acgb2,b0,b1,y22,y21,b0,b1,y22,y21,,367.229116,,,,367.229116,,
195,LYTWGIVEVENQAHCDFVK,LYPWGIVEVENQAHCDFVK,P to T,0,0.492,3,S2,acgb2,b0,b1,y20,y19,b0,b1,y20,y19,,343.254266,,,,343.254266,,
196,QTAASAGLVDAPAAAPAAAR,QTAASAGLVDAPAPAPAAAR,P to A,0,0.166,2,S2,acgb2,b0,b1,y21,y20,b0,b1,y21,y20,,358.22878599999996,,,,358.22878599999996,,
197,GFTGGVATVTLIPGDGIGPEISAAVMK,GFTGGVQTVTLIPGDGIGPEISAAVMK,Q to A,6,0.142,3,S2,acgb2,b6,b7,y22,y21,b6,b7,y22,y21,,819.456196,,,748.419086,876.477666,,
198,MSPTFIGNSTAIQELFK,MSATFIGNSTAIQELFK,A to P,2,0.2,2,S2,acgb2,b2,b3,y16,y15,b2,b3,y16,y15,,316.132556,,,448.242726,519.279836,1956.063931,1869.031901
199,ENAEQGEVDVESHR,ENAEQGEVDMESHR,M to V,0,1.0,3,S2,acgb2,b0,b1,y15,y14,b0,b1,y15,y14,,359.21279599999997,,,,359.21279599999997,,
200,GVDAQGTSSK,GVDAQGTLSK,L to S,0,0.993,2,S2,acgb2,b0,b1,y11,y10,b0,b1,y11,y10,,287.191666,,,,287.191666,,
201,VMQVVDEK,IMQVVDEK,I to V,0,0.994,2,S2,acgb2,b0,b1,y9,y8,b0,b1,y9,y8,,329.238616,,,,343.254266,,
202,GSASIGSLCADAR,TSASIGSLCADAR,T to G,0,0.993,2,S2,acgb2,b0,b1,y14,y13,b0,b1,y14,y13,,287.191666,,,,331.21788599999996,,
203,ALTVPELTQQMFDGK,ALTVPELTQQMFDAK,A to G,1,0.973,3,S2,acgb2,b1,b2,y15,y14,b1,b2,y15,y14,301.207316,,,,301.207316,414.29137599999996,,1849.993081
204,ELVDDSLNNVR,ELVDDSVNNVR,V to I/L,0,0.998,2,S2,acgb2,b0,b1,y12,y11,b0,b1,y12,y11,,359.21279599999997,,,,359.21279599999997,,
205,ALPNSEDLVK,ALPSSEDLVK,S to N,0,0.978,2,S2,acgb2,b0,b1,y11,y10,b0,b1,y11,y10,,301.207316,,,,301.207316,,
206,NMQNAEESFK,NMQNAEEWFK,W to S,0,1.0,2,S2,acgb2,b0,b1,y11,y10,b0,b1,y11,y10,,344.21313599999996,,,,344.21313599999996,,
207,VAPEEHPPLLTEAPLNPK,VAPEEHPVLLTEAPLNPK,V to P,3,0.197,3,S2,acgb2,b3,b4,y16,y15,b3,b4,y16,y15,,626.371076,,,,626.371076,,
208,VAPEEHPPLLTEAPLNPK,VAPEEHPVLLTEAPLNPK,V to P,1,0.246,3,S2,acgb2,b1,b2,y18,y17,b1,b2,y18,y17,,,,,329.238616,400.275726,,
209,VAPEEHPVLLTEAQLNPK,VAPEEHPVLLTEAPLNPK,P to Q,0,0.011,3,S2,acgb2,b0,b1,y19,y18,b0,b1,y19,y18,,,,,,329.238616,,
210,ILAAQGQVSAQGGAQPSVEAPAAPR,ILAAQGQLSAQGGAQPSVEAPAAPR,L to V,0,0.984,3,S2,acgb2,b0,b1,y26,y25,b0,b1,y26,y25,,343.254266,,,,343.254266,,
211,LLEGEEDR,LLEGEEER,E to D,0,1.0,2,S2,acgb2,b0,b1,y9,y8,b0,b1,y9,y8,,343.254266,,,,343.254266,,
212,PEAQEAEDQQAR,AEAQEAEDQQAR,A to P,0,0.5,2,S2,acgb2,b0,b1,y13,y12,b0,b1,y13,y12,,,,,,,,
213,EPFSLFDK,EAFSLFDK,A to P,1,0.5,2,S2,acgb2,b1,b2,y8,y7,b1,b2,y8,y7,359.21279599999997,,,1082.608341,359.21279599999997,430.24990599999995,,1056.592691
214,GCEENLDEAR,GSEENLDEAR,S to C,1,0.5,2,S2,acgb2,b1,b2,y10,y9,b1,b2,y10,y9,287.191666,447.22231600000003,,1135.468411,287.191666,374.22369599999996,,1062.469791
215,SGDRGETGPAGPSGPVGPVGAR,SGDRGETGPAGPTGPVGPVGAR,T to S,1,0.5,3,S2,acgb2,b1,b2,y22,y21,b1,b2,y22,y21,317.20223599999997,,,,,374.22369599999996,,
216,SGDRGETGPAGPAGPVGPVGAR,SGDRGETGPAGPTGPVGPVGAR,T to A,0,1.0,3,S2,acgb2,b0,b1,y23,y22,b0,b1,y23,y22,,317.20223599999997,,,,,,
217,EGEDMIVEEHFGSEK,EGEDMIAEEHFGSEK,A to V,1,0.977,3,S2,acgb2,b1,b2,y15,y14,b1,b2,y15,y14,359.21279599999997,,,,359.21279599999997,,,
218,DKDSPETEESPAPEPR,DKDSPETEENPAPEPR,N to S,1,0.985,3,S2,acgb2,b1,b2,y16,y15,b1,b2,y16,y15,345.197146,,,,345.197146,,,
219,ALPNSEDLVK,ALPSSEDLVK,S to N,0,0.998,2,S2,acgb2,b0,b1,y11,y10,b0,b1,y11,y10,,301.207316,,,,301.207316,,
220,AGAYDFPSTEWDTVTPEAK,AGAYDFPSPEWDTVTPEAK,P to T,0,0.024,3,S2,acgb2,b0,b1,y20,y19,b0,b1,y20,y19,,301.207316,,,,,,
221,DSPETEESPAPEPR,DSPETEENPAPEPR,N to S,0,1.0,2,S2,acgb2,b0,b1,y15,y14,b0,b1,y15,y14,,345.197146,,,,345.197146,,
222,EPGEGGEAEAPAAEGGK,EAGEGGEAEAPAAEGGK,A to P,1,0.333,2,S2,acgb2,b1,b2,y17,y16,b1,b2,y17,y16,,,,,359.21279599999997,430.24990599999995,,1629.7917009999999
223,EPGEGGEAEAPAAEGGK,EAGEGGEAEAPAAEGGK,A to P,1,0.249,2,S2,acgb2,b1,b2,y17,y16,b1,b2,y17,y16,,,,,359.21279599999997,430.24990599999995,,1629.7917009999999
224,PVFVDLEPTVIDEVR,AVFVDLEPTVIDEVR,A to P,0,0.498,2,S2,acgb2,b0,b1,y16,y15,b0,b1,y16,y15,,,,,,301.207316,,
225,GYPGVQGPEDLEWER,GYPGVQAPEDLEWER,A to G,0,0.97,2,S2,acgb2,b0,b1,y16,y15,b0,b1,y16,y15,,287.191666,,,,287.191666,,
226,TQTDSEAQESTATSDETK,TQTDSEVQESTATSDETK,V to A,0,0.997,2,S2,acgb2,b0,b1,y19,y18,b0,b1,y19,y18,,,,,,,,
227,AGPLAGHDNR,AGVLAGHDNR,V to P,2,0.333,3,S2,acgb2,b2,b3,y9,y8,b2,b3,y9,y8,,455.281536,,,358.228776,457.29718599999995,,
228,DNPLLAQLIQDK,DNALLAQLIQDK,A to P,2,0.199,3,S2,acgb2,b2,b3,y11,y10,b2,b3,y11,y10,230.07714599999997,327.129906,,,459.240076,530.277186,1455.873221,1341.830291
229,KPEGAGEEQAAK,KVEGAGEEQAAK,V to P,1,0.778,3,S2,acgb2,b1,b2,y12,y11,b1,b2,y12,y11,,,,1315.669091,587.428096,686.496506,,1317.684741
230,RYEQEHSAIQDK,RYEQEHAAIQDK,A to S,0,1.0,3,S2,acgb2,b0,b1,y13,y12,b0,b1,y13,y12,,386.271316,,,,386.271316,,
231,APQEADAFMGVESGHVK,APQEADAFMGVESGHMK,M to V,0,1.0,3,S2,acgb2,b0,b1,y18,y17,b0,b1,y18,y17,,301.207316,,,,301.207316,,
232,DGPNALTPPPTTTEWVK,DGPNALTPPPTTPEWVK,P to T,0,0.33,3,S2,acgb2,b0,b1,y18,y17,b0,b1,y18,y17,,345.197146,,,,345.197146,,
233,LTQAQIFDYSEIPNFPR,LTQAQIFDYGEIPNFPR,G to S,0,1.0,3,S2,acgb2,b0,b1,y18,y17,b0,b1,y18,y17,,343.254266,,,,343.254266,,
234,AYHEQLSVAEITNACFEPAMQMVK,AYHEQLSVAEITNACFEPANQMVK,N to M,3,0.012,4,S2,acgb2,b3,b4,y22,y21,b3,b4,y22,y21,601.329556,730.372146,,,601.329556,730.372146,,
235,FFESFGMLSTPDAVMGNPK,FFESFGDLSTPDAVMGNPK,D to M,2,0.067,3,S2,acgb2,b2,b3,y18,y17,b2,b3,y18,y17,,,,,,424.18668599999995,,
236,QYTWGVVQVENENHCDFVK,QYPWGVVQVENENHCDFVK,P to T,0,0.496,3,S2,acgb2,b0,b1,y20,y19,b0,b1,y20,y19,,358.22878599999996,,,,358.22878599999996,,
237,QPFDDAIAELDTLNEDSYK,QAFDDAIAELDTLNEDSYK,A to P,1,0.241,2,S2,acgb2,b1,b2,y19,y18,b1,b2,y19,y18,,,,,358.22878599999996,429.26589599999994,,
238,QPFDDAIAELDTLNEDSYK,QAFDDAIAELDTLNEDSYK,A to P,1,0.249,2,S2,acgb2,b1,b2,y19,y18,b1,b2,y19,y18,,,,,358.22878599999996,429.26589599999994,,
239,PLAAELNQLR,ALAAELNQLR,A to P,0,0.5,2,S2,acgb2,b0,b1,y11,y10,b0,b1,y11,y10,,,,,,301.207316,,
240,SFLIDVNEEDHTR,SFLIWVNEEDHTR,W to D,0,0.999,3,S2,acgb2,b0,b1,y14,y13,b0,b1,y14,y13,,,,,,,,
241,ATSWFDTGLSEMR,APSWFDTGLSEMR,P to T,1,0.249,3,S2,acgb2,b1,b2,y13,y12,b1,b2,y13,y12,301.207316,,,,301.207316,398.26007599999997,,1425.646711
242,QQVTEAAEK,QGVTEAAEK,G to Q,1,0.443,2,S2,acgb2,b1,b2,y9,y8,b1,b2,y9,y8,358.22878599999996,486.28736599999996,,1104.609801,358.22878599999996,415.250246,,1033.5726809999999
243,EAPSYQEALAR,EAASYQEALAR,A to P,0,0.496,2,S2,acgb2,b0,b1,y12,y11,b0,b1,y12,y11,,359.21279599999997,,,,359.21279599999997,,
244,VSGQTEVDDILAAVRPTTR,VSGQAEVDDILAAVRPTTR,A to T,1,0.494,3,S2,acgb2,b1,b2,y19,y18,b1,b2,y19,y18,329.238616,416.270646,,,329.238616,,,
245,WKTDYDSAASEYGK,WKPDYDSAASEYGK,P to T,2,0.023,3,S2,acgb2,b2,b3,y13,y12,b2,b3,y13,y12,,,,,,,,1531.7113610000001
246,AQLEGHAVQSTLQSEESFR,AQLEGHAVQSTLQSEEWFR,W to S,1,0.36,3,S2,acgb2,b1,b2,y19,y18,b1,b2,y19,y18,,,,,301.207316,429.26589599999994,,
247,ASSSSLSMDEK,ASWSSLSMDEK,W to S,0,1.0,2,S2,acgb2,b0,b1,y12,y11,b0,b1,y12,y11,,301.207316,,,,301.207316,,
248,VLGTAGTEEGQK,ILGTAGTEEGQK,I to V,0,0.995,2,S2,acgb2,b0,b1,y13,y12,b0,b1,y13,y12,,329.238616,,,,343.254266,,
249,AAATQAWAGPMEEPPQAQAPPR,AAAPQAWAGPMEEPPQAQAPPR,P to T,0,0.045,3,S2,acgb2,b0,b1,y23,y22,b0,b1,y23,y22,,301.207316,,,,,,
250,GILAADESDGSIAK,GILAADESTGSIAK,T to D,0,0.024,2,S2,acgb2,b0,b1,y15,y14,b0,b1,y15,y14,,287.191666,,,,287.191666,,
251,GILAADESVGNMAK,GILAADESVGSMAK,S to N,2,0.25,2,S2,acgb2,b2,b3,y13,y12,b2,b3,y13,y12,400.27572599999996,513.359786,1563.8249309999999,1450.7408710000002,400.27572599999996,513.359786,1536.814031,1423.729971
252,EIVMTQSPGTLSLSPGER,EIVLTQSPGTLSLSPGER,L to M,0,0.998,2,S2,acgb2,b0,b1,y19,y18,b0,b1,y19,y18,,359.21279599999997,,,,359.21279599999997,,
253,PGAHAGEYGAEALER,VGAHAGEYGAEALER,V to P,0,0.329,3,S2,acgb2,b0,b1,y16,y15,b0,b1,y16,y15,,327.222966,,,,329.238616,,
254,DSVEEVCR,MSVEEVCR,M to D,0,0.995,2,S2,acgb2,b0,b1,y9,y8,b0,b1,y9,y8,,,,,,361.210696,,
255,ELVDDSLNNVRK,ELVDDSVNNVRK,V to I/L,0,0.983,3,S2,acgb2,b0,b1,y13,y12,b0,b1,y13,y12,,359.21279599999997,,,,359.21279599999997,,
256,NLVTEDVDR,NLVTEDVMR,M to D,0,0.907,2,S2,acgb2,b0,b1,y10,y9,b0,b1,y10,y9,,344.21313599999996,,,,344.21313599999996,,
257,IGEAEATVIEAMGK,IGEAEAAVIEAMGK,A to T,0,0.936,3,S2,acgb2,b0,b1,y15,y14,b0,b1,y15,y14,,,,,,,,
258,AGPESDAGYQFTGIK,AGPESDAQYQFTGIK,Q to G,7,0.125,3,S2,acgb2,b7,b8,y9,y8,b7,b8,y9,y8,,914.4416659999999,,,857.420206,985.478786,1284.714941,1213.6778310000002
259,QGDTEAAEK,QGVTEAAEK,V to D,0,1.0,2,S2,acgb2,b0,b1,y10,y9,b0,b1,y10,y9,,358.22878599999996,,,,358.22878599999996,,
260,DVQSGGCSANDSR,MVQSGGCSANDSR,M to D,0,0.605,2,S2,acgb2,b0,b1,y14,y13,b0,b1,y14,y13,,345.197146,,,,361.210696,,
261,AEDDAAIASCK,AEMDAAIASCK,M to D,0,1.0,2,S2,acgb2,b0,b1,y12,y11,b0,b1,y12,y11,,301.207316,,,,301.207316,,
262,FDLGQDVIMFTGHALALYR,FDLGQDVIDFTGHALALYR,D to M,1,0.743,3,S2,acgb2,b1,b2,y19,y18,b1,b2,y19,y18,,492.265556,,,377.238616,492.265556,,
263,VLGTAGTEEGQK,ILGTAGTEEGQK,I to V,0,0.997,2,S2,acgb2,b0,b1,y13,y12,b0,b1,y13,y12,,329.238616,,,,343.254266,,
264,ETPAATEAPSSGPK,ETPAATEAPSSTPK,T to G,1,0.957,2,S2,acgb2,b1,b2,y14,y13,b1,b2,y14,y13,359.21279599999997,460.260476,,1442.7688110000001,359.21279599999997,460.260476,,1486.795031
265,QLQSLDCDLESLR,QLQSLTCDLESLR,T to D,2,0.019,2,S2,acgb2,b2,b3,y12,y11,b2,b3,y12,y11,471.312846,599.371426,1448.704951,1335.620891,471.312846,599.371426,1434.725691,1321.641631
266,QNAYIATQGPLPETFGDFWR,QNAYIATQGSLPETFGDFWR,S to P,1,0.976,3,S2,acgb2,b1,b2,y20,y19,b1,b2,y20,y19,358.22878599999996,,,,,,,
267,DETDSPSTAFQVK,DETMSPSTAFQVK,M to D,1,0.908,2,S2,acgb2,b1,b2,y13,y12,b1,b2,y13,y12,345.197146,,,,345.197146,474.23973599999994,,1554.803501
268,TLNEADCATLPPAIR,TLNEADCATVPPAIR,V to I/L,0,0.999,2,S2,acgb2,b0,b1,y16,y15,b0,b1,y16,y15,,331.21788599999996,,,,331.21788599999996,,
269,LISSYDNEFGYSNR,LISWYDNEFGYSNR,W to S,0,0.999,2,S2,acgb2,b0,b1,y15,y14,b0,b1,y15,y14,,343.254266,,,,343.254266,,
270,TPFDDAIAELDTLNEDSYK,TAFDDAIAELDTLNEDSYK,A to P,1,0.166,2,S2,acgb2,b1,b2,y19,y18,b1,b2,y19,y18,,,,,,402.25499599999995,,
271,DDDTAALVVDNGSGMCK,DDDIAALVVDNGSGMCK,I to T,3,0.2,2,S2,acgb2,b3,b4,y15,y14,b3,b4,y15,y14,,,,,388.098696,501.182756,,
272,DDDISALVVDNGSGMCK,DDDIAALVVDNGSGMCK,A to S,0,0.994,2,S2,acgb2,b0,b1,y18,y17,b0,b1,y18,y17,,,,,,,,
273,DDDIAALVVDNGSGDCK,DDDIAALVVDNGSGMCK,M to D,1,0.498,2,S2,acgb2,b1,b2,y17,y16,b1,b2,y17,y16,,,,,,,,
274,DDDIAALVVDNGSGTCK,DDDIAALVVDNGSGMCK,M to T,1,0.984,2,S2,acgb2,b1,b2,y17,y16,b1,b2,y17,y16,,,,,,,,
275,DDDIAALPVDNGSGMCK,DDDIAALVVDNGSGMCK,V to P,7,0.015,2,S2,acgb2,b7,b8,y11,y10,b7,b8,y11,y10,,853.393796,1406.696921,1293.612861,756.3410359999999,855.409446,1424.7074710000002,1311.623411
0,LLGNVLVSVLAHHFGK,LLGNVLVCVLAHHFGK,C to S,0,1.0,4,S3,acgb3,b0,b1,y17,y16,b0,b1,y17,y16,,343.254266,,,,343.254266,,
1,LLGNVLVSVLAHHFGK,LLGNVLVCVLAHHFGK,C to S,0,1.0,4,S3,acgb3,b0,b1,y17,y16,b0,b1,y17,y16,,343.254266,,,,343.254266,,
2,ALVILPK,ALVILAK,A to P,0,0.994,2,S3,acgb3,b0,b1,y8,y7,b0,b1,y8,y7,,301.207316,,,,301.207316,,
3,LLQNVLVCVLAHHFGK,LLGNVLVCVLAHHFGK,G to Q,2,0.25,4,S3,acgb3,b2,b3,y15,y14,b2,b3,y15,y14,,,,,456.338326,513.359786,,
4,LLQNVLVCVLAHHFGK,LLGNVLVCVLAHHFGK,G to Q,0,0.487,4,S3,acgb3,b0,b1,y17,y16,b0,b1,y17,y16,,,,,,343.254266,,
5,LLQNVLVCVLAHHFGK,LLGNVLVCVLAHHFGK,G to Q,2,0.249,4,S3,acgb3,b2,b3,y15,y14,b2,b3,y15,y14,,,,,456.338326,513.359786,,
6,VIDVSDGK,VIDFSDGK,F to V,0,0.989,2,S3,acgb3,b0,b1,y9,y8,b0,b1,y9,y8,,329.238616,,,,329.238616,,
7,NLETEWAAAASEVK,NLEPEWAAAASEVK,P to T,0,0.327,3,S3,acgb3,b0,b1,y15,y14,b0,b1,y15,y14,,344.21313599999996,,,,344.21313599999996,,
8,ETWLNENQR,ETWLSENQR,S to N,0,1.0,2,S3,acgb3,b0,b1,y10,y9,b0,b1,y10,y9,,359.21279599999997,,,,359.21279599999997,,
9,SLPSATEDAK,TLPSATEDAK,T to S,0,0.5,2,S3,acgb3,b0,b1,y11,y10,b0,b1,y11,y10,,317.20223599999997,,,,331.21788599999996,,
10,DFTPVGTTELGR,DFTPVCTTELGR,C to G,0,0.999,2,S3,acgb3,b0,b1,y13,y12,b0,b1,y13,y12,,345.197146,,,,345.197146,,
11,LSGDSGIQECFNR,LWGDSGIQECFNR,W to S,1,0.987,2,S3,acgb3,b1,b2,y13,y12,b1,b2,y13,y12,343.254266,,,1369.580091,343.254266,529.333576,,1468.627371
12,PGAHAGEYGAEALER,VGAHAGEYGAEALER,V to P,0,0.528,2,S3,acgb3,b0,b1,y16,y15,b0,b1,y16,y15,,,,,,,,
13,KAEGVALTNATGVVESTSQAGDR,KAEGVALTNATGAVESTSQAGDR,A to V,0,0.993,3,S3,acgb3,b0,b1,y24,y23,b0,b1,y24,y23,,587.428096,,,,587.428096,,
14,FNPLFAQGNYSEAAK,FNALFAQGNYSEAAK,A to P,2,0.333,2,S3,acgb3,b2,b3,y14,y13,b2,b3,y14,y13,,359.171376,,,491.281546,562.318656,,
15,VVAQVANALAHK,VVAGVANALAHK,G to Q,3,0.022,3,S3,acgb3,b3,b4,y10,y9,b3,b4,y10,y9,,627.402716,,,499.344136,556.365596,1180.699941,1109.662831
16,LLQNVLVCVLAHHFGK,LLGNVLVCVLAHHFGK,G to Q,0,0.497,4,S3,acgb3,b0,b1,y17,y16,b0,b1,y17,y16,,,,,,343.254266,,
17,MYGVLTWNAFPGK,MYGVLPWNAFPGK,P to T,0,0.071,3,S3,acgb3,b0,b1,y14,y13,b0,b1,y14,y13,,361.210696,,,,361.210696,,
18,QYGIITWNAFPGK,QYGIIPWNAFPGK,P to T,0,0.961,3,S3,acgb3,b0,b1,y14,y13,b0,b1,y14,y13,,358.22878599999996,,,,358.22878599999996,,
19,ITSEAGDGATK,ITSEGGDGATK,G to A,0,1.0,2,S3,acgb3,b0,b1,y12,y11,b0,b1,y12,y11,,343.254266,,,,343.254266,,
20,QGAIVAVTGMGVNDSPALK,QGAIVAVTGDGVNDSPALK,D to M,2,0.383,3,S3,acgb3,b2,b3,y18,y17,b2,b3,y18,y17,,486.287356,,,415.250246,486.287356,1913.054071,
21,LLVVYTWTQR,LLVVYPWTQR,P to T,0,0.499,2,S3,acgb3,b0,b1,y11,y10,b0,b1,y11,y10,,343.254266,,,,343.254266,,
22,MYGVLTWNAFPGK,MYGVLPWNAFPGK,P to T,0,0.498,2,S3,acgb3,b0,b1,y14,y13,b0,b1,y14,y13,,361.210696,,,,361.210696,,
23,MYGVLTWNAFPGK,MYGVLPWNAFPGK,P to T,0,0.332,2,S3,acgb3,b0,b1,y14,y13,b0,b1,y14,y13,,361.210696,,,,361.210696,,
24,TSVSGNSK,TSVSGNWK,W to S,0,1.0,2,S3,acgb3,b0,b1,y9,y8,b0,b1,y9,y8,,331.21788599999996,,,,331.21788599999996,,
25,FYLGGPTSVR,FYLGGPTSIR,I to V,0,0.996,2,S3,acgb3,b0,b1,y11,y10,b0,b1,y11,y10,,377.238616,,,,377.238616,,
26,QALQNIIPASTGAAK,GALQNIIPASTGAAK,G to Q,0,0.163,3,S3,acgb3,b0,b1,y16,y15,b0,b1,y16,y15,,,,,,287.191666,,
27,VVLPIETPIR,VVLPIEAPIR,A to T,0,1.0,2,S3,acgb3,b0,b1,y11,y10,b0,b1,y11,y10,,329.238616,,,,329.238616,,
28,VVLAYETVWAIGTGK,VVLAYEPVWAIGTGK,P to T,0,0.012,3,S3,acgb3,b0,b1,y16,y15,b0,b1,y16,y15,,329.238616,,,,329.238616,,
29,IYIDDNSK,IYIDDNNK,N to S,0,0.996,2,S3,acgb3,b0,b1,y9,y8,b0,b1,y9,y8,,343.254266,,,,343.254266,,
30,LLVVYTWTQR,LLVVYPWTQR,P to T,0,0.996,2,S3,acgb3,b0,b1,y11,y10,b0,b1,y11,y10,,343.254266,,,,343.254266,,
31,QVTSTASTFVK,QATSTASTFVK,A to V,0,0.993,2,S3,acgb3,b0,b1,y12,y11,b0,b1,y12,y11,,358.22878599999996,,,,358.22878599999996,,
32,HMAGAAAAGAVVGGLGGYVLGSAMSR,HMAGAAAAGAVVGGLGGYMLGSAMSR,M to V,2,0.333,3,S3,acgb3,b2,b3,y25,y24,b2,b3,y25,y24,,,,,,569.306716,,
33,HMAGAAAAGAVVGGLGGYVLGSAMSR,HMAGAAAAGAVVGGLGGYMLGSAMSR,M to V,0,1.0,3,S3,acgb3,b0,b1,y27,y26,b0,b1,y27,y26,,,,,,367.229116,,
34,FQLGNSGPNSTIK,FQLSNSGPNSTIK,S to G,0,0.998,2,S3,acgb3,b0,b1,y14,y13,b0,b1,y14,y13,,377.238616,,,,377.238616,,
35,APQAQPTPGPGPAGVK,APQAQPAPGPGPAGVK,A to T,1,0.5,2,S3,acgb3,b1,b2,y16,y15,b1,b2,y16,y15,301.207316,,,1630.9113810000001,301.207316,398.26007599999997,,1600.900811
36,LVVGQNGILSTPAVSCIIR,LVIGQNGILSTPAVSCIIR,I to V,0,0.997,2,S3,acgb3,b0,b1,y20,y19,b0,b1,y20,y19,,343.254266,,,,343.254266,,
37,HMAGAAAAGAVVGGLGGYVLGSAMSR,HMAGAAAAGAVVGGLGGYMLGSAMSR,M to V,0,0.999,3,S3,acgb3,b0,b1,y27,y26,b0,b1,y27,y26,,,,,,367.229116,,
38,AYHEQLSVAEITNACFENANQMVK,AYHEQLSVAEITNACFEPANQMVK,P to N,1,0.195,3,S3,acgb3,b1,b2,y24,y23,b1,b2,y24,y23,,,,,301.207316,464.270646,,
39,AGVAAPATQVVQVTLQSVQR,AGVAAPATQVAQVTLQSVQR,A to V,1,0.986,2,S3,acgb3,b1,b2,y20,y19,b1,b2,y20,y19,,358.228776,,1952.092321,,358.228776,,1924.0610210000002
40,LAAENGWGVMVSHR,LAQENGWGVMVSHR,Q to A,2,0.011,3,S3,acgb3,b2,b3,y13,y12,b2,b3,y13,y12,414.29137599999996,485.32848599999994,,,414.29137599999996,542.349956,,
41,QIQENLIVPGGVK,QIGENLIVPGGVK,G to Q,2,0.167,3,S3,acgb3,b2,b3,y12,y11,b2,b3,y12,y11,,,,,471.312846,528.3343060000001,1424.867391,1311.783331
42,AGLADSFHLQQFFR,AQLADSFHLQQFFR,Q to G,1,0.494,3,S3,acgb3,b1,b2,y14,y13,b1,b2,y14,y13,,358.228776,,,301.207316,429.26589599999994,,
43,SAVENCQDSSR,SAVENCQDSWR,W to S,0,0.498,2,S3,acgb3,b0,b1,y12,y11,b0,b1,y12,y11,,317.20223599999997,,,,317.20223599999997,,
44,MSSTFIQNSTAIQELFK,MSSTFIGNSTAIQELFK,G to Q,2,0.026,3,S3,acgb3,b2,b3,y16,y15,b2,b3,y16,y15,448.242726,,,,448.242726,535.274756,1972.058851,1885.026821
45,FFESFGDLSGPDAVMGNPK,FFESFGDLSTPDAVMGNPK,T to G,0,0.966,3,S3,acgb3,b0,b1,y20,y19,b0,b1,y20,y19,,377.238616,,,,,,
46,LLLAGYDDFNCNPWDALK,LLLAGYDDFNCNVWDALK,V to P,2,0.023,3,S3,acgb3,b2,b3,y17,y16,b2,b3,y17,y16,456.338326,569.422386,,,456.338326,569.422386,,
47,QYTWGVAEVENGEHCDFTILR,QYPWGVAEVENGEHCDFTILR,P to T,0,0.243,3,S3,acgb3,b0,b1,y22,y21,b0,b1,y22,y21,,358.22878599999996,,,,358.22878599999996,,
48,TLADHLGMIAGGTGITPMWQLIR,TLADHLGMIAGGTGITPMLQLIR,L to W,2,0.327,3,S3,acgb3,b2,b3,y22,y21,b2,b3,y22,y21,,,,,,,,
49,SGPFGQIFRPDNFVFGQSGAGNNSAK,SGPFGQIFRPDNFVFGQSGAGNNWAK,W to S,1,0.973,3,S3,acgb3,b1,b2,y26,y25,b1,b2,y26,y25,317.20223599999997,374.22369599999996,,,,,,
50,SGPFGQIFRPDNFVFGQSGAGNNDAK,SGPFGQIFRPDNFVFGQSGAGNNWAK,W to D,1,0.447,3,S3,acgb3,b1,b2,y26,y25,b1,b2,y26,y25,317.20223599999997,,,,,,,
51,DVTNDVHYENYR,DVTCDVHYENYR,C to N,1,0.496,3,S3,acgb3,b1,b2,y12,y11,b1,b2,y12,y11,345.197146,444.265556,,,345.197146,444.265556,,1455.632131
52,LAQEGGWGVMVSHR,LAQENGWGVMVSHR,N to G,1,0.333,3,S3,acgb3,b1,b2,y14,y13,b1,b2,y14,y13,343.254266,414.29137599999996,,,343.254266,414.29137599999996,,
53,LAAENGWGVMVSHR,LAQENGWGVMVSHR,Q to A,2,0.167,3,S3,acgb3,b2,b3,y13,y12,b2,b3,y13,y12,414.29137599999996,485.32848599999994,,,414.29137599999996,542.349956,,
54,SGFAGDDAPR,AGFAGDDAPR,A to S,0,0.974,2,S3,acgb3,b0,b1,y11,y10,b0,b1,y11,y10,,,,,,301.207316,,
55,ASGAPPAGQQR,ASGAPPGGQQR,G to A,1,0.485,2,S3,acgb3,b1,b2,y11,y10,b1,b2,y11,y10,301.207316,388.239346,,968.4908010000001,301.207316,388.239346,,954.4751510000001
56,AQFAGDDAPR,AGFAGDDAPR,G to Q,1,0.5,2,S3,acgb3,b1,b2,y10,y9,b1,b2,y10,y9,301.207316,429.26589599999994,,,301.207316,358.228776,,905.411141
57,DGDGTITDK,DGDGTITTK,T to D,0,0.5,2,S3,acgb3,b0,b1,y10,y9,b0,b1,y10,y9,,345.197146,,,,345.197146,,
58,GHYDEGAELVDSVLDVVR,GHYTEGAELVDSVLDVVR,T to D,3,0.167,3,S3,acgb3,b3,b4,y16,y15,b3,b4,y16,y15,587.3139060000001,,,,587.3139060000001,688.361586,,1601.838051
59,LEEEQQSLK,LEEEGQSLK,G to Q,4,0.318,2,S3,acgb3,b4,b5,y6,y5,b4,b5,y6,y5,730.382036,858.440616,961.5515710000001,832.5089810000001,730.382036,787.403496,890.514451,761.471861
60,YPIEHGIITNSDDMEK,YPIEHGIITNWDDMEK,W to S,0,0.989,3,S3,acgb3,b0,b1,y17,y16,b0,b1,y17,y16,,393.233536,,,,393.233536,,
61,FFESFGDLSTPSAVMGNPK,FFESFGDLSTPDAVMGNPK,D to S,2,0.487,3,S3,acgb3,b2,b3,y18,y17,b2,b3,y18,y17,,,,,,,,
62,LSGSNSGNTATLTISR,FSGSNSGNTATLTISR,F to I/L,0,0.998,2,S3,acgb3,b0,b1,y17,y16,b0,b1,y17,y16,,343.254266,,,,377.238616,,
63,LTTPTYGDLNDLVSATMSGVTTCLR,LTTPTYGDLNHLVSATMSGVTTCLR,H to D,2,0.017,3,S3,acgb3,b2,b3,y24,y23,b2,b3,y24,y23,444.301946,545.3496260000001,,,444.301946,545.3496260000001,,
64,SGPFGQIFRPDNFVFGQSGAGNNSAK,SGPFGQIFRPDNFVFGQSGAGNNWAK,W to S,1,0.927,3,S3,acgb3,b1,b2,y26,y25,b1,b2,y26,y25,317.20223599999997,374.22369599999996,,,,,,
65,LAAENGWGVMVSHR,LAQENGWGVMVSHR,Q to A,2,0.185,3,S3,acgb3,b2,b3,y13,y12,b2,b3,y13,y12,414.29137599999996,485.32848599999994,,,414.29137599999996,542.349956,,
66,LASENGWGVMVSHR,LAQENGWGVMVSHR,Q to S,2,0.011,3,S3,acgb3,b2,b3,y13,y12,b2,b3,y13,y12,414.29137599999996,,,,414.29137599999996,542.349956,,
67,AGGVFLEELGNHK,AGQVFLEELGNHK,Q to G,2,0.284,3,S3,acgb3,b2,b3,y12,y11,b2,b3,y12,y11,,415.250236,,,,486.287356,,
68,DQDGTITTK,DGDGTITTK,G to Q,1,0.094,2,S3,acgb3,b1,b2,y9,y8,b1,b2,y9,y8,345.197146,473.255726,,,345.197146,402.21860599999997,,1021.5726910000001
69,TVPGEAVTSK,TVPVEAVTSK,V to G,0,0.981,2,S3,acgb3,b0,b1,y11,y10,b0,b1,y11,y10,,331.21788599999996,,,,331.21788599999996,,
70,ITSEAGDGATK,ITSEGGDGATK,G to A,0,0.999,2,S3,acgb3,b0,b1,y12,y11,b0,b1,y12,y11,,343.254266,,,,343.254266,,
71,EIPHLQAGQCGNQIGAK,EIVHLQAGQCGNQIGAK,V to P,2,0.167,3,S3,acgb3,b2,b3,y16,y15,,,,,472.296856,569.349616,,,,,,
72,DQGPIMPAPVK,DQGPIVPAPVK,V to M,3,0.954,2,S3,acgb3,b3,b4,y9,y8,b3,b4,y9,y8,,,1138.685541,,530.277186,627.3299460000001,1106.713461,1049.6920010000001
73,EQLYTTASLK,EQLYTPASLK,P to T,0,0.998,2,S3,acgb3,b0,b1,y11,y10,b0,b1,y11,y10,,359.21279599999997,,,,359.21279599999997,,
74,FFESFGDLSTPDAVDGNPK,FFESFGDLSTPDAVMGNPK,M to D,0,0.025,3,S3,acgb3,b0,b1,y20,y19,b0,b1,y20,y19,,377.238616,,,,,,
75,FFESFQDLSTPDAVMGNPK,FFESFGDLSTPDAVMGNPK,G to Q,5,0.049,3,S3,acgb3,b5,b6,y15,y14,b5,b6,y15,y14,887.450056,1015.508636,,1701.8678810000001,,,,1646.825661
76,LSGSNSGNTATLTISR,FSGSNSGNTATLTISR,F to I/L,0,0.989,2,S3,acgb3,b0,b1,y17,y16,b0,b1,y17,y16,,343.254266,,,,377.238616,,
77,SIQFVDSCPTGFK,SIQFVDWCPTGFK,W to S,0,1.0,2,S3,acgb3,b0,b1,y14,y13,b0,b1,y14,y13,,317.20223599999997,,,,317.20223599999997,,
78,LTFFNSTLNTSGPVPEGDALPIPGAHRPGVVTK,LTFFNSTLNTSGLVPEGDALPIPGAHRPGVVTK,L to P,1,0.49,4,S3,acgb3,b1,b2,y33,y32,b1,b2,y33,y32,343.254266,444.301946,,,343.254266,444.301946,,
79,SIQFVDDCPTGFK,SIQFVDWCPTGFK,W to D,0,1.0,2,S3,acgb3,b0,b1,y14,y13,b0,b1,y14,y13,,317.20223599999997,,,,317.20223599999997,,
80,YVSLIYTNYEAGK,YISLIYTNYEAGK,I to V,0,0.997,2,S3,acgb3,b0,b1,y14,y13,b0,b1,y14,y13,,393.233536,,,,393.233536,,
81,NSSYFVESIPNNVK,NSSYFVEWIPNNVK,W to S,0,1.0,2,S3,acgb3,b0,b1,y15,y14,b0,b1,y15,y14,,344.21313599999996,,,,344.21313599999996,,
82,NSSYFPEWIPNNVK,NSSYFVEWIPNNVK,V to P,0,0.489,2,S3,acgb3,b0,b1,y15,y14,b0,b1,y15,y14,,344.21313599999996,,,,344.21313599999996,,
83,SIQFPDWCPTGFK,SIQFVDWCPTGFK,V to P,0,0.011,2,S3,acgb3,b0,b1,y14,y13,b0,b1,y14,y13,,,,,,317.20223599999997,,
84,FTVGDHSR,FTIGDHSR,I to V,0,1.0,3,S3,acgb3,b0,b1,y9,y8,b0,b1,y9,y8,,377.238616,,,,377.238616,,
85,YLSTASTMDHAR,YLATASTMDHAR,A to S,0,0.99,3,S3,acgb3,b0,b1,y13,y12,b0,b1,y13,y12,,,,,,393.233536,,
86,YLSTASTMDHAR,YLATASTMDHAR,A to S,0,0.991,3,S3,acgb3,b0,b1,y13,y12,b0,b1,y13,y12,,,,,,393.233536,,
87,LAAENGWGVMVSHR,LAQENGWGVMVSHR,Q to A,2,0.167,3,S3,acgb3,b2,b3,y13,y12,b2,b3,y13,y12,414.29137599999996,485.32848599999994,,,414.29137599999996,542.349956,,
88,VIATFSCSGEK,VIATFTCSGEK,T to S,0,0.77,2,S3,acgb3,b0,b1,y12,y11,b0,b1,y12,y11,,329.238616,,,,329.238616,,
89,SIQFVDSCPTGFK,SIQFVDWCPTGFK,W to S,0,0.5,2,S3,acgb3,b0,b1,y14,y13,b0,b1,y14,y13,,317.20223599999997,,,,317.20223599999997,,
90,NTGQGCVCSNQFLVQR,NTGQTCVCSNQFLVQR,T to G,0,1.0,2,S3,acgb3,b0,b1,y17,y16,b0,b1,y17,y16,,344.21313599999996,,,,344.21313599999996,,
91,DDAANNYAR,EDAANNYAR,E to D,0,0.99,2,S3,acgb3,b0,b1,y10,y9,b0,b1,y10,y9,,345.197146,,,,359.21279599999997,,
92,SSVLEGLVGR,SSVLESLVGR,S to G,0,0.99,2,S3,acgb3,b0,b1,y11,y10,b0,b1,y11,y10,,317.20223599999997,,,,317.20223599999997,,
93,VLGPFSDGLAHLDNLK,VLGAFSDGLAHLDNLK,A to P,3,0.015,3,S3,acgb3,b3,b4,y14,y13,b3,b4,y14,y13,,367.233966,,,499.344136,570.381246,,
94,VLEAFSDGLAHLDNLK,VLGAFSDGLAHLDNLK,G to E,2,0.143,3,S3,acgb3,b2,b3,y15,y14,b2,b3,y15,y14,442.32267599999994,,,,442.32267599999994,499.344136,1799.985271,
95,ILAAQGQVSAQGGAQPSVEAPAAPRPTATQLTR,ILAAQGQLSAQGGAQPSVEAPAAPRPTATQLTR,L to V,0,0.999,4,S3,acgb3,b0,b1,y34,y33,b0,b1,y34,y33,,343.254266,,,,343.254266,,
96,AILVDLEPGQMDSVR,AILVDLEPGTMDSVR,T to Q,1,0.022,2,S3,acgb3,b1,b2,y15,y14,b1,b2,y15,y14,301.207316,414.29137599999996,,1587.804641,301.207316,414.29137599999996,,1544.798841
97,CQPGFHSLTEAGCRPCSCDPSGSIDECNVETGR,CQPGFHSLTEAGCRPCSCDPSGSIDECNIETGR,I to V,2,0.486,4,S3,acgb3,b2,b3,y32,y31,b2,b3,y32,y31,518.2594300000001,,,,518.2594300000001,,,
98,NTGQGCVCSNQFLVQR,NTGQTCVCSNQFLVQR,T to G,0,0.999,2,S3,acgb3,b0,b1,y17,y16,b0,b1,y17,y16,,344.21313599999996,,,,344.21313599999996,,
99,PLTVPELTQQMFDAK,ALTVPELTQQMFDAK,A to P,0,0.333,2,S3,acgb3,b0,b1,y16,y15,b0,b1,y16,y15,,,,,,301.207316,,
100,YLSTASTMDHAR,YLATASTMDHAR,A to S,0,0.984,3,S3,acgb3,b0,b1,y13,y12,b0,b1,y13,y12,,,,,,393.233536,,
101,PGAHAGEYGAEALER,VGAHAGEYGAEALER,V to P,0,0.498,3,S3,acgb3,b0,b1,y16,y15,b0,b1,y16,y15,,,,,,,,
102,GGETPSEEK,AGETPSEEK,A to G,0,0.989,2,S3,acgb3,b0,b1,y10,y9,b0,b1,y10,y9,,287.191666,,,,301.207316,,
103,VLGAFSDGLAHLDSLK,VLGAFSDGLAHLDNLK,N to S,13,0.012,3,S3,acgb3,b13,b14,y4,y3,b13,b14,y4,y3,1525.821166,,,576.391821,1525.821166,1639.864096,718.429661,603.402721
104,YDEMVENMK,YDEMVESMK,S to N,0,0.023,2,S3,acgb3,b0,b1,y10,y9,b0,b1,y10,y9,,393.233536,,,,393.233536,,
105,TGTAEMNSILEER,TGTAEMSSILEER,S to N,1,0.5,2,S3,acgb3,b1,b2,y13,y12,b1,b2,y13,y12,331.21788599999996,388.239346,,1365.631441,331.21788599999996,388.239346,,1322.625641
106,VQAQHDYMATDTDELQLK,VQAQHDYTATDTDELQLK,T to M,0,1.0,3,S3,acgb3,b0,b1,y19,y18,b0,b1,y19,y18,,329.238616,,,,329.238616,,
107,GAAAVQQLQAEGLSPR,GQAAVQQLQAEGLSPR,Q to A,1,0.5,2,S3,acgb3,b1,b2,y16,y15,b1,b2,y16,y15,287.191666,358.228776,,,287.191666,415.250246,,1595.849971
108,SMTEAEQQQLIDDHMLFDK,SMTEAEQQQLIDDHFLFDK,F to M,2,0.482,3,S3,acgb3,b2,b3,y18,y17,b2,b3,y18,y17,,549.2904060000001,,,464.237626,565.285306,,
109,AVLVDLEPGQMDSVR,AVLVDLEPGTMDSVR,T to Q,1,0.249,2,S3,acgb3,b1,b2,y15,y14,b1,b2,y15,y14,301.207316,400.275726,,1573.788991,301.207316,400.275726,,1530.783191
110,IISNPSCTTNCLAPLAK,IISNASCTTNCLAPLAK,A to P,4,0.2,2,S3,acgb3,b4,b5,y14,y13,b4,b5,y14,y13,,525.303116,,,657.413286,728.4503960000001,1749.882491,1635.8395610000002
111,MCDNGMTAFEPEALGNLVEGLDFHR,MCDPGMTAFEPEALGNLVEGLDFHR,P to N,2,0.03,3,S3,acgb3,b2,b3,y24,y23,b2,b3,y24,y23,,636.268286,,,521.241346,636.268286,,
112,LAPEALSSLDGDLAGR,LAVEALSSLDGDLAGR,V to P,0,0.031,3,S3,acgb3,b0,b1,y17,y16,b0,b1,y17,y16,,,,,,343.254266,,
113,RPGEDMEEEQAFK,RPAEDMEEEQAFK,A to G,1,0.328,3,S3,acgb3,b1,b2,y13,y12,b1,b2,y13,y12,386.271316,,,,386.271316,,,1652.767491
114,TDDCHTWVLPVVK,TDDCHPWVLPVVK,P to T,0,0.061,3,S3,acgb3,b0,b1,y14,y13,b0,b1,y14,y13,,331.21788599999996,,,,331.21788599999996,,
115,VLGAFSDGLAHLDSLK,VLGAFSDGLAHLDNLK,N to S,4,0.013,3,S3,acgb3,b4,b5,y13,y12,b4,b5,y13,y12,570.381246,717.449656,,1531.831741,570.381246,717.449656,,1558.842641
116,AGGENISVSK,AGQENISVSK,Q to G,2,0.027,2,S3,acgb3,b2,b3,y9,y8,b2,b3,y9,y8,,415.250236,,1062.5992410000001,358.228776,486.287356,1190.657821,1133.636361
117,GVDAQTTLSK,GVDAQGTLSK,G to T,1,0.154,2,S3,acgb3,b1,b2,y10,y9,b1,b2,y10,y9,287.191666,386.26007599999997,,1191.6782210000001,287.191666,386.26007599999997,,1147.6520010000002
118,NYTSMYDK,NYTSVYDK,V to M,1,0.5,2,S3,acgb3,b1,b2,y8,y7,b1,b2,y8,y7,344.21313599999996,507.27646599999997,,1136.5495310000001,344.21313599999996,507.27646599999997,,1104.577451
119,AEGVALTNATGVVESTSQAGDR,AEGVALTNATGAVESTSQAGDR,A to V,1,0.973,3,S3,acgb3,b1,b2,y22,y21,b1,b2,y22,y21,,430.24990599999995,,,301.207316,430.24990599999995,,
120,SVATGSSEAAGGASGGGAR,SVATGSSETAGGASGGGAR,T to A,1,0.782,2,S3,acgb3,b1,b2,y19,y18,b1,b2,y19,y18,,,,,,,,
121,VSTLAGIGIQGTDK,VSTVAGIGIQGTDK,V to I/L,0,1.0,2,S3,acgb3,b0,b1,y15,y14,b0,b1,y15,y14,,329.238616,,,,329.238616,,
122,TTWGIIEVENLNHCEFALLR,TPWGIIEVENLNHCEFALLR,P to T,0,0.498,3,S3,acgb3,b0,b1,y21,y20,b0,b1,y21,y20,,331.21788599999996,,,,331.21788599999996,,
123,TCSFDFTGAVEDISK,TCGFDFTGAVEDISK,G to S,0,0.998,2,S3,acgb3,b0,b1,y16,y15,b0,b1,y16,y15,,331.21788599999996,,,,,,
124,YASICQQMGIVPIVEPEILPDGDHDLK,YASICQQNGIVPIVEPEILPDGDHDLK,N to M,3,0.179,3,S3,acgb3,b3,b4,y25,y24,b3,b4,y25,y24,551.302676,664.386736,,,551.302676,664.386736,,
125,YASICQQMGIVPIVEPEILPDGDHDLK,YASICQQNGIVPIVEPEILPDGDHDLK,N to M,3,0.213,3,S3,acgb3,b3,b4,y25,y24,b3,b4,y25,y24,551.302676,664.386736,,,551.302676,664.386736,,
126,GDSAPAAAK,GDSAPATAK,T to A,0,1.0,2,S3,acgb3,b0,b1,y10,y9,b0,b1,y10,y9,,287.191666,,,,287.191666,,
127,ENTDLAGELR,ENADLAGELR,A to T,0,0.983,2,S3,acgb3,b0,b1,y11,y10,b0,b1,y11,y10,,359.21279599999997,,,,359.21279599999997,,
128,IQAADYQPTEQDILR,IGAADYQPTEQDILR,G to Q,1,0.5,2,S3,acgb3,b1,b2,y15,y14,b1,b2,y15,y14,,471.312846,,1647.7972710000001,343.254266,400.27572599999996,,1576.7601510000002
129,GGGFGGGSSFGGGGGFSGGGFGGGGFGGGR,GGGFGGGSSFGGGSGFSGGGFGGGGFGGGR,S to G,8,0.097,2,S3,acgb3,b8,b9,y23,y22,b8,b9,y23,y22,,664.268506,,,806.399406,893.431436,,
130,VSRPESEQLR,VSRPENEQLR,N to S,1,0.946,3,S3,acgb3,b1,b2,y10,y9,b1,b2,y10,y9,329.238616,416.270646,,,329.238616,416.270646,,
131,GDSAPAAAK,GDSAPATAK,T to A,0,1.0,2,S3,acgb3,b0,b1,y10,y9,b0,b1,y10,y9,,287.191666,,,,287.191666,,
132,ATGPAPGPTSEREPAAGPGR,ATGPAPGPTGEREPAAGPGR,G to S,1,0.49,3,S3,acgb3,b1,b2,y20,y19,b1,b2,y20,y19,301.207316,402.25499599999995,,,301.207316,402.25499599999995,,
133,EIAEADLGK,EIAEAYLGK,Y to D,1,0.5,2,S3,acgb3,b1,b2,y9,y8,b1,b2,y9,y8,359.21279599999997,472.296856,,1045.609061,359.21279599999997,472.296856,,1093.645451
134,SDSELNNEVAAR,SDSELNSEVAAR,S to N,0,1.0,2,S3,acgb3,b0,b1,y13,y12,b0,b1,y13,y12,,317.20223599999997,,,,317.20223599999997,,
135,SDSELNNEVAAR,SDSELNSEVAAR,S to N,1,0.492,2,S3,acgb3,b1,b2,y12,y11,b1,b2,y12,y11,317.20223599999997,432.229176,,1217.575651,317.20223599999997,432.229176,,1190.5647510000001
136,SSQESGEEAGSQENHPQESK,SSQESGEETGSQENHPQESK,T to A,0,0.985,3,S3,acgb3,b0,b1,y21,y20,b0,b1,y21,y20,,317.20223599999997,,,,317.20223599999997,,
137,AVSTGVQAGINMPCFTTALSFYDGYR,AVSTGVQAGIPMPCFTTALSFYDGYR,P to N,0,0.5,3,S3,acgb3,b0,b1,y27,y26,b0,b1,y27,y26,,301.207316,,,,,,
138,DYEFDWNPHLGYILTCPSNLGTGLR,DYEFMWNPHLGYILTCPSNLGTGLR,M to D,3,0.069,3,S3,acgb3,b3,b4,y23,y22,b3,b4,y23,y22,450.150736,,,,637.3030660000001,784.371476,,
139,AATYWLDEPK,AAPYWLDEPK,P to T,2,0.332,3,S3,acgb3,b2,b3,y9,y8,b2,b3,y9,y8,372.244426,473.29210599999993,,,372.244426,469.29718599999995,1347.714591,1276.677481
140,PNTFVAELK,ANTFVAELK,A to P,0,0.5,2,S3,acgb3,b0,b1,y10,y9,b0,b1,y10,y9,,,,,,301.207316,,
141,NRPTSISSDGLDSGK,NRPTSISWDGLDSGK,W to S,0,0.986,3,S3,acgb3,b0,b1,y16,y15,b0,b1,y16,y15,,344.21313599999996,,,,344.21313599999996,,
142,NRPTSISDDGLDSGK,NRPTSISWDGLDSGK,W to D,1,0.718,3,S3,acgb3,b1,b2,y15,y14,b1,b2,y15,y14,344.21313599999996,500.31424599999997,,,344.21313599999996,500.31424599999997,,
143,QTAASAGLVDAPAAAPAAAR,QTAASAGLVDAPAPAPAAAR,P to A,0,0.5,3,S3,acgb3,b0,b1,y21,y20,b0,b1,y21,y20,,358.22878599999996,,,,358.22878599999996,,
144,VFPPENVEQMGCK,VFPPEIVEQMGCK,I to N,3,0.239,3,S3,acgb3,b3,b4,y11,y10,b3,b4,y11,y10,,,1517.7289510000003,1420.6761910000002,,,1516.770081,1419.7173209999999
145,NPSSAGSSNSGSSGPGSTGNR,NPSSAGSWNSGSSGPGSTGNR,W to S,7,0.725,3,S3,acgb3,b7,b8,y15,y14,b7,b8,y15,y14,830.420556,917.452586,,,830.420556,,1450.6305510000002,1363.5985210000001
146,ATGPAPGPTSEREPAAGPGR,ATGPAPGPTGEREPAAGPGR,G to S,2,0.325,3,S3,acgb3,b2,b3,y19,y18,b2,b3,y19,y18,402.25499599999995,459.276456,,,402.25499599999995,459.276456,,
147,DYSVDANSK,DYSVTANSK,T to D,2,0.281,2,S3,acgb3,b2,b3,y8,y7,b2,b3,y8,y7,508.260476,595.292506,1112.5785110000002,949.515181,508.260476,595.292506,1098.599251,935.535921
148,PYGENIGYSEK,AYGENIGYSEK,A to P,0,0.5,2,S3,acgb3,b0,b1,y12,y11,b0,b1,y12,y11,,,,,,301.207316,,
149,PYGENIGYSEK,AYGENIGYSEK,A to P,0,0.5,2,S3,acgb3,b0,b1,y12,y11,b0,b1,y12,y11,,,,,,301.207316,,
150,SELELQLGK,SELELTLGK,T to Q,2,0.333,2,S3,acgb3,b2,b3,y8,y7,b2,b3,y8,y7,446.24482599999993,559.328886,1158.693131,1029.650541,446.24482599999993,559.328886,1131.682231,1002.639641
151,SDSELNNEVAAR,SDSELNSEVAAR,S to N,0,0.977,2,S3,acgb3,b0,b1,y13,y12,b0,b1,y13,y12,,317.20223599999997,,,,317.20223599999997,,
152,LYTWGIVEVENQAHCDFVK,LYPWGIVEVENQAHCDFVK,P to T,0,0.041,3,S3,acgb3,b0,b1,y20,y19,b0,b1,y20,y19,,343.254266,,,,343.254266,,
153,PDALQAGASQFETSAAK,ADALQAGASQFETSAAK,A to P,0,0.25,2,S3,acgb3,b0,b1,y18,y17,b0,b1,y18,y17,,,,,,,,
154,QTAASAGLVDAPAAAPAAAR,QTAASAGLVDAPAPAPAAAR,P to A,0,0.142,2,S3,acgb3,b0,b1,y21,y20,b0,b1,y21,y20,,358.22878599999996,,,,358.22878599999996,,
155,TTTTGWTLDQCIQTGVDNPGHPFIK,TTPTGWTLDQCIQTGVDNPGHPFIK,P to T,2,0.164,3,S3,acgb3,b2,b3,y24,y23,b2,b3,y24,y23,432.265566,,,,432.265566,,,
156,MPSTFIGNSTAIQELFK,MSSTFIGNSTAIQELFK,S to P,1,0.332,2,S3,acgb3,b1,b2,y17,y16,b1,b2,y17,y16,,,,,361.210696,448.242726,,1972.058851
157,PNTFVAELK,ANTFVAELK,A to P,0,0.5,2,S3,acgb3,b0,b1,y10,y9,b0,b1,y10,y9,,,,,,301.207316,,
158,NRPTSISDDGLDSGK,NRPTSISWDGLDSGK,W to D,7,0.817,3,S3,acgb3,b7,b8,y9,y8,b7,b8,y9,y8,,1100.589746,1122.547591,1035.515561,985.562806,1171.642116,1193.5999610000001,1106.567931
159,QTAASAGLVDAPAAAPAAAR,QTAASAGLVDAPAPAPAAAR,P to A,0,0.968,3,S3,acgb3,b0,b1,y21,y20,b0,b1,y21,y20,,358.22878599999996,,,,358.22878599999996,,
160,AAGGQAGSPDK,AAQGQAGSPDK,Q to G,2,0.011,2,S3,acgb3,b2,b3,y10,y9,b2,b3,y10,y9,,429.26588599999997,1116.5846410000001,,372.244426,500.3030059999999,1187.621761,1116.5846510000001
161,ALTVPELTQQDFDAK,ALTVPELTQQVFDAK,V to D,0,0.985,3,S3,acgb3,b0,b1,y16,y15,b0,b1,y16,y15,,,,,,301.207316,,
162,ALDVPELTQQVFDAK,ALTVPELTQQVFDAK,T to D,2,0.012,3,S3,acgb3,b2,b3,y14,y13,b2,b3,y14,y13,414.29137599999996,,,,414.29137599999996,515.339056,,1704.936941
163,ELVDDSLNNVR,ELVDDSVNNVR,V to I/L,0,0.999,2,S3,acgb3,b0,b1,y12,y11,b0,b1,y12,y11,,359.21279599999997,,,,359.21279599999997,,
164,ALTVPELDQQMFDAK,ALTVPELTQQMFDAK,T to D,0,0.048,3,S3,acgb3,b0,b1,y16,y15,b0,b1,y16,y15,,301.207316,,,,301.207316,,
165,ASDTALYYCAR,ASDTAMYYCAR,M to I/L,0,0.994,2,S3,acgb3,b0,b1,y12,y11,b0,b1,y12,y11,,301.207316,,,,301.207316,,
166,VAPEEHPVLLTEAPSNPK,VAPEEHPVLLTEAPLNPK,L to S,1,0.018,3,S3,acgb3,b1,b2,y18,y17,b1,b2,y18,y17,,400.275726,,,329.238616,400.275726,,
167,VAPEEHPPLLTEAPLNPK,VAPEEHPVLLTEAPLNPK,V to P,3,0.197,3,S3,acgb3,b3,b4,y16,y15,b3,b4,y16,y15,,626.371076,,,,626.371076,,
168,SQGGEPDYNVAVGR,SQGGEPTYNVAVGR,T to D,1,0.208,2,S3,acgb3,b1,b2,y14,y13,b1,b2,y14,y13,317.20223599999997,445.26081600000003,,1361.644391,317.20223599999997,445.26081600000003,,1347.6651310000002
169,DLNSQADNLMTSSAFDTSQVK,DLNSQADSLMTSSAFDTSQVK,S to N,0,0.018,3,S3,acgb3,b0,b1,y22,y21,b0,b1,y22,y21,,345.197146,,,,345.197146,,
170,HLGGITWTYAEDAVPTLTPCR,HLGGIPWTYAEDAVPTLTPCR,P to T,0,0.332,3,S3,acgb3,b0,b1,y22,y21,b0,b1,y22,y21,,367.229116,,,,367.229116,,
171,TTTTGWTLDQCIQTGVDNPGHPFIK,TTPTGWTLDQCIQTGVDNPGHPFIK,P to T,0,0.08,3,S3,acgb3,b0,b1,y26,y25,b0,b1,y26,y25,,331.21788599999996,,,,331.21788599999996,,
172,DSYVGDEANSK,DSYVGDEAQSK,Q to N,0,0.332,3,S3,acgb3,b0,b1,y12,y11,b0,b1,y12,y11,,,,,,345.197146,,
173,GVDAQGTSSK,GVDAQGTLSK,L to S,0,0.999,2,S3,acgb3,b0,b1,y11,y10,b0,b1,y11,y10,,287.191666,,,,287.191666,,
174,GSASIGSLCADAR,TSASIGSLCADAR,T to G,0,0.983,2,S3,acgb3,b0,b1,y14,y13,b0,b1,y14,y13,,287.191666,,,,331.21788599999996,,
175,STESLQTNVQR,STESLQANVQR,A to T,0,1.0,2,S3,acgb3,b0,b1,y12,y11,b0,b1,y12,y11,,317.20223599999997,,,,317.20223599999997,,
176,ELVDDSLNNVR,ELVDDSVNNVR,V to I/L,0,1.0,2,S3,acgb3,b0,b1,y12,y11,b0,b1,y12,y11,,359.21279599999997,,,,359.21279599999997,,
177,QEFEVMEDHAGMYGLGDR,QEFEVMEDHAGTYGLGDR,T to M,0,1.0,3,S3,acgb3,b0,b1,y19,y18,b0,b1,y19,y18,,358.22878599999996,,,,358.22878599999996,,
178,ALPNSEDLVK,ALPSSEDLVK,S to N,0,0.993,2,S3,acgb3,b0,b1,y11,y10,b0,b1,y11,y10,,301.207316,,,,301.207316,,
179,DSYVGDEANSK,DSYVGDEAQSK,Q to N,0,0.014,2,S3,acgb3,b0,b1,y12,y11,b0,b1,y12,y11,,,,,,345.197146,,
180,AMGIMMSFVNDIFER,AMGIMNSFVNDIFER,N to M,1,0.025,2,S3,acgb3,b1,b2,y15,y14,b1,b2,y15,y14,301.207316,432.247806,,,301.207316,448.242706,,1688.777061
181,FPDLTDAAAR,FADLTDAAAR,A to P,0,0.998,2,S3,acgb3,b0,b1,y11,y10,b0,b1,y11,y10,,,,,,377.238616,,
182,FPDLTDAAAR,FADLTDAAAR,A to P,0,0.992,2,S3,acgb3,b0,b1,y11,y10,b0,b1,y11,y10,,,,,,377.238616,,
183,EPGEGGEAEAPAAEGGK,EAGEGGEAEAPAAEGGK,A to P,1,0.039,3,S3,acgb3,b1,b2,y17,y16,b1,b2,y17,y16,,,,,359.21279599999997,430.24990599999995,,1629.7917009999999
184,GCEENLDEAR,GSEENLDEAR,S to C,0,0.996,2,S3,acgb3,b0,b1,y11,y10,b0,b1,y11,y10,,287.191666,,,,287.191666,,
185,PDDPTMGEGPDK,ADDPTMGEGPDK,A to P,0,0.497,2,S3,acgb3,b0,b1,y13,y12,b0,b1,y13,y12,,,,,,301.207316,,
186,ALPNSEDLVK,ALPSSEDLVK,S to N,0,0.995,2,S3,acgb3,b0,b1,y11,y10,b0,b1,y11,y10,,301.207316,,,,301.207316,,
187,PGGEGGSEEEGSDK,AGGEGGSEEEGSDK,A to P,0,0.25,2,S3,acgb3,b0,b1,y15,y14,b0,b1,y15,y14,,,,,,301.207316,,
188,PGGEGGSEEEGSDK,AGGEGGSEEEGSDK,A to P,0,0.25,2,S3,acgb3,b0,b1,y15,y14,b0,b1,y15,y14,,,,,,301.207316,,
189,PEGAATEEEGTPK,AEGAATEEEGTPK,A to P,0,0.499,2,S3,acgb3,b0,b1,y14,y13,b0,b1,y14,y13,,,,,,301.207316,,
190,PEGAATEEEGTPK,AEGAATEEEGTPK,A to P,0,0.471,2,S3,acgb3,b0,b1,y14,y13,b0,b1,y14,y13,,,,,,301.207316,,
191,DTEEEDFHVDQATTVK,DTEEEDFHVDQVTTVK,V to A,1,0.987,3,S3,acgb3,b1,b2,y16,y15,b1,b2,y16,y15,345.197146,446.24482599999993,,,345.197146,446.24482599999993,,
192,PMDTLGIEYGDK,AMDTLGIEYGDK,A to P,0,0.2,2,S3,acgb3,b0,b1,y13,y12,b0,b1,y13,y12,,,,,,301.207316,,
193,PVFVDLEPTVIDEVR,AVFVDLEPTVIDEVR,A to P,0,0.499,2,S3,acgb3,b0,b1,y16,y15,b0,b1,y16,y15,,,,,,301.207316,,
194,PVFVDLEPTVIDEVR,AVFVDLEPTVIDEVR,A to P,0,0.499,2,S3,acgb3,b0,b1,y16,y15,b0,b1,y16,y15,,,,,,301.207316,,
195,EWGEGGEAEAPAAEGGK,EAGEGGEAEAPAAEGGK,A to W,1,0.199,2,S3,acgb3,b1,b2,y17,y16,b1,b2,y17,y16,,,,,359.21279599999997,430.24990599999995,,1629.7917009999999
196,EQSGDYECSASNDVATPVVR,EQSGDYECSASNDVAAPVVR,A to T,0,0.924,2,S3,acgb3,b0,b1,y21,y20,b0,b1,y21,y20,,359.21279599999997,,,,359.21279599999997,,
197,AGPLAGHDNR,AGVLAGHDNR,V to P,2,0.332,3,S3,acgb3,b2,b3,y9,y8,b2,b3,y9,y8,,455.281536,,,358.228776,457.29718599999995,938.4802310000001,
198,APQEADAFMGVESGHVK,APQEADAFMGVESGHMK,M to V,0,0.999,3,S3,acgb3,b0,b1,y18,y17,b0,b1,y18,y17,,301.207316,,,,301.207316,,
199,DFLPGGVAAAISK,DFLAGGVAAAISK,A to P,2,0.114,2,S3,acgb3,b2,b3,y12,y11,b2,b3,y12,y11,,376.18668599999995,,1212.751301,492.265556,605.349616,1333.804061,1186.735651
200,DFLPGGVAAAISK,DFLAGGVAAAISK,A to P,2,0.063,2,S3,acgb3,b2,b3,y12,y11,b2,b3,y12,y11,,376.18668599999995,,1212.751301,492.265556,605.349616,1333.804061,1186.735651
201,AGEEWTTGAWK,AQEEWTTGAWK,Q to G,1,0.5,2,S3,acgb3,b1,b2,y11,y10,b1,b2,y11,y10,301.207316,358.228776,,1393.694921,301.207316,429.26589599999994,,1464.732041
202,QYTWGVVQVENENHCDFVK,QYPWGVVQVENENHCDFVK,P to T,0,0.492,3,S3,acgb3,b0,b1,y20,y19,b0,b1,y20,y19,,358.22878599999996,,,,358.22878599999996,,
203,AYHETLSVAEITNACFEPANQMVK,AYHEQLSVAEITNACFEPANQMVK,Q to T,4,0.194,3,S3,acgb3,b4,b5,y21,y20,b4,b5,y21,y20,,,,,730.372146,858.430726,,
204,QPFDDAIAELDTLNEDSYK,QAFDDAIAELDTLNEDSYK,A to P,1,0.167,2,S3,acgb3,b1,b2,y19,y18,b1,b2,y19,y18,,,,,358.22878599999996,429.26589599999994,,
205,NLAAELNQLR,ALAAELNQLR,A to N,0,0.767,2,S3,acgb3,b0,b1,y11,y10,b0,b1,y11,y10,,,,,,301.207316,,
206,ATSWFDTGLSEMR,APSWFDTGLSEMR,P to T,1,0.25,3,S3,acgb3,b1,b2,y13,y12,b1,b2,y13,y12,301.207316,,,1429.6416310000002,301.207316,398.26007599999997,,1425.646711
207,NHLDQNPQLQWNATEPSR,NHLDQNPQLQWNTTEPSR,T to A,0,0.012,3,S3,acgb3,b0,b1,y19,y18,b0,b1,y19,y18,,,,,,344.21313599999996,,
208,AGALQEECGYLR,AQALQEECGYLR,Q to G,1,0.014,2,S3,acgb3,b1,b2,y12,y11,b1,b2,y12,y11,,358.228776,,,301.207316,429.26589599999994,,1366.641961
209,VLGTAGTEEGQK,ILGTAGTEEGQK,I to V,0,0.989,2,S3,acgb3,b0,b1,y13,y12,b0,b1,y13,y12,,329.238616,,,,343.254266,,
210,GIQEEDEALVK,GIQEEMEALVK,M to D,0,0.998,2,S3,acgb3,b0,b1,y12,y11,b0,b1,y12,y11,,287.191666,,,,287.191666,,
211,EQMQLISEKPETEAVVK,EGMQLISEKPETEAVVK,G to Q,1,0.07,3,S3,acgb3,b1,b2,y17,y16,b1,b2,y17,y16,359.21279599999997,487.271376,,,359.21279599999997,416.23425599999996,,
212,VGAHAGEYGAEAAER,VGAHAGEYGAEALER,L to A,0,0.903,3,S3,acgb3,b0,b1,y16,y15,b0,b1,y16,y15,,329.238616,,,,,,
213,VQAHAGEYGAEALER,VGAHAGEYGAEALER,G to Q,1,0.493,3,S3,acgb3,b1,b2,y15,y14,b1,b2,y15,y14,,457.297196,,,,,,
214,YDDMSAAMK,YDDMAAAMK,A to S,0,0.832,2,S3,acgb3,b0,b1,y10,y9,b0,b1,y10,y9,,393.233536,,,,393.233536,,
215,PGAHAGEYGAEALER,VGAHAGEYGAEALER,V to P,0,0.25,2,S3,acgb3,b0,b1,y16,y15,b0,b1,y16,y15,,,,,,,,
216,TLNEADCATLPPAIR,TLNEADCATVPPAIR,V to I/L,0,1.0,2,S3,acgb3,b0,b1,y16,y15,b0,b1,y16,y15,,331.21788599999996,,,,331.21788599999996,,
217,LYTWGVVEVENPEHNDFLK,LYPWGVVEVENPEHNDFLK,P to T,0,0.332,3,S3,acgb3,b0,b1,y20,y19,b0,b1,y20,y19,,343.254266,,,,343.254266,,
218,EPLQDVEDENQ,EALQDVEDENQ,A to P,1,0.497,2,S3,acgb3,b1,b2,y11,y10,b1,b2,y11,y10,359.21279599999997,456.265556,,,359.21279599999997,430.24990599999995,,1160.5065710000001
219,DDDIAALVVDNGSGMCL,DDDIAALVVDNGSGMCK,K to I/L,1,0.49,2,S3,acgb3,b1,b2,y17,y16,b1,b2,y17,y16,,,,,,,,
220,DDDIAALVVDNGSGTCK,DDDIAALVVDNGSGMCK,M to T,0,1.0,2,S3,acgb3,b0,b1,y18,y17,b0,b1,y18,y17,,,,,,,,
0,DNDILGK,DGDILGK,G to N,0,0.997,2,S4,acgb4,b0,b1,y8,y7,b0,b1,y8,y7,,345.197146,,,,345.197146,,
1,LQLSDTAGQER,LQLWDTAGQER,W to S,0,0.5,2,S4,acgb4,b0,b1,y12,y11,,,,,,343.254266,,,,,,
2,SLPSATEDAK,TLPSATEDAK,T to S,0,0.989,2,S4,acgb4,b0,b1,y11,y10,b0,b1,y11,y10,,317.20223599999997,,,,331.21788599999996,,
3,LALFNPDVCSDR,LALFNPDVCWDR,W to S,1,0.022,2,S4,acgb4,b1,b2,y12,y11,b1,b2,y12,y11,343.254266,414.29137599999996,,1293.589191,343.254266,414.29137599999996,,1392.636471
4,NQSQLSADDLK,NQWQLSADDLK,W to S,0,0.993,2,S4,acgb4,b0,b1,y12,y11,b0,b1,y12,y11,,344.21313599999996,,,,344.21313599999996,,
5,NQDQLSADDLK,NQWQLSADDLK,W to D,0,1.0,2,S4,acgb4,b0,b1,y12,y11,b0,b1,y12,y11,,344.21313599999996,,,,344.21313599999996,,
6,EDPNLVPSISSK,EDPNLVPSISNK,N to S,0,0.999,2,S4,acgb4,b0,b1,y13,y12,b0,b1,y13,y12,,359.21279599999997,,,,359.21279599999997,,
7,LRDEQLNSPYSCQAEGPCLTR,LRDEQLNAPYSCQAEGPCLTR,A to S,0,0.999,3,S4,acgb4,b0,b1,y22,y21,b0,b1,y22,y21,,343.254266,,,,,,
8,NISFTVSDVGGQDK,NISFTVWDVGGQDK,W to S,1,0.497,2,S4,acgb4,b1,b2,y14,y13,b1,b2,y14,y13,344.21313599999996,457.29719599999993,,,344.21313599999996,457.29719599999993,,1680.879421
9,FNPLFAQGNYSEAAK,FNALFAQGNYSEAAK,A to P,2,0.332,2,S4,acgb4,b2,b3,y14,y13,b2,b3,y14,y13,,359.171376,,,491.281546,562.318656,1712.8804910000001,1598.837561
10,TGQATVASGIPAGWMGLMCGPESSK,TGQATVASGIPAGWMGLDCGPESSK,D to M,1,0.453,3,S4,acgb4,b1,b2,y25,y24,b1,b2,y25,y24,,,,,,,,
11,FFESFGMLSTPDAVMGNPK,FFESFGDLSTPDAVMGNPK,D to M,6,0.011,3,S4,acgb4,b6,b7,y14,y13,b6,b7,y14,y13,,1075.5120060000002,,,944.471516,1059.498456,1646.825661,1589.8042010000001
12,LLQNVLVCVLAHHFGK,LLGNVLVCVLAHHFGK,G to Q,2,0.371,4,S4,acgb4,b2,b3,y15,y14,b2,b3,y15,y14,456.338326,,,,456.338326,,1893.072981,1779.988921
13,MYGVLTWNAFPGK,MYGVLPWNAFPGK,P to T,0,0.497,2,S4,acgb4,b0,b1,y14,y13,b0,b1,y14,y13,,361.210696,,,,361.210696,,
14,FYLGGPTSVR,FYLGGPTSIR,I to V,0,0.5,2,S4,acgb4,b0,b1,y11,y10,b0,b1,y11,y10,,377.238616,,,,377.238616,,
15,GPSGPSGPAGK,GPAGPSGPAGK,A to S,0,0.905,2,S4,acgb4,b0,b1,y12,y11,,,,,,287.191666,,,,,,
16,IYIDDNSK,IYIDDNNK,N to S,0,0.988,2,S4,acgb4,b0,b1,y9,y8,b0,b1,y9,y8,,343.254266,,,,343.254266,,
17,LLVVYTWTQR,LLVVYPWTQR,P to T,0,0.463,2,S4,acgb4,b0,b1,y11,y10,b0,b1,y11,y10,,343.254266,,,,343.254266,,
18,SAILQEPLLK,SAILPEPLLK,P to Q,0,0.996,2,S4,acgb4,b0,b1,y11,y10,b0,b1,y11,y10,,317.20223599999997,,,,317.20223599999997,,
19,QVTSTASTFVK,QATSTASTFVK,A to V,0,0.993,2,S4,acgb4,b0,b1,y12,y11,b0,b1,y12,y11,,358.22878599999996,,,,358.22878599999996,,
20,CICNQLSLTTK,CICSQLSLTTK,S to N,0,0.997,2,S4,acgb4,b0,b1,y12,y11,b0,b1,y12,y11,,390.20084999999995,,,,390.20084999999995,,
21,FQLGNSGPNSTIK,FQLSNSGPNSTIK,S to G,0,1.0,2,S4,acgb4,b0,b1,y14,y13,b0,b1,y14,y13,,377.238616,,,,377.238616,,
22,APQAQPTPGPGPAGVK,APQAQPAPGPGPAGVK,A to T,1,0.851,2,S4,acgb4,b1,b2,y16,y15,b1,b2,y16,y15,301.207316,,,1630.9113810000001,301.207316,398.26007599999997,,1600.900811
23,TPCAVSCNIPVVSGK,TPCTVSCNIPVVSGK,T to A,0,1.0,2,S4,acgb4,b0,b1,y16,y15,b0,b1,y16,y15,,331.21788599999996,,,,331.21788599999996,,
24,IISNAGCTTNCLAPLAK,IISNASCTTNCLAPLAK,S to G,0,1.0,2,S4,acgb4,b0,b1,y18,y17,b0,b1,y18,y17,,343.254266,,,,343.254266,,
25,CTATSLIPVGNIQWFR,CTATSLIPVGPIQWFR,P to N,0,0.167,2,S4,acgb4,b0,b1,y17,y16,b0,b1,y17,y16,,390.20084999999995,,,,390.20084999999995,,
26,LPVNMVPFPR,LAVNMVPFPR,A to P,1,0.5,2,S4,acgb4,b1,b2,y10,y9,b1,b2,y10,y9,,211.144096,,1072.5607810000001,343.254266,414.29137599999996,,1030.5502310000002
27,LPVNMVPFPR,LAVNMVPFPR,A to P,1,0.5,2,S4,acgb4,b1,b2,y10,y9,b1,b2,y10,y9,,211.144096,,1072.5607810000001,343.254266,414.29137599999996,,1030.5502310000002
28,LEVNMVPFPR,LAVNMVPFPR,A to E,1,0.5,2,S4,acgb4,b1,b2,y10,y9,b1,b2,y10,y9,,285.144526,,,343.254266,414.29137599999996,,1030.5502310000002
29,GALANIIPASTGAAK,GALQNIIPASTGAAK,Q to A,3,0.25,2,S4,acgb4,b3,b4,y13,y12,b3,b4,y13,y12,,313.18701599999997,,,471.312836,599.3714160000001,1512.894681,1399.810621
30,ILTITGPTDAIFK,IVTITGPTDAIFK,V to I/L,0,0.995,2,S4,acgb4,b0,b1,y14,y13,b0,b1,y14,y13,,343.254266,,,,343.254266,,
31,NSESCDCLQGFQLTHSLGGGTGSGMGTLLISK,ESESCDCLQGFQLTHSLGGGTGSGMGTLLISK,E to N,0,0.33,3,S4,acgb4,b0,b1,y33,y32,b0,b1,y33,y32,,,,,,,,
32,LAQEGGWGVMVSHR,LAQENGWGVMVSHR,N to G,0,0.497,3,S4,acgb4,b0,b1,y15,y14,b0,b1,y15,y14,,343.254266,,,,343.254266,,
33,YPIEHGIITNSDDMEK,YPIEHGIITNWDDMEK,W to S,0,0.999,3,S4,acgb4,b0,b1,y17,y16,b0,b1,y17,y16,,393.233536,,,,393.233536,,
34,LYACEVTHQGLSSPVTK,VYACEVTHQGLSSPVTK,V to I/L,0,0.489,3,S4,acgb4,b0,b1,y18,y17,b0,b1,y18,y17,,343.254266,,,,329.238616,,
35,AGGGAGGGGGSGPSAILR,AGGGAGGSGGSGPSAILR,S to G,1,0.955,2,S4,acgb4,b1,b2,y18,y17,b1,b2,y18,y17,301.207316,358.228776,,1327.671251,301.207316,358.228776,,1357.6818210000001
36,SGPFGQIFRPDNFVFGQSGAGNNSAK,SGPFGQIFRPDNFVFGQSGAGNNWAK,W to S,0,0.487,4,S4,acgb4,b0,b1,y27,y26,b0,b1,y27,y26,,,,,,317.20223599999997,,
37,ELNARDLEVFMCSVLK,ELNARPLEVFMCSVLK,P to D,2,0.317,3,S4,acgb4,b2,b3,y15,y14,b2,b3,y15,y14,,586.339786,2024.086991,,472.296856,586.339786,2006.1128110000002,1893.028751
38,SGPFGQIFRPDNFVFGQSGAGNNSAK,SGPFGQIFRPDNFVFGQSGAGNNWAK,W to S,0,0.967,3,S4,acgb4,b0,b1,y27,y26,b0,b1,y27,y26,,,,,,317.20223599999997,,
39,SGPFGQIFRPDNFVFGQSGAGNNDAK,SGPFGQIFRPDNFVFGQSGAGNNWAK,W to D,1,0.846,3,S4,acgb4,b1,b2,y26,y25,b1,b2,y26,y25,,,,2869.4218509999996,317.20223599999997,374.22369599999996,,2940.474221
40,LAAENGWGVMVSHR,LAQENGWGVMVSHR,Q to A,0,0.328,3,S4,acgb4,b0,b1,y15,y14,b0,b1,y15,y14,,,,,,343.254266,,
41,LAAENGWGVMVSHR,LAQENGWGVMVSHR,Q to A,2,0.177,3,S4,acgb4,b2,b3,y13,y12,b2,b3,y13,y12,,485.32848599999994,,,,,,
42,STVGLDFK,STVGVDFK,V to I/L,0,1.0,2,S4,acgb4,b0,b1,y9,y8,b0,b1,y9,y8,,317.20223599999997,,,,317.20223599999997,,
43,VGSSMRPLLQAQGLTPSER,VGSSMRPLLQAQGLAPSER,A to T,0,0.999,3,S4,acgb4,b0,b1,y20,y19,b0,b1,y20,y19,,329.238616,,,,329.238616,,
44,YPIEHGIITNSDDMEK,YPIEHGIITNWDDMEK,W to S,0,0.999,3,S4,acgb4,b0,b1,y17,y16,b0,b1,y17,y16,,393.233536,,,,393.233536,,
45,FFESFGDLSTPDAVMGMPK,FFESFGDLSTPDAVMGNPK,N to M,2,0.028,3,S4,acgb4,b2,b3,y18,y17,b2,b3,y18,y17,,,,,524.3070260000001,653.349616,,
46,SGPFGQIFRPDNFVFGQSGAGNNSAK,SGPFGQIFRPDNFVFGQSGAGNNWAK,W to S,1,0.922,3,S4,acgb4,b1,b2,y26,y25,b1,b2,y26,y25,,374.22369599999996,,,317.20223599999997,374.22369599999996,,2940.474221
47,LAAENGWGVMVSHR,LAQENGWGVMVSHR,Q to A,0,0.247,3,S4,acgb4,b0,b1,y15,y14,b0,b1,y15,y14,,,,,,343.254266,,
48,LAQEGGWGVMVSHR,LAQENGWGVMVSHR,N to G,1,0.333,3,S4,acgb4,b1,b2,y14,y13,b1,b2,y14,y13,343.254266,414.29137599999996,,,343.254266,,,
49,LAAENGWGVMVSHR,LAQENGWGVMVSHR,Q to A,2,0.167,3,S4,acgb4,b2,b3,y13,y12,b2,b3,y13,y12,,485.32848599999994,,,,,,
50,AGGVFLEELGNHK,AGQVFLEELGNHK,Q to G,0,0.49,3,S4,acgb4,b0,b1,y14,y13,b0,b1,y14,y13,,,,,,,,
51,AGLQDLNDR,AQLQDLNDR,Q to G,1,0.01,2,S4,acgb4,b1,b2,y9,y8,b1,b2,y9,y8,,358.228776,,,301.207316,429.26589599999994,,1001.5010410000001
52,SIQFVDSCPTGFK,SIQFVDWCPTGFK,W to S,0,1.0,3,S4,acgb4,b0,b1,y14,y13,b0,b1,y14,y13,,317.20223599999997,,,,317.20223599999997,,
53,DGGAASPANEGR,DGGAASPATEGR,T to N,0,0.988,2,S4,acgb4,b0,b1,y13,y12,b0,b1,y13,y12,,345.197146,,,,345.197146,,
54,CSEQTGDGTSK,SSEQTGDGTSK,S to C,0,0.995,2,S4,acgb4,b0,b1,y12,y11,b0,b1,y12,y11,,390.20084999999995,,,,317.20223599999997,,
55,EQLYTTASLK,EQLYTPASLK,P to T,0,0.999,2,S4,acgb4,b0,b1,y11,y10,b0,b1,y11,y10,,359.21279599999997,,,,359.21279599999997,,
56,AVCMLSNTTAIAEASAR,AVCMLSNTTAIAEAWAR,W to S,0,0.331,2,S4,acgb4,b0,b1,y18,y17,b0,b1,y18,y17,,301.207316,,,,301.207316,,
57,SIQFVDDCPTGFK,SIQFVDWCPTGFK,W to D,0,1.0,2,S4,acgb4,b0,b1,y14,y13,b0,b1,y14,y13,,317.20223599999997,,,,317.20223599999997,,
58,NSSYFVESIPNNVK,NSSYFVEWIPNNVK,W to S,0,0.995,2,S4,acgb4,b0,b1,y15,y14,b0,b1,y15,y14,,344.21313599999996,,,,344.21313599999996,,
59,NSSYFPEWIPNNVK,NSSYFVEWIPNNVK,V to P,0,0.324,2,S4,acgb4,b0,b1,y15,y14,b0,b1,y15,y14,,,,,,344.21313599999996,,
60,YTLPPGVDPTQVSSSLSPEGTLTVEANMPK,YTLPPGVDPTQVSSSLSPEGTLTVEAPMPK,P to N,1,0.322,3,S4,acgb4,b1,b2,y30,y29,b1,b2,y30,y29,393.233536,494.28121600000003,,,,494.28121600000003,,
61,YLSTASTMDHAR,YLATASTMDHAR,A to S,0,0.985,3,S4,acgb4,b0,b1,y13,y12,b0,b1,y13,y12,,,,,,393.233536,,
62,HNMVGETEEEK,HNMCGETEEEK,C to V,0,0.978,3,S4,acgb4,b0,b1,y12,y11,b0,b1,y12,y11,,367.229116,,,,367.229116,,
63,TIDFVDWCPTGFK,TIQFVDWCPTGFK,Q to D,2,0.2,3,S4,acgb4,b2,b3,y12,y11,b2,b3,y12,y11,,559.328886,,,444.301946,572.360526,1726.882401,1613.798341
64,VLEAFSDGLAHLDNLK,VLGAFSDGLAHLDNLK,G to E,2,0.143,3,S4,acgb4,b2,b3,y15,y14,b2,b3,y15,y14,,571.365266,,1758.922341,442.32267599999994,499.344136,1799.985271,1686.901211
65,EIPHLQAGQCGNQIGAK,EIVHLQAGQCGNQIGAK,V to P,2,0.167,3,S4,acgb4,b2,b3,y16,y15,,,,,472.296856,,,,,,,
66,LTTPTYGDLMHLVSATMSGVTTCLR,LTTPTYGDLNHLVSATMSGVTTCLR,N to M,6,0.236,3,S4,acgb4,b6,b7,y20,y19,b6,b7,y20,y19,906.5133960000001,963.534856,,,,963.534856,,
67,NTGQGCVCSNQFLVQR,NTGQTCVCSNQFLVQR,T to G,0,1.0,2,S4,acgb4,b0,b1,y17,y16,b0,b1,y17,y16,,344.21313599999996,,,,344.21313599999996,,
68,FDQALNVDLTEFQTNLVPYPR,FDGALNVDLTEFQTNLVPYPR,G to Q,2,0.01,3,S4,acgb4,b2,b3,y20,y19,b2,b3,y20,y19,,,,,492.265556,,,
69,QQVAEAAGK,QGVAEAAGK,G to Q,1,0.5,2,S4,acgb4,b1,b2,y9,y8,b1,b2,y9,y8,,,,1002.5781010000001,358.22878599999996,415.250246,,931.540981
70,EANALAAGHPAQAAAINAR,EANALAAGHPAQAVAINAR,V to A,0,0.999,3,S4,acgb4,b0,b1,y20,y19,b0,b1,y20,y19,,,,,,359.21279599999997,,
71,VLEAFSDGLAHLDNLK,VLGAFSDGLAHLDNLK,G to E,2,0.166,3,S4,acgb4,b2,b3,y15,y14,b2,b3,y15,y14,,571.365266,,1758.922341,442.32267599999994,499.344136,1799.985271,1686.901211
72,DLTTGYDSSQPNK,DVTTGYDSSQPNK,V to I/L,0,0.993,2,S4,acgb4,b0,b1,y14,y13,b0,b1,y14,y13,,345.197146,,,,345.197146,,
73,AILVDLEPGQMDSVR,AILVDLEPGTMDSVR,T to Q,2,0.303,2,S4,acgb4,b2,b3,y14,y13,b2,b3,y14,y13,414.29137599999996,527.375436,1587.804641,1474.720581,414.29137599999996,527.375436,1544.798841,1431.7147810000001
74,GVQDIVVGEGTHFLITWVQK,GVQDIVVGEGTHFLIPWVQK,P to T,0,0.332,3,S4,acgb4,b0,b1,y21,y20,b0,b1,y21,y20,,,,,,287.191666,,
75,NTGQGCVCSNQFLVQR,NTGQTCVCSNQFLVQR,T to G,0,0.968,2,S4,acgb4,b0,b1,y17,y16,b0,b1,y17,y16,,344.21313599999996,,,,344.21313599999996,,
76,EVDEQMLNPQNK,EVDEQMLNVQNK,V to P,0,0.02,3,S4,acgb4,b0,b1,y13,y12,b0,b1,y13,y12,,359.21279599999997,,,,359.21279599999997,,
77,VLGAFSDGLAHLDMLK,VLGAFSDGLAHLDNLK,N to M,1,0.929,3,S4,acgb4,b1,b2,y16,y15,b1,b2,y16,y15,329.238616,442.32267599999994,,,329.238616,442.32267599999994,,1799.985271
78,AAAPAPVSEAVSR,AAAPAPVSEAVCR,C to S,0,0.496,2,S4,acgb4,b0,b1,y14,y13,b0,b1,y14,y13,,301.207316,,,,301.207316,,
79,MMVHPNVICDGCNGPVVGTR,NMVHPNVICDGCNGPVVGTR,N to M,0,0.25,3,S4,acgb4,b0,b1,y21,y20,b0,b1,y21,y20,,,,,,344.21313599999996,,
80,TGTAEMNSILEER,TGTAEMSSILEER,S to N,1,0.498,2,S4,acgb4,b1,b2,y13,y12,b1,b2,y13,y12,331.21788599999996,388.239346,,1365.631441,331.21788599999996,388.239346,,1322.625641
81,MQDAFSAIGQNADLDLPQIAVVGGQSAGK,LQDAFSAIGQNADLDLPQIAVVGGQSAGK,L to M,0,0.015,4,S4,acgb4,b0,b1,y30,y29,b0,b1,y30,y29,,,,,,,,
82,ILAAQGQVSAQGGAQPSVEAPAAPRPTATQLTR,ILAAQGQLSAQGGAQPSVEAPAAPRPTATQLTR,L to V,0,1.0,4,S4,acgb4,b0,b1,y34,y33,b0,b1,y34,y33,,343.254266,,,,343.254266,,
83,TTWGIIEVENLNHCEFALLR,TPWGIIEVENLNHCEFALLR,P to T,0,0.493,3,S4,acgb4,b0,b1,y21,y20,b0,b1,y21,y20,,331.21788599999996,,,,331.21788599999996,,
84,GFEVVYGTEPIDEYCVQQLK,GFEVVYMTEPIDEYCVQQLK,M to G,6,0.125,3,S4,acgb4,b6,b7,y15,y14,b6,b7,y15,y14,,,,,924.502816,1055.543306,,
85,IISNPSCTTNCLAPLAK,IISNASCTTNCLAPLAK,A to P,4,0.2,2,S4,acgb4,b4,b5,y14,y13,b4,b5,y14,y13,,525.303116,,,657.413286,728.4503960000001,,1635.8395610000002
86,VQINYQPPTVVPGGDLAK,VGINYQPPTVVPGGDLAK,G to Q,1,0.494,2,S4,acgb4,b1,b2,y18,y17,b1,b2,y18,y17,,457.297196,,,329.238616,386.26007599999997,,
87,YASICQQMGIVPIVEPEILPDGDHDLK,YASICQQNGIVPIVEPEILPDGDHDLK,N to M,3,0.452,3,S4,acgb4,b3,b4,y25,y24,b3,b4,y25,y24,551.302676,664.386736,,,551.302676,664.386736,,2928.5337609999997
88,ATWELLELR,APWELLELR,P to T,0,0.019,2,S4,acgb4,b0,b1,y10,y9,b0,b1,y10,y9,,301.207316,,,,301.207316,,
89,AAAPAPVSEAVSR,AAAPAPVSEAVCR,C to S,0,0.662,2,S4,acgb4,b0,b1,y14,y13,b0,b1,y14,y13,,301.207316,,,,301.207316,,
90,GVDAQTTLSK,GVDAQGTLSK,G to T,1,0.233,2,S4,acgb4,b1,b2,y10,y9,b1,b2,y10,y9,287.191666,386.26007599999997,,1191.6782210000001,287.191666,386.26007599999997,,1147.6520010000002
91,SVATGSSEAAGGASGGGAR,SVATGSSETAGGASGGGAR,T to A,1,0.897,2,S4,acgb4,b1,b2,y19,y18,b1,b2,y19,y18,,,,,,,,
92,LEIWDTAGQER,FEIWDTAGQER,F to I/L,0,0.989,2,S4,acgb4,b0,b1,y12,y11,b0,b1,y12,y11,,343.254266,,,,377.238616,,
93,NRDVEMGMSVIEENEMK,NRDVEMGNSVIEENEMK,N to M,4,0.033,3,S4,acgb4,b4,b5,y14,y13,b4,b5,y14,y13,,843.452186,1870.879761,1771.811351,714.4095960000001,843.452186,1837.887301,1738.818891
94,TTWGIIEVENLNHCEFALLR,TPWGIIEVENLNHCEFALLR,P to T,1,0.488,3,S4,acgb4,b1,b2,y20,y19,b1,b2,y20,y19,331.21788599999996,,,2314.164821,331.21788599999996,,,2310.1699009999998
95,NMTEAEQQQLIDDHFLFDK,SMTEAEQQQLIDDHFLFDK,S to N,0,0.249,3,S4,acgb4,b0,b1,y20,y19,b0,b1,y20,y19,,,,,,,,
96,TCSFDFTGAVEDISK,TCGFDFTGAVEDISK,G to S,0,1.0,2,S4,acgb4,b0,b1,y16,y15,b0,b1,y16,y15,,,,,,331.21788599999996,,
97,YASICQQMGIVPIVEPEILPDGDHDLK,YASICQQNGIVPIVEPEILPDGDHDLK,N to M,7,0.035,3,S4,acgb4,b7,b8,y21,y20,b7,b8,y21,y20,1080.534546,1211.575036,,,1080.534546,1194.5774760000002,,
98,FSDGAEGQR,FSWGAEGQR,W to D,0,0.987,2,S4,acgb4,b0,b1,y10,y9,b0,b1,y10,y9,,377.238616,,,,377.238616,,
99,GDSAPAAAK,GDSAPATAK,T to A,0,1.0,2,S4,acgb4,b0,b1,y10,y9,b0,b1,y10,y9,,287.191666,,,,287.191666,,
100,AEGAPNQGK,AEGTPNQGK,T to A,0,1.0,2,S4,acgb4,b0,b1,y10,y9,b0,b1,y10,y9,,301.207316,,,,301.207316,,
101,FSWGQEGQR,FSWGAEGQR,A to Q,1,0.026,2,S4,acgb4,b1,b2,y9,y8,b1,b2,y9,y8,377.238616,464.270646,,947.4329610000001,377.238616,464.270646,,890.4114910000001
102,ENTDLAGELR,ENADLAGELR,A to T,0,1.0,2,S4,acgb4,b0,b1,y11,y10,b0,b1,y11,y10,,359.21279599999997,,,,359.21279599999997,,
103,QLAEEDAAQQR,QLAEEDLAQQR,L to A,0,1.0,2,S4,acgb4,b0,b1,y12,y11,b0,b1,y12,y11,,358.22878599999996,,,,358.22878599999996,,
104,WGMAGAEYVVESTGVFTTMEK,WGDAGAEYVVESTGVFTTMEK,D to M,2,0.122,3,S4,acgb4,b2,b3,y20,y19,b2,b3,y20,y19,,,,,473.27097599999996,588.297916,2320.1215709999997,
105,TIGGGDDSFMTFFSETGAGK,TIGGGDDSFNTFFSETGAGK,N to M,2,0.326,2,S4,acgb4,b2,b3,y19,y18,b2,b3,y19,y18,,,,,444.301946,501.3234059999999,,
106,QTMTGHESDINAICFFPNGNAFATGSDDATCR,QTFTGHESDINAICFFPNGNAFATGSDDATCR,F to M,2,0.285,3,S4,acgb4,b2,b3,y31,y30,b2,b3,y31,y30,459.27646599999997,,,,459.27646599999997,606.344876,,
107,GDSAPAAAK,GDSAPATAK,T to A,0,0.994,2,S4,acgb4,b0,b1,y10,y9,b0,b1,y10,y9,,287.191666,,,,287.191666,,
108,SDSELNNEVAAR,SDSELNSEVAAR,S to N,0,0.99,2,S4,acgb4,b0,b1,y13,y12,b0,b1,y13,y12,,317.20223599999997,,,,317.20223599999997,,
109,NEPIQAAHDAVAQEGQCR,NEAIQAAHDAVAQEGQCR,A to P,2,0.333,2,S4,acgb4,b2,b3,y17,y16,b2,b3,y17,y16,,341.145556,,,473.2557259999999,544.292836,1853.855851,
110,MYTMIQEPMLNAAQEQFGGNPFASVGSSSSSGEGTQPSR,MYTDIQEPMLNAAQEQFGGNPFASVGSSSSSGEGTQPSR,D to M,3,0.244,4,S4,acgb4,b3,b4,y37,y36,b3,b4,y37,y36,,756.362196,,,,,,
111,WGMAGAEYVVESTGVFTTMEK,WGDAGAEYVVESTGVFTTMEK,D to M,2,0.111,3,S4,acgb4,b2,b3,y20,y19,b2,b3,y20,y19,,,,,473.27097599999996,588.297916,2320.1215709999997,
112,DATPQQAQEVHEK,TATPQQAQEVHEK,T to D,0,0.874,3,S4,acgb4,b0,b1,y14,y13,b0,b1,y14,y13,,,,,,331.21788599999996,,
113,QTAASAGLVDAPAAAPAAAR,QTAASAGLVDAPAPAPAAAR,P to A,0,0.5,3,S4,acgb4,b0,b1,y21,y20,b0,b1,y21,y20,,358.22878599999996,,,,358.22878599999996,,
114,SDSELNNEVAAR,SDSELNSEVAAR,S to N,0,0.999,2,S4,acgb4,b0,b1,y13,y12,b0,b1,y13,y12,,317.20223599999997,,,,317.20223599999997,,
115,MGMLDDDEFALANHLIK,DGMLDDDEFALANHLIK,D to M,0,0.011,3,S4,acgb4,b0,b1,y18,y17,b0,b1,y18,y17,,,,,,345.197146,,
116,QTAASAGLVDAPAAAPAAAR,QTAASAGLVDAPAPAPAAAR,P to A,0,0.249,2,S4,acgb4,b0,b1,y21,y20,b0,b1,y21,y20,,358.22878599999996,,,,358.22878599999996,,
117,DYEFMWMPHLGYILTCPSNLGTGLR,DYEFMWNPHLGYILTCPSNLGTGLR,N to M,3,0.018,3,S4,acgb4,b3,b4,y23,y22,b3,b4,y23,y22,637.3030660000001,784.371476,,2580.255961,637.3030660000001,,,
118,GVDAQGTSSK,GVDAQGTLSK,L to S,0,0.999,2,S4,acgb4,b0,b1,y11,y10,b0,b1,y11,y10,,287.191666,,,,287.191666,,
119,ELVDDSLNNVR,ELVDDSVNNVR,V to I/L,0,1.0,2,S4,acgb4,b0,b1,y12,y11,b0,b1,y12,y11,,359.21279599999997,,,,359.21279599999997,,
120,GASGTREDPNLVPSISSK,GASGTREDPNLVPSISNK,N to S,1,0.272,3,S4,acgb4,b1,b2,y18,y17,b1,b2,y18,y17,287.191666,358.228776,,,287.191666,358.228776,,
121,VAPEEHPVLLDEAPLNPK,VAPEEHPVLLTEAPLNPK,T to D,1,0.961,3,S4,acgb4,b1,b2,y18,y17,b1,b2,y18,y17,,400.275726,,,329.238616,400.275726,,
122,HLGGITWTYAEDAVPTLTPCR,HLGGIPWTYAEDAVPTLTPCR,P to T,0,0.328,3,S4,acgb4,b0,b1,y22,y21,b0,b1,y22,y21,,367.229116,,,,367.229116,,
123,DYEFMWMPHLGYILTCPSNLGTGLR,DYEFMWNPHLGYILTCPSNLGTGLR,N to M,3,0.25,3,S4,acgb4,b3,b4,y23,y22,b3,b4,y23,y22,637.3030660000001,784.371476,,2580.255961,637.3030660000001,,,
124,EVDAQGTLSK,GVDAQGTLSK,G to E,0,0.498,2,S4,acgb4,b0,b1,y11,y10,b0,b1,y11,y10,,,,,,287.191666,,
125,VMQVVDEK,IMQVVDEK,I to V,0,0.995,2,S4,acgb4,b0,b1,y9,y8,b0,b1,y9,y8,,329.238616,,,,343.254266,,
126,VADALTNAVAHVDMMPNALSALSDLHAHK,VADALTNAVAHVDDMPNALSALSDLHAHK,D to M,1,0.102,5,S4,acgb4,b1,b2,y29,y28,b1,b2,y29,y28,,,,,,,,
127,ELVDDSLNNVR,ELVDDSVNNVR,V to I/L,0,1.0,2,S4,acgb4,b0,b1,y12,y11,b0,b1,y12,y11,,359.21279599999997,,,,359.21279599999997,,
128,AGFEGIVTDLIR,AQFEGIVTDLIR,Q to G,1,0.014,2,S4,acgb4,b1,b2,y12,y11,b1,b2,y12,y11,,358.228776,,,301.207316,429.26589599999994,,1290.705201
129,DSYVQDEAQSK,DSYVGDEAQSK,G to Q,4,0.024,2,S4,acgb4,b4,b5,y8,y7,b4,b5,y8,y7,,,1133.599971,1034.531561,694.3609160000001,751.382376,1062.5628510000001,963.494441
130,TTGIVMMSGDGVTHTVPIYEGYALPHAILR,TTGIVMDSGDGVTHTVPIYEGYALPHAILR,D to M,2,0.421,4,S4,acgb4,b2,b3,y29,y28,b2,b3,y29,y28,,,,,432.265566,,,
131,LLEGEEDR,LLEGEEER,E to D,0,1.0,2,S4,acgb4,b0,b1,y9,y8,b0,b1,y9,y8,,343.254266,,,,343.254266,,
132,YPGAWLAWCQEEHK,YPGAELAWCQEEHK,E to W,3,0.148,3,S4,acgb4,b3,b4,y12,y11,b3,b4,y12,y11,,,,1686.825951,547.307756,,,
133,FWEVISMEHGIDPTGTYHGDSDLQLER,FWEVISDEHGIDPTGTYHGDSDLQLER,D to M,6,0.138,4,S4,acgb4,b6,b7,y22,y21,b6,b7,y22,y21,,1122.5855060000001,,,,1106.571956,2442.080361,
134,NLIPFMQMTIEDLNEAFPETK,NLIPFDQMTIEDLNEAFPETK,D to M,2,0.142,3,S4,acgb4,b2,b3,y20,y19,b2,b3,y20,y19,457.29719599999993,570.381256,,,457.29719599999993,570.381256,2580.310431,
135,NLIPFMQMTIEDLNEAFPETK,NLIPFDQMTIEDLNEAFPETK,D to M,2,0.014,3,S4,acgb4,b2,b3,y20,y19,b2,b3,y20,y19,457.29719599999993,570.381256,,,457.29719599999993,570.381256,2580.310431,
136,DAFDEAIAELDTLNEDSYK,TAFDEAIAELDTLNEDSYK,T to D,0,0.141,3,S4,acgb4,b0,b1,y20,y19,b0,b1,y20,y19,,,,,,,,
137,LFQEDDDIPLYLK,LFQEDDEIPLYLK,E to D,1,0.975,2,S4,acgb4,b1,b2,y13,y12,b1,b2,y13,y12,343.254266,490.32267599999994,,1724.894401,343.254266,490.32267599999994,,1738.910051
138,EPPAYGPMCMILWSDPLEDFGNEK,EPPAYGPMCDILWSDPLEDFGNEK,D to M,9,0.091,3,S4,acgb4,b9,b10,y16,y15,b9,b10,y16,y15,,,,,,1363.5859560000001,,
139,LTQAQIFDYSEIPNFPR,LTQAQIFDYGEIPNFPR,G to S,0,1.0,3,S4,acgb4,b0,b1,y18,y17,b0,b1,y18,y17,,343.254266,,,,343.254266,,
140,AYHEQLSVAEITNACFMPANQMVK,AYHEQLSVAEITNACFEPANQMVK,E to M,2,0.021,4,S4,acgb4,b2,b3,y23,y22,b2,b3,y23,y22,,601.329556,,,464.270646,601.329556,,
141,MVRPMQDGTLIASCSNDQTVR,MVRPNQDGTLIASCSNDQTVR,N to M,4,0.024,3,S4,acgb4,b4,b5,y18,y17,b4,b5,y18,y17,,,,,,,1975.913781,
142,PLAAELNQLR,ALAAELNQLR,A to P,0,0.5,2,S4,acgb4,b0,b1,y11,y10,b0,b1,y11,y10,,,,,,301.207316,,
143,QIQEEMEALVK,GIQEEMEALVK,G to Q,0,0.331,3,S4,acgb4,b0,b1,y12,y11,b0,b1,y12,y11,,,,,,287.191666,,
144,VGAHAGEYGAEASER,VGAHAGEYGAEALER,L to S,0,0.987,3,S4,acgb4,b0,b1,y16,y15,b0,b1,y16,y15,,,,,,329.238616,,
145,VGAHAGEYGAEAAER,VGAHAGEYGAEALER,L to A,0,0.977,3,S4,acgb4,b0,b1,y16,y15,b0,b1,y16,y15,,,,,,329.238616,,
146,VGAHAGEDGAEALER,VGAHAGEYGAEALER,Y to D,0,0.999,3,S4,acgb4,b0,b1,y16,y15,b0,b1,y16,y15,,,,,,329.238616,,
147,VGANAGEYGAEALER,VGAHAGEYGAEALER,H to N,3,0.166,3,S4,acgb4,b3,b4,y13,y12,b3,b4,y13,y12,457.29718599999995,571.3401160000001,1350.6284010000002,1279.591291,457.29718599999995,594.356096,,
148,ATSWFDTGLSEMR,APSWFDTGLSEMR,P to T,1,0.25,3,S4,acgb4,b1,b2,y13,y12,b1,b2,y13,y12,301.207316,,,,301.207316,398.26007599999997,,1425.646711
149,VQAHAGEYGAEALER,VGAHAGEYGAEALER,G to Q,1,0.496,3,S4,acgb4,b1,b2,y15,y14,b1,b2,y15,y14,,457.297196,,,329.238616,386.26007599999997,,
150,VGAHSGEYGAEALER,VGAHAGEYGAEALER,A to S,0,0.955,3,S4,acgb4,b0,b1,y16,y15,b0,b1,y16,y15,,329.238616,,,,329.238616,,
151,AGPESDAGYQFTGIK,AGPESDAQYQFTGIK,Q to G,1,0.485,3,S4,acgb4,b1,b2,y15,y14,b1,b2,y15,y14,,,,,301.207316,358.228776,,1769.890721
152,QQVTEAAEK,QGVTEAAEK,G to Q,1,0.498,2,S4,acgb4,b1,b2,y9,y8,b1,b2,y9,y8,358.22878599999996,486.28736599999996,,1104.609801,358.22878599999996,415.250246,,1033.5726809999999
153,YDDMAASMK,YDDMAAAMK,A to S,0,0.996,2,S4,acgb4,b0,b1,y10,y9,b0,b1,y10,y9,,393.233536,,,,393.233536,,
154,DVTDYLMK,DLTDYLMK,L to V,1,0.044,2,S4,acgb4,b1,b2,y8,y7,b1,b2,y8,y7,345.197146,444.265556,,1098.606641,345.197146,458.28120599999994,,1128.617191
155,TPFDDAIAELDTLNEDSYK,TAFDDAIAELDTLNEDSYK,A to P,1,0.488,3,S4,acgb4,b1,b2,y19,y18,b1,b2,y19,y18,,,,,,402.25499599999995,,
156,TLNEADCATLPPAIR,TLNEADCATVPPAIR,V to I/L,0,0.994,2,S4,acgb4,b0,b1,y16,y15,b0,b1,y16,y15,,331.21788599999996,,,,331.21788599999996,,
157,TLNEADCATLPPAIR,TLNEADCATVPPAIR,V to I/L,0,1.0,2,S4,acgb4,b0,b1,y16,y15,b0,b1,y16,y15,,331.21788599999996,,,,331.21788599999996,,
158,SYDVPPPPMNPDHPFYSNISK,SYDVPPPPMEPDHPFYSNISK,E to N,3,0.029,3,S4,acgb4,b3,b4,y19,y18,b3,b4,y19,y18,595.292506,694.3609160000001,,2282.147661,595.292506,694.3609160000001,,2281.152421
159,THNSSLEYNIFMGMECR,THNSSLEYNIFEGMECR,E to M,2,0.899,2,S4,acgb4,b2,b3,y16,y15,b2,b3,y16,y15,,582.3197260000001,,,468.27679599999993,582.3197260000001,,
160,ENESCDCLQGFQLTHSLGGGTGSGMGTLLISK,ESESCDCLQGFQLTHSLGGGTGSGMGTLLISK,S to N,1,0.051,3,S4,acgb4,b1,b2,y32,y31,b1,b2,y32,y31,,,,3454.6602009999997,,,,
161,DDDIAALPVDNGSGMCK,DDDIAALVVDNGSGMCK,V to P,1,0.484,2,S4,acgb4,b1,b2,y17,y16,b1,b2,y17,y16,,,,,,273.071756,,1909.919631
162,DDDISALVVDNGSGMCK,DDDIAALVVDNGSGMCK,A to S,0,0.992,2,S4,acgb4,b0,b1,y18,y17,b0,b1,y18,y17,,,,,,,,
163,DDDISALVVDNGSGMCK,DDDIAALVVDNGSGMCK,A to S,0,0.496,2,S4,acgb4,b0,b1,y18,y17,b0,b1,y18,y17,,,,,,,,
164,DDDIAALVVDNGSGDCK,DDDIAALVVDNGSGMCK,M to D,0,0.993,2,S4,acgb4,b0,b1,y18,y17,b0,b1,y18,y17,,,,,,,,
0,PGAHAGEYGAEALER,VGAHAGEYGAEALER,V to P,0,0.332,3,S5,acgb5,b0,b1,y16,y15,b0,b1,y16,y15,,327.222966,,,,329.238616,,
1,VQAHAGEYGAEALER,VGAHAGEYGAEALER,G to Q,1,0.025,3,S5,acgb5,b1,b2,y15,y14,b1,b2,y15,y14,,457.297196,,,329.238616,386.26007599999997,,1430.665841
2,DQEMLLQTGR,DQEVLLQTGR,V to M,0,0.989,2,S5,acgb5,b0,b1,y11,y10,b0,b1,y11,y10,,345.197146,,,,345.197146,,
3,SLPSATEDAK,TLPSATEDAK,T to S,0,0.99,2,S5,acgb5,b0,b1,y11,y10,b0,b1,y11,y10,,317.20223599999997,,,,331.21788599999996,,
4,YDDMSAAMK,YDDMAAAMK,A to S,0,0.02,2,S5,acgb5,b0,b1,y10,y9,b0,b1,y10,y9,,393.233536,,,,393.233536,,
5,YDDMASCMK,YDDMASAMK,A to C,0,0.981,2,S5,acgb5,b0,b1,y10,y9,b0,b1,y10,y9,,393.233536,,,,393.233536,,
6,NQSQLSADDLK,NQWQLSADDLK,W to S,0,1.0,2,S5,acgb5,b0,b1,y12,y11,b0,b1,y12,y11,,344.21313599999996,,,,344.21313599999996,,
7,LRDEQLNSPYSCQAEGPCLTR,LRDEQLNAPYSCQAEGPCLTR,A to S,0,1.0,3,S5,acgb5,b0,b1,y22,y21,b0,b1,y22,y21,,343.254266,,,,343.254266,,
8,KAEGVALTNATGVVESTSQAGDR,KAEGVALTNATGAVESTSQAGDR,A to V,0,0.999,3,S5,acgb5,b0,b1,y24,y23,b0,b1,y24,y23,,587.428096,,,,587.428096,,
9,NISFTVSDVGGQDK,NISFTVWDVGGQDK,W to S,2,0.027,2,S5,acgb5,b2,b3,y13,y12,b2,b3,y13,y12,457.29719599999993,,1581.832141,1468.748081,457.29719599999993,544.3292260000001,1680.879421,1567.795361
10,EAESCDCLQGFQLTHSLGGGTGNGMGTLLLSK,EAESCDCLQGFQLTHSLGGGTGSGMGTLLLSK,S to N,1,0.013,3,S5,acgb5,b1,b2,y32,y31,b1,b2,y32,y31,359.21279599999997,430.24990599999995,,,359.21279599999997,430.24990599999995,,
11,VVAQVANALAHK,VVAGVANALAHK,G to Q,2,0.328,3,S5,acgb5,b2,b3,y11,y10,b2,b3,y11,y10,,499.344136,,,428.307026,499.344136,1279.768351,1180.699941
12,ESDWLSQSMFTCR,ESDWLGQSMFTCR,G to S,0,0.5,2,S5,acgb5,b0,b1,y14,y13,b0,b1,y14,y13,,359.21279599999997,,,,359.21279599999997,,
13,MYQVLPWNAFPGK,MYGVLPWNAFPGK,G to Q,2,0.012,2,S5,acgb5,b2,b3,y12,y11,b2,b3,y12,y11,524.274026,652.332606,1648.904851,1485.841521,524.274026,581.2954860000001,1577.867731,1414.804401
14,IYIDDNSK,IYIDDNNK,N to S,0,0.995,2,S5,acgb5,b0,b1,y9,y8,b0,b1,y9,y8,,343.254266,,,,343.254266,,
15,GLSADVTGGQK,GLSATVTGGQK,T to D,0,0.029,2,S5,acgb5,b0,b1,y12,y11,b0,b1,y12,y11,,287.191666,,,,287.191666,,
16,LLVVYTWTQR,LLVVYPWTQR,P to T,0,0.012,2,S5,acgb5,b0,b1,y11,y10,b0,b1,y11,y10,,343.254266,,,,343.254266,,
17,QVTSTASTFVK,QATSTASTFVK,A to V,0,0.994,2,S5,acgb5,b0,b1,y12,y11,b0,b1,y12,y11,,358.22878599999996,,,,358.22878599999996,,
18,VCGSGLLSICK,VCGSNLLSICK,N to G,2,0.022,2,S5,acgb5,b2,b3,y10,y9,b2,b3,y10,y9,489.269266,546.2907260000001,1323.696191,1163.665541,489.269266,546.2907260000001,1380.7176610000001,1220.6870110000002
19,HMAGAAAAGAVVGGLGGYVLGSAMSR,HMAGAAAAGAVVGGLGGYMLGSAMSR,M to V,0,0.997,3,S5,acgb5,b0,b1,y27,y26,b0,b1,y27,y26,,367.229116,,,,367.229116,,
20,QALQNIIPASTGAAK,GALQNIIPASTGAAK,G to Q,0,0.943,2,S5,acgb5,b0,b1,y16,y15,b0,b1,y16,y15,,358.22878599999996,,,,287.191666,,
21,IISNAGCTTNCLAPLAK,IISNASCTTNCLAPLAK,S to G,0,0.994,2,S5,acgb5,b0,b1,y18,y17,b0,b1,y18,y17,,343.254266,,,,343.254266,,
22,IISNASCTTGCLAPLAK,IISNASCTTNCLAPLAK,N to G,2,0.022,2,S5,acgb5,b2,b3,y16,y15,b2,b3,y16,y15,456.338326,543.370356,,1779.8930510000002,456.338326,543.370356,1949.998581,1836.9145210000001
23,LVVGQNGILSTPAVSCIIR,LVIGQNGILSTPAVSCIIR,I to V,0,1.0,2,S5,acgb5,b0,b1,y20,y19,b0,b1,y20,y19,,343.254266,,,,343.254266,,
24,CVMSELLK,CVTSELLK,T to M,0,1.0,2,S5,acgb5,b0,b1,y9,y8,b0,b1,y9,y8,,,,,,390.20084999999995,,
25,VGNTWDPNVLYGPLHTK,VGNPWDPNVLYGPLHTK,P to T,1,0.329,3,S5,acgb5,b1,b2,y17,y16,b1,b2,y17,y16,329.238616,386.26007599999997,,,329.238616,386.26007599999997,,
26,EITALSPSTMK,EITALAPSTMK,A to S,0,0.97,2,S5,acgb5,b0,b1,y12,y11,b0,b1,y12,y11,,359.21279599999997,,,,359.21279599999997,,
27,QNDISSGTVLSDYVGSGPPK,GNDISSGTVLSDYVGSGPPK,G to Q,0,0.488,2,S5,acgb5,b0,b1,y21,y20,b0,b1,y21,y20,,358.22878599999996,,,,,,
28,DAATFIGNSTAIQELFK,MAATFIGNSTAIQELFK,M to D,0,0.937,2,S5,acgb5,b0,b1,y18,y17,b0,b1,y18,y17,,345.197146,,,,361.210696,,
29,LAAENGWGVMVSHR,LAQENGWGVMVSHR,Q to A,2,0.167,3,S5,acgb5,b2,b3,y13,y12,b2,b3,y13,y12,,,,,414.29137599999996,542.349956,,
30,SPVTALWGK,SAVTALWGK,A to P,1,0.329,2,S5,acgb5,b1,b2,y9,y8,b1,b2,y9,y8,,185.092066,,,317.20223599999997,388.239346,,1074.650871
31,HTGPGILSMANAGLNTNGSQFFICTAK,HTGPGILSMANAGPNTNGSQFFICTAK,P to I/L,0,0.499,3,S5,acgb5,b0,b1,y28,y27,b0,b1,y28,y27,,367.229116,,,,367.229116,,
32,DLYANTVLSGGTQMYPGIADR,DLYANTVLSGGTTMYPGIADR,T to Q,0,0.135,2,S5,acgb5,b0,b1,y22,y21,b0,b1,y22,y21,,345.197146,,,,345.197146,,
33,LAAENGWGVMVSHR,LAQENGWGVMVSHR,Q to A,2,0.172,3,S5,acgb5,b2,b3,y13,y12,b2,b3,y13,y12,,,,,414.29137599999996,542.349956,,
34,AQFAGDDAPR,AGFAGDDAPR,G to Q,1,0.495,2,S5,acgb5,b1,b2,y10,y9,b1,b2,y10,y9,301.207316,429.26589599999994,,976.4482610000001,301.207316,358.228776,,905.411141
35,VGSSMRPLLQAQGLTPSER,VGSSMRPLLQAQGLAPSER,A to T,0,0.994,3,S5,acgb5,b0,b1,y20,y19,b0,b1,y20,y19,,329.238616,,,,329.238616,,
36,DVTNDVHYENYR,DVTCDVHYENYR,C to N,0,0.869,2,S5,acgb5,b0,b1,y13,y12,b0,b1,y13,y12,,345.197146,,,,345.197146,,
37,MSATFIQNSTAIQELFK,MSATFIGNSTAIQELFK,G to Q,6,0.291,3,S5,acgb5,b6,b7,y12,y11,b6,b7,y12,y11,,,,,880.479986,937.501446,1549.878701,1436.794641
38,EDAANNDAR,EDAANNYAR,Y to D,0,1.0,2,S5,acgb5,b0,b1,y10,y9,b0,b1,y10,y9,,359.21279599999997,,,,359.21279599999997,,
39,LAAENGWGVMVSHR,LAQENGWGVMVSHR,Q to A,2,0.167,3,S5,acgb5,b2,b3,y13,y12,b2,b3,y13,y12,,,,,414.29137599999996,542.349956,,
40,LAAENGWGVMVSHR,LAQENGWGVMVSHR,Q to A,2,0.167,3,S5,acgb5,b2,b3,y13,y12,b2,b3,y13,y12,,,,,414.29137599999996,542.349956,,
41,AGGVFLEELGNHK,AGQVFLEELGNHK,Q to G,0,0.49,3,S5,acgb5,b0,b1,y14,y13,b0,b1,y14,y13,,,,,,,,
42,AGLQDLNDR,AQLQDLNDR,Q to G,1,0.118,2,S5,acgb5,b1,b2,y9,y8,b1,b2,y9,y8,,358.228776,,,301.207316,429.26589599999994,,1001.5010410000001
43,AQQVFLEELGNHK,AGQVFLEELGNHK,G to Q,1,0.01,3,S5,acgb5,b1,b2,y13,y12,b1,b2,y13,y12,,,,,,,,
44,SGAAAAAVTTETAQHAQCAK,SGAAAAAVTTETAQHAQGAK,G to C,0,0.97,3,S5,acgb5,b0,b1,y21,y20,b0,b1,y21,y20,,,,,,317.20223599999997,,
45,CSEQTGDGTSK,SSEQTGDGTSK,S to C,0,0.989,2,S5,acgb5,b0,b1,y12,y11,b0,b1,y12,y11,,390.20084999999995,,,,317.20223599999997,,
46,GVILTIWEPQDPSFGDK,GVILPIWEPQDPSFGDK,P to T,0,0.014,3,S5,acgb5,b0,b1,y18,y17,b0,b1,y18,y17,,,,,,,,
47,LDEHQGEGTTPCTSSILQEK,LDEHQGEGTAPCTSSILQEK,A to T,0,0.999,3,S5,acgb5,b0,b1,y21,y20,b0,b1,y21,y20,,,,,,343.254266,,
48,SIQFVDSCPTGFK,SIQFVDWCPTGFK,W to S,0,0.579,2,S5,acgb5,b0,b1,y14,y13,b0,b1,y14,y13,,317.20223599999997,,,,317.20223599999997,,
49,FTVGDHSR,FTIGDHSR,I to V,0,1.0,3,S5,acgb5,b0,b1,y9,y8,b0,b1,y9,y8,,377.238616,,,,377.238616,,
50,GLTSIVNEK,GLTSIQNEK,Q to V,1,0.5,2,S5,acgb5,b1,b2,y9,y8,b1,b2,y9,y8,287.191666,400.27572599999996,,1132.6774910000001,287.191666,400.27572599999996,,1161.6676610000002
51,VLGPFSDGLAHLDNLK,VLGAFSDGLAHLDNLK,A to P,3,0.143,3,S5,acgb5,b3,b4,y14,y13,b3,b4,y14,y13,,367.233966,,,499.344136,570.381246,1686.901211,1629.879751
52,VLEAFSDGLAHLDNLK,VLGAFSDGLAHLDNLK,G to E,2,0.143,3,S5,acgb5,b2,b3,y15,y14,b2,b3,y15,y14,,342.202336,,,442.32267599999994,499.344136,1799.985271,1686.901211
53,TSIAVDTIINQK,TSIAIDTIINQK,I to V,0,0.998,2,S5,acgb5,b0,b1,y13,y12,b0,b1,y13,y12,,331.21788599999996,,,,331.21788599999996,,
54,PVSPALSEGSSSEATTPVISSVAER,PASPALSEGSSSEATTPVISSVAER,A to V,1,0.491,3,S5,acgb5,b1,b2,y25,y24,b1,b2,y25,y24,,426.29137599999996,,,,398.26007599999997,,
55,FFESFQDLSTPDAVMGNPK,FFESFGDLSTPDAVMGNPK,G to Q,5,0.013,3,S5,acgb5,b5,b6,y15,y14,b5,b6,y15,y14,887.450056,,,1701.8678810000001,887.450056,944.471516,1777.899171,1630.830761
56,YVSLIYTNYEAGK,YISLIYTNYEAGK,I to V,0,0.997,2,S5,acgb5,b0,b1,y14,y13,b0,b1,y14,y13,,393.233536,,,,393.233536,,
57,NTGQGCVCSNQFLVQR,NTGQTCVCSNQFLVQR,T to G,0,0.99,2,S5,acgb5,b0,b1,y17,y16,b0,b1,y17,y16,,344.21313599999996,,,,344.21313599999996,,
58,AVLNLEHVER,AVLLLEHVER,L to N,0,0.948,3,S5,acgb5,b0,b1,y11,y10,b0,b1,y11,y10,,,,,,,,
59,EANALAAGHPAQAAAINAR,EANALAAGHPAQAVAINAR,V to A,0,1.0,3,S5,acgb5,b0,b1,y20,y19,b0,b1,y20,y19,,359.21279599999997,,,,359.21279599999997,,
60,VLGPFSDGLAHLDNLK,VLGAFSDGLAHLDNLK,A to P,3,0.145,3,S5,acgb5,b3,b4,y14,y13,b3,b4,y14,y13,,367.233966,,,499.344136,570.381246,1686.901211,1629.879751
61,VLEAFSDGLAHLDNLK,VLGAFSDGLAHLDNLK,G to E,2,0.143,3,S5,acgb5,b2,b3,y15,y14,b2,b3,y15,y14,,342.202336,,,442.32267599999994,499.344136,1799.985271,1686.901211
62,EIPHLQAGQCGNQIGAK,EIVHLQAGQCGNQIGAK,V to P,2,0.33,3,S5,acgb5,b2,b3,y16,y15,,,,,472.296856,,,,,,,
63,EAEGAPCVEAGK,EAEGAPQVEAGK,Q to C,1,0.497,2,S5,acgb5,b1,b2,y12,y11,b1,b2,y12,y11,359.21279599999997,430.24990599999995,,1317.666981,359.21279599999997,430.24990599999995,,1285.694911
64,GEENNMDAQVK,GEENLMDAQVK,L to N,2,0.752,2,S5,acgb5,b2,b3,y10,y9,b2,b3,y10,y9,416.23425599999996,545.276846,1406.678301,1277.6357110000001,416.23425599999996,545.276846,1405.719431,1276.676841
65,PGAHAGEYGAEALER,VGAHAGEYGAEALER,V to P,0,0.948,2,S5,acgb5,b0,b1,y16,y15,b0,b1,y16,y15,,327.222966,,,,329.238616,,
66,GVQDIVVGEGTHFLITWVQK,GVQDIVVGEGTHFLIPWVQK,P to T,0,0.49,3,S5,acgb5,b0,b1,y21,y20,b0,b1,y21,y20,,287.191666,,,,287.191666,,
67,LTTPTYGDLNHLVSAQMSGVTTCLR,LTTPTYGDLNHLVSATMSGVTTCLR,T to Q,0,0.045,3,S5,acgb5,b0,b1,y26,y25,b0,b1,y26,y25,,343.254266,,,,343.254266,,
68,LTTPTYGDLNHLVSMTMSGVTTCLR,LTTPTYGDLNHLVSATMSGVTTCLR,A to M,2,0.031,3,S5,acgb5,b2,b3,y24,y23,b2,b3,y24,y23,,545.3496260000001,,,444.301946,545.3496260000001,,
69,AFDQGADAIYDHVNEGK,AFDQGADAIYDHINEGK,I to V,1,0.873,3,S5,acgb5,b1,b2,y17,y16,b1,b2,y17,y16,301.207316,448.275726,,,301.207316,448.275726,,
70,ALTFWNEEIVPQIK,ALPFWNEEIVPQIK,P to T,0,0.015,3,S5,acgb5,b0,b1,y15,y14,b0,b1,y15,y14,,301.207316,,,,301.207316,,
71,FSPDAMNALFKPTIDSIIEHLR,MSPDAMNALFKPTIDSIIEHLR,M to F,0,0.484,4,S5,acgb5,b0,b1,y23,y22,b0,b1,y23,y22,,377.238616,,,,361.210696,,
72,TGTAEMNSILEER,TGTAEMSSILEER,S to N,1,0.5,2,S5,acgb5,b1,b2,y13,y12,b1,b2,y13,y12,331.21788599999996,388.239346,,1365.631441,331.21788599999996,388.239346,,1322.625641
73,QTIENSCGTIGLIHAVANNQDK,QTIGNSCGTIGLIHAVANNQDK,G to E,3,0.016,3,S5,acgb5,b3,b4,y20,y19,b3,b4,y20,y19,343.197596,472.240186,,,572.360526,629.381986,,
74,GDGTWYYYETIDK,GDGPWYYYETIDK,P to T,1,0.023,2,S5,acgb5,b1,b2,y13,y12,b1,b2,y13,y12,,402.21860599999997,,,287.191666,402.21860599999997,,1778.847461
75,TQDENPPVHFFK,TQDENPVVHFFK,V to P,1,0.087,3,S5,acgb5,b1,b2,y12,y11,b1,b2,y12,y11,,459.27646599999997,,,331.21788599999996,,,
76,KSEAPAAPAAQETK,KTEAPAAPAAQETK,T to S,1,0.331,3,S5,acgb5,b1,b2,y14,y13,b1,b2,y14,y13,,674.460126,,,587.428096,688.475776,,1513.8059210000001
77,TCSFDFTGAVEDISK,TCGFDFTGAVEDISK,G to S,0,0.25,3,S5,acgb5,b0,b1,y16,y15,b0,b1,y16,y15,,331.21788599999996,,,,,,
78,NDENEFVAVTSTNAAK,MDENEFVAVTSTNAAK,M to N,0,0.143,3,S5,acgb5,b0,b1,y17,y16,b0,b1,y17,y16,,,,,,361.210696,,
79,VLGAFSDGLAHLDNVK,VLGAFSDGLAHLDNLK,L to V,1,0.333,3,S5,acgb5,b1,b2,y16,y15,b1,b2,y16,y15,329.238616,442.32267599999994,,,329.238616,442.32267599999994,,1799.985271
80,VVGAFSDGLAHLDNLK,VLGAFSDGLAHLDNLK,L to V,1,0.045,3,S5,acgb5,b1,b2,y16,y15,b1,b2,y16,y15,,,,,329.238616,442.32267599999994,,1799.985271
81,ALTFWNEEIVPQIK,ALPFWNEEIVPQIK,P to T,0,0.332,3,S5,acgb5,b0,b1,y15,y14,b0,b1,y15,y14,,301.207316,,,,301.207316,,
82,GVDAQTTLSK,GVDAQGTLSK,G to T,1,0.138,2,S5,acgb5,b1,b2,y10,y9,b1,b2,y10,y9,287.191666,386.26007599999997,,1191.6782210000001,287.191666,386.26007599999997,,1147.6520010000002
83,NYTSMYDK,NYTSVYDK,V to M,0,1.0,2,S5,acgb5,b0,b1,y9,y8,b0,b1,y9,y8,,344.21313599999996,,,,344.21313599999996,,
84,LEIWDTAGQER,FEIWDTAGQER,F to I/L,0,0.989,2,S5,acgb5,b0,b1,y12,y11,b0,b1,y12,y11,,343.254266,,,,377.238616,,
85,SVATGSSEAAGGASGGGAR,SVATGSSETAGGASGGGAR,T to A,1,0.5,2,S5,acgb5,b1,b2,y19,y18,b1,b2,y19,y18,,,,,,,,
86,WLTLEANPEVTNQFLK,WLPLEANPEVTNQFLK,P to T,2,0.143,3,S5,acgb5,b2,b3,y15,y14,b2,b3,y15,y14,529.333576,,,,529.333576,,,
87,EGVVDGVATVAEK,EGVVHGVATVAEK,H to D,0,0.996,2,S5,acgb5,b0,b1,y14,y13,b0,b1,y14,y13,,359.21279599999997,,,,359.21279599999997,,
88,AEGAPNQGK,AEGTPNQGK,T to A,0,1.0,2,S5,acgb5,b0,b1,y10,y9,b0,b1,y10,y9,,301.207316,,,,301.207316,,
89,QTFATLSELHCDK,GTFATLSELHCDK,G to Q,0,0.33,3,S5,acgb5,b0,b1,y14,y13,b0,b1,y14,y13,,,,,,,,
90,NYTSMYDK,NYTSVYDK,V to M,0,0.999,2,S5,acgb5,b0,b1,y9,y8,b0,b1,y9,y8,,344.21313599999996,,,,344.21313599999996,,
91,DSRPSQAAGDNQGDEVK,DSRPSQAAGDNQGDEAK,A to V,0,1.0,3,S5,acgb5,b0,b1,y18,y17,b0,b1,y18,y17,,345.197146,,,,345.197146,,
92,LQSIGVENTEENR,LQSIGTENTEENR,T to V,0,0.995,2,S5,acgb5,b0,b1,y14,y13,b0,b1,y14,y13,,,,,,343.254266,,
93,TCSFDFTGAVEDISK,TCGFDFTGAVEDISK,G to S,0,0.998,2,S5,acgb5,b0,b1,y16,y15,b0,b1,y16,y15,,331.21788599999996,,,,,,
94,GDSAPAAAK,GDSAPATAK,T to A,0,0.997,2,S5,acgb5,b0,b1,y10,y9,b0,b1,y10,y9,,287.191666,,,,287.191666,,
95,QTFATLSELHCDK,GTFATLSELHCDK,G to Q,0,0.308,3,S5,acgb5,b0,b1,y14,y13,b0,b1,y14,y13,,,,,,,,
96,LAMQNFMILPVGAESFR,LAMQEFMILPVGAESFR,E to N,4,0.198,3,S5,acgb5,b4,b5,y14,y13,b4,b5,y14,y13,,803.428276,,,689.385346,818.427936,1623.819911,1495.7613310000002
97,VLNNMNIGTSLFDEEGAK,VLNNMEIGTSLFDEEGAK,E to N,5,0.429,3,S5,acgb5,b5,b6,y14,y13,b5,b6,y14,y13,,931.486856,1756.862441,1609.827051,,946.486516,1771.862101,1624.826711
98,SDEAPASDSKPGSSEAAPSSK,SDGAPASDSKPGSSEAAPSSK,G to E,2,0.331,3,S5,acgb5,b2,b3,y20,y19,b2,b3,y20,y19,,332.108836,,,432.229176,489.25063599999993,,
99,VYQSLCNTSWVTDWDEQR,VYQSLCPTSWVTDWDEQR,P to N,4,0.317,3,S5,acgb5,b4,b5,y15,y14,b4,b5,y15,y14,,820.476616,,,707.392556,820.476616,1879.827921,1792.795891
100,GFIGPGIDVPAPDDSTGER,GFIGPGIDVPAPDMSTGER,M to D,0,0.998,2,S5,acgb5,b0,b1,y20,y19,b0,b1,y20,y19,,,,,,,,
101,DYEFMWPPHLGYILTCPSNLGTGLR,DYEFMWNPHLGYILTCPSNLGTGLR,N to P,3,0.054,3,S5,acgb5,b3,b4,y23,y22,b3,b4,y23,y22,637.3030660000001,784.371476,,,637.3030660000001,784.371476,,
102,ADAGDTHLGGEDFDNR,ATAGDTHLGGEDFDNR,T to D,1,0.199,3,S5,acgb5,b1,b2,y16,y15,b1,b2,y16,y15,,416.234256,,,301.207316,,,
103,NRPTSISSDGLDSGK,NRPTSISWDGLDSGK,W to S,0,0.916,3,S5,acgb5,b0,b1,y16,y15,b0,b1,y16,y15,,,,,,344.21313599999996,,
104,NRPTSISDDGLDSGK,NRPTSISWDGLDSGK,W to D,1,0.98,3,S5,acgb5,b1,b2,y15,y14,b1,b2,y15,y14,344.21313599999996,,,,344.21313599999996,500.31424599999997,,
105,QTAASAGLVDAPAAAPAAAR,QTAASAGLVDAPAPAPAAAR,P to A,0,0.982,3,S5,acgb5,b0,b1,y21,y20,b0,b1,y21,y20,,358.22878599999996,,,,,,
106,VFPPENVEQMGCK,VFPPEIVEQMGCK,I to N,0,0.246,3,S5,acgb5,b0,b1,y14,y13,b0,b1,y14,y13,,,,,,329.238616,,
107,SDSELNNEVAAR,SDSELNSEVAAR,S to N,0,0.996,2,S5,acgb5,b0,b1,y13,y12,b0,b1,y13,y12,,317.20223599999997,,,,317.20223599999997,,
108,ETPPATEAPSSTPK,ETPAATEAPSSTPK,A to P,3,0.249,2,S5,acgb5,b3,b4,y12,y11,b3,b4,y12,y11,,425.203066,,,,628.3503460000001,1385.747351,1288.694591
109,AAEAAAAPAESASPAAGEEPSK,AAEAAAAPAESAAPAAGEEPSK,A to S,0,0.987,3,S5,acgb5,b0,b1,y23,y22,b0,b1,y23,y22,,,,,,,,
110,VDNSSLTGESEPQDR,VDNSSLTGESEPQTR,T to D,0,0.022,2,S5,acgb5,b0,b1,y16,y15,b0,b1,y16,y15,,329.238616,,,,329.238616,,
111,WGDAGAEYVVMSTGVFTTMEK,WGDAGAEYVVESTGVFTTMEK,E to M,1,0.014,3,S5,acgb5,b1,b2,y21,y20,b1,b2,y21,y20,,473.27097599999996,,,416.24951599999997,473.27097599999996,,
112,DYEFMWNTHLGYILTCPSNLGTGLR,DYEFMWNPHLGYILTCPSNLGTGLR,P to T,0,0.332,3,S5,acgb5,b0,b1,y26,y25,b0,b1,y26,y25,,345.197146,,,,345.197146,,
113,GVDAQGTSSK,GVDAQGTLSK,L to S,0,0.999,2,S5,acgb5,b0,b1,y11,y10,b0,b1,y11,y10,,287.191666,,,,287.191666,,
114,ALTVPELDQQMFDAK,ALTVPELTQQMFDAK,T to D,1,0.022,3,S5,acgb5,b1,b2,y15,y14,b1,b2,y15,y14,301.207316,414.29137599999996,,,301.207316,414.29137599999996,,1865.987981
115,TSASIGSLCGDAR,TSASIGSLCADAR,A to G,1,0.985,2,S5,acgb5,b1,b2,y13,y12,b1,b2,y13,y12,331.21788599999996,418.249916,,1193.557891,331.21788599999996,418.249916,,1207.573541
116,TEDSNAGNSGGNVLAPDSTK,TEDSNAGNSGGNVPAPDSTK,P to I/L,0,0.996,3,S5,acgb5,b0,b1,y21,y20,b0,b1,y21,y20,,331.21788599999996,,,,,,
117,VAPEEHPPLLTEAPLNPK,VAPEEHPVLLTEAPLNPK,V to P,3,0.028,3,S5,acgb5,b3,b4,y16,y15,b3,b4,y16,y15,,626.371076,,,,626.371076,,
118,VAPEEHPPLLTEAPLNPK,VAPEEHPVLLTEAPLNPK,V to P,3,0.167,3,S5,acgb5,b3,b4,y16,y15,b3,b4,y16,y15,,626.371076,,,,626.371076,,
119,PAPEEHPVLLTEAPLNPK,VAPEEHPVLLTEAPLNPK,V to P,0,0.019,3,S5,acgb5,b0,b1,y19,y18,b0,b1,y19,y18,,,,,,329.238616,,
120,DIGAIAQPHAENGDIIAEEQQR,DIGAIAQVHAENGDIIAEEQQR,V to P,5,0.141,3,S5,acgb5,b5,b6,y18,y17,b5,b6,y18,y17,,,,,699.423836,770.460946,,
121,DIGAIAQPHAENGDIIAEEQQR,DIGAIAQVHAENGDIIAEEQQR,V to P,6,0.124,3,S5,acgb5,b6,b7,y17,y16,b6,b7,y17,y16,,,,,770.460946,898.519526,,
122,DIGAIAQPHAENGDIIAEEQQR,DIGAIAQVHAENGDIIAEEQQR,V to P,7,0.111,3,S5,acgb5,b7,b8,y16,y15,b7,b8,y16,y15,,,,,898.519526,997.587936,,1708.824871
123,TTTTGWTLDQCIQTGVDNPGHPFIK,TTPTGWTLDQCIQTGVDNPGHPFIK,P to T,0,0.017,3,S5,acgb5,b0,b1,y26,y25,b0,b1,y26,y25,,331.21788599999996,,,,331.21788599999996,,
124,ENAEQGEVDVESHR,ENAEQGEVDMESHR,M to V,0,0.978,3,S5,acgb5,b0,b1,y15,y14,b0,b1,y15,y14,,359.21279599999997,,,,,,
125,DVQEAEK,MVQEAEK,M to D,0,0.997,2,S5,acgb5,b0,b1,y8,y7,b0,b1,y8,y7,,345.197146,,,,361.210696,,
126,GVDAQGTSSK,GVDAQGTLSK,L to S,0,0.99,2,S5,acgb5,b0,b1,y11,y10,b0,b1,y11,y10,,287.191666,,,,287.191666,,
127,VMQVVDEK,IMQVVDEK,I to V,0,0.994,2,S5,acgb5,b0,b1,y9,y8,b0,b1,y9,y8,,329.238616,,,,343.254266,,
128,ALTVPELTQQMFDGK,ALTVPELTQQMFDAK,A to G,1,0.333,3,S5,acgb5,b1,b2,y15,y14,b1,b2,y15,y14,,,,,301.207316,414.29137599999996,,1865.987981
129,STESLQTNVQR,STESLQANVQR,A to T,0,0.999,2,S5,acgb5,b0,b1,y12,y11,b0,b1,y12,y11,,317.20223599999997,,,,317.20223599999997,,
130,ALPNSEDLVK,ALPSSEDLVK,S to N,1,0.724,2,S5,acgb5,b1,b2,y10,y9,b1,b2,y10,y9,301.207316,414.29137599999996,,1243.709511,301.207316,414.29137599999996,,1216.698611
131,WDSWNELK,WDAWNELK,A to S,0,0.995,2,S5,acgb5,b0,b1,y9,y8,b0,b1,y9,y8,,416.24951599999997,,,,416.24951599999997,,
132,YVSLIYTNYEAGKDDYVK,YISLIYTNYEAGKDDYVK,I to V,1,0.98,3,S5,acgb5,b1,b2,y18,y17,b1,b2,y18,y17,393.233536,492.301946,,,393.233536,506.3175959999999,,
133,LLEGEEDR,LLEGEEER,E to D,0,1.0,2,S5,acgb5,b0,b1,y9,y8,b0,b1,y9,y8,,343.254266,,,,343.254266,,
134,GCEENLDEAR,GSEENLDEAR,S to C,0,0.996,2,S5,acgb5,b0,b1,y11,y10,b0,b1,y11,y10,,287.191666,,,,287.191666,,
135,DTEEEDFHVDQATTVK,DTEEEDFHVDQVTTVK,V to A,1,0.989,3,S5,acgb5,b1,b2,y16,y15,b1,b2,y16,y15,345.197146,446.24482599999993,,,345.197146,,,
136,ALPNSEDLVK,ALPSSEDLVK,S to N,0,0.332,2,S5,acgb5,b0,b1,y11,y10,b0,b1,y11,y10,,301.207316,,,,301.207316,,
137,PGGEGGSEEEGSDK,AGGEGGSEEEGSDK,A to P,0,0.499,2,S5,acgb5,b0,b1,y15,y14,b0,b1,y15,y14,,,,,,301.207316,,
138,PGGEGGSEEEGSDK,AGGEGGSEEEGSDK,A to P,0,0.25,2,S5,acgb5,b0,b1,y15,y14,b0,b1,y15,y14,,,,,,301.207316,,
139,AVEEELDTEDRPAWNSK,AVEEELDAEDRPAWNSK,A to T,0,0.186,3,S5,acgb5,b0,b1,y18,y17,b0,b1,y18,y17,,301.207316,,,,301.207316,,
140,EEIPEEELDEDVEEIDHAER,EEIPEEELAEDVEEIDHAER,A to D,0,0.998,3,S5,acgb5,b0,b1,y21,y20,b0,b1,y21,y20,,359.21279599999997,,,,,,
141,EEIPEEELDEDVEEIDHAER,EEIPEEELAEDVEEIDHAER,A to D,0,1.0,3,S5,acgb5,b0,b1,y21,y20,b0,b1,y21,y20,,359.21279599999997,,,,,,
142,PVFVDLEPTVIDEVR,AVFVDLEPTVIDEVR,A to P,0,0.474,2,S5,acgb5,b0,b1,y16,y15,b0,b1,y16,y15,,,,,,301.207316,,
143,PVFVDLEPTVIDEVR,AVFVDLEPTVIDEVR,A to P,0,0.5,2,S5,acgb5,b0,b1,y16,y15,b0,b1,y16,y15,,,,,,301.207316,,
144,VLMEDDDLYSCVVENPISQGR,VLMEDDDLYSCMVENPISQGR,M to V,0,0.995,2,S5,acgb5,b0,b1,y22,y21,,,,,,,,,,,,
145,QVNLPGAAVDLPAVSEK,GVNLPGAAVDLPAVSEK,G to Q,0,0.245,3,S5,acgb5,b0,b1,y18,y17,b0,b1,y18,y17,,,,,,,,
146,LTQAQIFDYSEIPNFPR,LTQAQIFDYGEIPNFPR,G to S,0,1.0,3,S5,acgb5,b0,b1,y18,y17,b0,b1,y18,y17,,343.254266,,,,343.254266,,
147,VLGTAGTEEGQK,ILGTAGTEEGQK,I to V,0,0.485,3,S5,acgb5,b0,b1,y13,y12,b0,b1,y13,y12,,329.238616,,,,343.254266,,
148,PLAAELNQLR,ALAAELNQLR,A to P,0,0.5,2,S5,acgb5,b0,b1,y11,y10,b0,b1,y11,y10,,,,,,301.207316,,
149,ATSWFDTGLSEMR,APSWFDTGLSEMR,P to T,1,0.231,3,S5,acgb5,b1,b2,y13,y12,b1,b2,y13,y12,301.207316,,,,301.207316,398.26007599999997,,1425.646711
150,AMGRMNSFVNDIFER,AMGIMNSFVNDIFER,I to R,3,0.2,3,S5,acgb5,b3,b4,y13,y12,b3,b4,y13,y12,489.26926599999996,645.3703760000001,,,505.264166,618.3482260000001,1557.736571,1500.715111
151,QQVTEAAEK,QGVTEAAEK,G to Q,1,0.254,2,S5,acgb5,b1,b2,y9,y8,b1,b2,y9,y8,358.22878599999996,486.28736599999996,,1104.609801,358.22878599999996,415.250246,,1033.5726809999999
152,MSSTFIGMSTAIQELFK,MSSTFIGNSTAIQELFK,N to M,3,0.188,3,S5,acgb5,b3,b4,y15,y14,b3,b4,y15,y14,,636.322436,,,535.274756,636.322436,1885.026821,1797.994791
153,QILAADESTGSIAK,GILAADESTGSIAK,G to Q,0,0.5,2,S5,acgb5,b0,b1,y15,y14,b0,b1,y15,y14,,358.22878599999996,,,,287.191666,,
154,ELINNELSHFLEEVK,ELINNELSHFLEEIK,I to V,0,0.024,3,S5,acgb5,b0,b1,y16,y15,b0,b1,y16,y15,,359.21279599999997,,,,359.21279599999997,,
155,EIVMTQSPGTLSLSPGER,EIVLTQSPGTLSLSPGER,L to M,0,0.999,2,S5,acgb5,b0,b1,y19,y18,b0,b1,y19,y18,,359.21279599999997,,,,359.21279599999997,,
156,VGAHAGEYGAEASER,VGAHAGEYGAEALER,L to S,1,0.499,3,S5,acgb5,b1,b2,y15,y14,b1,b2,y15,y14,,386.26007599999997,,,329.238616,386.26007599999997,,1430.665841
157,VGAHAGEDGAEALER,VGAHAGEYGAEALER,Y to D,0,1.0,3,S5,acgb5,b0,b1,y16,y15,b0,b1,y16,y15,,,,,,329.238616,,
158,TLQSLTCDLESLR,QLQSLTCDLESLR,Q to T,0,0.332,3,S5,acgb5,b0,b1,y14,y13,b0,b1,y14,y13,,331.21788599999996,,,,358.22878599999996,,
159,VQAHAGEYGAEALER,VGAHAGEYGAEALER,G to Q,1,0.25,3,S5,acgb5,b1,b2,y15,y14,b1,b2,y15,y14,,457.297196,,,329.238616,386.26007599999997,,1430.665841
160,LISSYDNEFGYSNR,LISWYDNEFGYSNR,W to S,1,0.248,3,S5,acgb5,b1,b2,y14,y13,b1,b2,y14,y13,343.254266,456.338326,,,343.254266,456.338326,,1650.718301
161,TIADDGTEGLVR,TIAMDGTEGLVR,M to D,0,1.0,2,S5,acgb5,b0,b1,y13,y12,b0,b1,y13,y12,,331.21788599999996,,,,331.21788599999996,,
162,MDENQFVSVTSTNAAK,MDENQFVAVTSTNAAK,A to S,0,0.991,3,S5,acgb5,b0,b1,y17,y16,b0,b1,y17,y16,,,,,,361.210696,,
163,EPLQDVEDENQ,EALQDVEDENQ,A to P,1,0.338,2,S5,acgb5,b1,b2,y11,y10,b1,b2,y11,y10,359.21279599999997,456.265556,,,359.21279599999997,430.24990599999995,,1160.5065710000001
164,VGANAGEYGAEALER,VGAHAGEYGAEALER,H to N,0,1.0,2,S5,acgb5,b0,b1,y16,y15,b0,b1,y16,y15,,329.238616,,,,329.238616,,
165,QLQSLDCDLESLR,QLQSLTCDLESLR,T to D,0,0.333,2,S5,acgb5,b0,b1,y14,y13,b0,b1,y14,y13,,358.22878599999996,,,,358.22878599999996,,
166,ETPAATEAPSSDPK,ETPAATEAPSSTPK,T to D,1,0.489,2,S5,acgb5,b1,b2,y14,y13,b1,b2,y14,y13,359.21279599999997,460.260476,,1500.774291,359.21279599999997,460.260476,,1486.795031
167,TLNEADCATLPPAIR,TLNEADCATVPPAIR,V to I/L,0,0.995,2,S5,acgb5,b0,b1,y16,y15,b0,b1,y16,y15,,331.21788599999996,,,,331.21788599999996,,
168,LISWYDNMFGYSNR,LISWYDNEFGYSNR,E to M,3,0.249,2,S5,acgb5,b3,b4,y12,y11,b3,b4,y12,y11,543.370356,729.449666,1539.632141,1452.6001110000002,543.370356,729.449666,1537.6342410000002,1450.6022110000001
169,FVMEEDGGDGQAGPDEGEVDSCLR,FVDEEDGGDGQAGPDEGEVDSCLR,D to M,2,0.189,3,S5,acgb5,b2,b3,y23,y22,b2,b3,y23,y22,,,,,476.307026,591.333966,,
170,DADIAALVVDNGSGMCK,DDDIAALVVDNGSGMCK,D to A,0,0.492,2,S5,acgb5,b0,b1,y18,y17,b0,b1,y18,y17,,,,,,,,
171,DDDIAALVVDNGSGFCK,DDDIAALVVDNGSGMCK,M to F,0,0.999,2,S5,acgb5,b0,b1,y18,y17,b0,b1,y18,y17,,,,,,,,
172,DDDIAALVVMNGSGMCK,DDDIAALVVDNGSGMCK,D to M,1,0.963,2,S5,acgb5,b1,b2,y17,y16,b1,b2,y17,y16,,,,,,,,
173,DDDIAALVVDNGSGDCK,DDDIAALVVDNGSGMCK,M to D,1,0.331,2,S5,acgb5,b1,b2,y17,y16,b1,b2,y17,y16,,,,,,,,
174,SSSYDEASLAPEETTMSFWEVGNYK,SSSYDEASLAPEETTDSFWEVGNYK,D to M,6,0.011,3,S5,acgb5,b6,b7,y20,y19,b6,b7,y20,y19,711.246826,782.283936,,,711.246826,782.283936,,
