aa_sub	n_saap	F	p	n_tissues	FDR	Significance
P to N	6	35.66339966962732	5.259866231455135e-08	4	5.259866231455135e-07	***
T to G	3	8.975530549448871	0.001016590716822141	4	0.005082953584110705	**
T to A	5	5.752285469115196	0.003543144948069954	4	0.008857862370174885	**
P to T	27	4.716111039395613	0.003509854843868898	4	0.008857862370174885	**
N to M	18	3.8646966307142727	0.013234995514937453	4	0.026469991029874906	*
V to P	5	3.887877496473169	0.029093178836647082	4	0.048488631394411806	*
L to V	7	1.2790425981052729	0.30230938618404524	4	0.3918057591596272	ns
M to T	17	1.2100103124475627	0.31344460732770174	4	0.3918057591596272	ns
V to A	4	0.581762519627977	0.5767574936702189	3	0.6408416596335765	ns
A to V	4	0.34709776948985294	0.711629333770643	3	0.711629333770643	ns
