AAS_type	n_saap	n_tissues	F	p	Significance	n_sig_pairs	Tukey_significant_pairs	acg_vs_fc	FDR
W to S	11	2	8.710344181487537	0.007893480007882354	**	1	acg>fc (Δ=0.315, q=7.90000e-03, **)	acg>fc (Δ=0.315, q=7.90000e-03, **)	0.13418916013400004
Q to G	9	2	6.9469455209853335	0.017985754669930035	*	0		acg>fc (Δ=0.577, q=1.80000e-02, *)	0.1528789146944053
G to S	3	2	1.1192688818322496	0.34973452048561543	ns	0		acg>fc (Δ=0.764, q=3.49700e-01, ns)	0.8481616961913252
A to G	4	2	1.0107732834894945	0.35352658533327175	ns	0		acg>fc (Δ=0.960, q=3.53500e-01, ns)	0.8481616961913252
A to V	4	2	0.8007861877874509	0.40532381847028565	ns	0		acg>fc (Δ=0.320, q=4.05300e-01, ns)	0.8481616961913252
M to D	4	2	0.6228478552081063	0.4600310688587944	ns	0		fc>acg (Δ=0.102, q=4.60000e-01, ns)	0.8481616961913252
G to Q	4	2	0.558022487163468	0.4832929267058318	ns	0		fc>acg (Δ=0.150, q=4.83300e-01, ns)	0.8481616961913252
A to T	3	2	0.40064695924910243	0.5611359508897656	ns	0		acg>fc (Δ=0.297, q=5.61100e-01, ns)	0.8481616961913252
T to A	3	2	0.303465886687584	0.6110383365199903	ns	0		acg>fc (Δ=0.291, q=6.11000e-01, ns)	0.8481616961913252
T to D	3	2	0.18605015007636883	0.6884542663657418	ns	0		acg>fc (Δ=0.199, q=6.88500e-01, ns)	0.8481616961913252
N to S	3	2	0.13034308411947085	0.7363367593748315	ns	0		fc>acg (Δ=0.077, q=7.36300e-01, ns)	0.8481616961913252
V to A	3	2	0.12862863810387767	0.7379866554239861	ns	0		fc>acg (Δ=0.224, q=7.38000e-01, ns)	0.8481616961913252
N to M	3	2	0.08205217134074273	0.7887594187580349	ns	0		fc>acg (Δ=0.188, q=7.88800e-01, ns)	0.8481616961913252
L to V	5	2	0.060487084728369736	0.8119201786066844	ns	0		acg>fc (Δ=0.164, q=8.11900e-01, ns)	0.8481616961913252
V to L	3	2	0.06385859870180091	0.8129529448129249	ns	0		fc>acg (Δ=0.248, q=8.13000e-01, ns)	0.8481616961913252
S to N	6	2	0.041801511236018093	0.8420998186580024	ns	0		acg>fc (Δ=0.129, q=8.42100e-01, ns)	0.8481616961913252
P to T	18	2	0.03722196382838164	0.8481616961913252	ns	0		fc>acg (Δ=0.030, q=8.48200e-01, ns)	0.8481616961913252
