Tissue	aa_sub	n_saap	F	p	n_diseases	FDR	Significance
fc	G to Q	4	1.8886294277772295	0.185346198446372	4	0.9997167077907052	ns
fc	Y to D	3	0.5666952411269968	0.6522370282073239	4	0.9997167077907052	ns
fc	Q to G	13	0.4625770611684444	0.709725682122555	4	0.9997167077907052	ns
fc	A to S	4	0.33068560230772	0.8033549452280875	4	0.9997167077907052	ns
fc	L to V	3	0.3263751187967259	0.8065652576140672	4	0.9997167077907052	ns
fc	W to S	11	0.21667382764278137	0.8842542831058231	4	0.9997167077907052	ns
fc	T to D	6	0.2009260113982789	0.8945109842099258	4	0.9997167077907052	ns
fc	T to A	3	0.1949290585613891	0.8969486582150753	4	0.9997167077907052	ns
fc	M to T	14	0.19185170166748308	0.9014842527852174	4	0.9997167077907052	ns
fc	A to T	4	0.1148764121127243	0.9496863323803217	4	0.9997167077907052	ns
fc	S to N	6	0.06910098116339422	0.9757476628230701	4	0.9997167077907052	ns
fc	V to L	3	0.05075085011172812	0.9838061720479393	4	0.9997167077907052	ns
fc	T to Q	5	0.05028454382125998	0.9845454273875365	4	0.9997167077907052	ns
fc	N to M	15	0.02860498983144307	0.9934056999198986	4	0.9997167077907052	ns
fc	P to T	21	0.01284702071835457	0.9979930372336469	4	0.9997167077907052	ns
fc	V to P	5	0.011855143091370651	0.9981574606397797	4	0.9997167077907052	ns
fc	V to T	3	0.010182725964374476	0.9984708372977353	4	0.9997167077907052	ns
fc	A to P	4	0.008429753320359244	0.9988758199635822	4	0.9997167077907052	ns
fc	T to G	3	0.005889371348028799	0.999323824964521	4	0.9997167077907052	ns
fc	P to N	3	0.004535258260384344	0.9995422961074871	4	0.9997167077907052	ns
fc	M to D	5	0.0033819735638295945	0.9997167077907052	4	0.9997167077907052	ns
