aa_sub	n_saap	F	p	n_tissues	FDR	Significance
M to D	16	94.34881356622513	1.1102230246251565e-16	5	2.886579864025407e-15	***
W to S	40	22.199165541402593	4.440892098500626e-16	5	5.773159728050814e-15	***
L to S	3	31.301274426989263	8.781906313259924e-10	5	7.610985471491933e-09	***
P to T	56	8.744903559404715	9.187503349217252e-07	5	5.971877176991214e-06	***
Q to A	3	18.730560787514495	2.18904614235349e-06	5	1.1383039940238148e-05	***
T to D	20	6.509840960629725	0.00013994854247678656	5	0.0006064436840660751	***
N to M	49	5.657073046023005	0.00024537046730077616	5	0.0009113760214028829	***
S to G	8	5.866426142314142	0.0007634062499112249	5	0.0024810703122114808	**
V to P	26	4.917808052137492	0.0008850029650959712	5	0.0025566752324994724	**
T to G	5	5.940421783459364	0.0014559582235521562	5	0.003785491381235606	**
A to S	14	4.849172588120829	0.0019224396453932924	5	0.004543948252747782	**
A to T	10	4.4227490441575235	0.004403125757453608	5	0.00954010580781615	**
P to N	15	3.116934984339566	0.022738364327286154	5	0.04547672865457231	*
E to D	9	2.752175425284859	0.041911860770011855	5	0.07783631285859345	ns
N to S	10	2.5975268499510147	0.050569897557616206	5	0.0876544890998681	ns
N to G	4	2.497235491817465	0.0708143367334052	5	0.11507329719178346	ns
Q to G	16	2.1624534760585647	0.07851399420135285	5	0.12008022642559849	ns
T to A	5	2.0487174645729995	0.11021707721536878	5	0.14388222042021684	ns
A to P	6	2.009921095822022	0.11206568890189117	5	0.14388222042021684	ns
G to S	11	1.9337607387659896	0.11621256264709823	5	0.14388222042021684	ns
V to L	14	1.93279369354618	0.11178095028542023	5	0.14388222042021684	ns
W to D	6	1.7476341717790533	0.1539735009567177	5	0.1819686829488482	ns
P to A	3	1.5028641830516	0.23912387054519035	5	0.27031394061630215	ns
A to V	7	0.7526292778112016	0.5628694451280479	5	0.6097752322220519	ns
S to N	11	0.6032678340743808	0.6617622645037365	5	0.688232755083886	ns
G to Q	30	0.26064993150469185	0.9028894813082778	5	0.9028894813082778	ns
