AAS_type	n_obs	n_tissues	F	p	Significance	n_sig_pairs	Tukey_significant_pairs	acg_vs_fc	FDR
T to G	51	2	334.7352687913814	1.527848506577622e-23	***	1	fc>acg (Δ=1.255, q=0.00000e+00, ***)	fc>acg (Δ=1.255, q=0.00000e+00, ***)	9.167091039465731e-23
P to T	495	2	1.9880492091820088	0.15917556001640615	ns	0		fc>acg (Δ=0.091, q=1.59200e-01, ns)	0.47752668004921844
A to V	107	2	0.6752080934663165	0.4131036397904716	ns	0		fc>acg (Δ=0.230, q=4.13100e-01, ns)	0.6327214133124723
L to V	53	2	0.655785261056365	0.4218142755416482	ns	0		acg>fc (Δ=0.219, q=4.21800e-01, ns)	0.6327214133124723
V to A	61	2	0.36325914213784644	0.5490114581392054	ns	0		fc>acg (Δ=0.172, q=5.49000e-01, ns)	0.6588137497670464
T to A	105	2	0.085196628417186	0.7709619217725165	ns	0		fc>acg (Δ=0.061, q=7.71000e-01, ns)	0.7709619217725165
