aa_sub	n_saap	F	p	n_tissues	FDR	Significance
P to T	149	116.83462899002109	1.1102230246251565e-16	7	6.106226635438361e-16	***
W to D	145	99.18996744437689	1.1102230246251565e-16	7	6.106226635438361e-16	***
V to P	59	12.116019303838511	3.4798830483850907e-12	7	1.2759571177412e-11	***
T to N	28	13.434186161588832	8.54627479895953e-12	7	2.3502255697138708e-11	***
E to D	13	16.133772081150695	2.8885893676999785e-11	7	6.354896608939954e-11	***
A to V	13	15.18118435483154	2.704397816799542e-10	7	4.958062664132494e-10	***
T to D	159	8.141805413397607	1.5001552222670966e-08	7	2.357386777848295e-08	***
S to G	9	11.54511485443576	2.991322488599124e-07	7	4.1130684218237956e-07	***
A to S	40	3.7422423726579255	0.001396887211034481	7	0.0017073065912643656	**
G to D	15	3.8145349438682774	0.0025611794198237003	7	0.0028172973618060706	**
V to L	9	1.5543988446695503	0.18271449671475448	7	0.18271449671475448	ns
