,SAAP,BP,AAS,AAS index,Positional probability,charge,TMT set,Dataset,saap_b_left_frag,saap_b_left_frag_mass,saap_b_right_frag,saap_b_right_frag_mass,saap_y_left_frag,saap_y_left_frag_mass,saap_y_right_frag,saap_y_right_frag_mass,bp_b_left_frag,bp_b_left_frag_mass,bp_b_right_frag,bp_b_right_frag_mass,bp_y_left_frag,bp_y_left_frag_mass,bp_y_right_frag,bp_y_right_frag_mass
0,TLVMLDEQGEQLDR,TLVMLDEQGEQLER,E to D,0,0.988,3,S3,cortex_1,b0,b1,y15,y14,b0,b1,y15,y14,,331.21788599999996,,,,,,
1,TLVMLDEQGEQLDR,TLVMLDEQGEQLER,E to D,0,0.028,3,S3,cortex_1,b0,b1,y15,y14,b0,b1,y15,y14,,331.21788599999996,,,,,,
2,DDDIAANVVDNGSGMCK,DDDIAALVVDNGSGMCK,L to N,1,0.015,3,S3,cortex_1,b1,b2,y17,y16,b1,b2,y17,y16,,,,,,,,
3,FLSQPFQVAEVFTGHMQK,FLSQPFQVAEVFTGHMGK,G to Q,0,0.988,3,S3,cortex_1,b0,b1,y19,y18,b0,b1,y19,y18,,377.238616,,,,377.238616,,
4,LSELDDRADALQAGASDFETSAAK,LSELDDRADALQAGASQFETSAAK,Q to D,1,0.243,3,S3,cortex_1,b1,b2,y24,y23,b1,b2,y24,y23,343.254266,,,,343.254266,430.28629599999994,,
5,IIHEDGFSEEDVK,IIHEDGFSGEDVK,G to E,1,0.02,3,S3,cortex_1,b1,b2,y13,y12,b1,b2,y13,y12,343.254266,456.338326,,,343.254266,456.338326,,
6,SIEEAIDK,CIEEAIDK,C to S,0,0.989,2,S3,cortex_1,b0,b1,y9,y8,b0,b1,y9,y8,,317.20223599999997,,,,390.20084999999995,,
7,GVFVDLEPTVIDEVR,AVFVDLEPTVIDEVR,A to G,0,0.493,3,S3,cortex_1,b0,b1,y16,y15,b0,b1,y16,y15,,,,,,,,
8,GVFVDLEPTVIDEVR,AVFVDLEPTVIDEVR,A to G,0,0.499,3,S3,cortex_1,b0,b1,y16,y15,b0,b1,y16,y15,,,,,,,,
9,SIEEAIDK,CIEEAIDK,C to S,0,0.992,2,S3,cortex_1,b0,b1,y9,y8,b0,b1,y9,y8,,317.20223599999997,,,,390.20084999999995,,
10,LEQQQAIDDLMPAQK,LEQGQAIDDLMPAQK,G to Q,3,0.32,3,S3,cortex_1,b3,b4,y13,y12,b3,b4,y13,y12,,,,,600.355436,657.376896,1643.862401,1515.803821
11,NENLAANFLLQQNFDDE,NENLAANFLLSQNFDDE,S to Q,0,0.999,3,S3,cortex_1,b0,b1,y18,y17,b0,b1,y18,y17,,,,,,,,
12,DLWTMVSPEDTQSLSFSEESPSK,DLWPMVSPEDTQSLSFSEESPSK,P to T,1,0.011,3,S3,cortex_1,b1,b2,y23,y22,b1,b2,y23,y22,345.197146,458.28120599999994,,,345.197146,458.28120599999994,,
13,IIHEDGFSEEDVK,IIHEDGFSGEDVK,G to E,1,0.018,3,S3,cortex_1,b1,b2,y13,y12,b1,b2,y13,y12,343.254266,456.338326,,,343.254266,456.338326,,
14,TDLNPDNLQGGDDLDANYVLSSRVR,TDLNPDNLQGGDDLDPNYVLSSRVR,P to A,0,0.244,3,S3,cortex_1,b0,b1,y26,y25,b0,b1,y26,y25,,331.21788599999996,,,,331.21788599999996,,
15,DLWTMVSPEDTQSLSFSEESPSK,DLWPMVSPEDTQSLSFSEESPSK,P to T,1,0.017,3,S3,cortex_1,b1,b2,y23,y22,b1,b2,y23,y22,345.197146,458.28120599999994,,,345.197146,458.28120599999994,,
16,ETDPEVHNTWTK,ETDPEVHLTWTK,L to N,7,0.125,3,S3,cortex_1,b7,b8,y6,y5,b7,b8,y6,y5,1037.510086,,1015.552241,878.493331,1037.510086,,1014.593371,877.534461
17,RVENLQDELALSEPR,RVELLQDELALSEPR,L to N,0,0.958,3,S3,cortex_1,b0,b1,y16,y15,b0,b1,y16,y15,,,,,,,,
18,QHYTEGAELVDSVLDVVR,GHYTEGAELVDSVLDVVR,G to Q,0,0.419,3,S3,cortex_1,b0,b1,y19,y18,b0,b1,y19,y18,,358.22878599999996,,,,,,
19,GVVPLAGTDGETTTQGLDGLSER,GVVPLAGTDGETTTQGLDGLLER,L to S,0,0.997,3,S3,cortex_1,b0,b1,y24,y23,b0,b1,y24,y23,,287.191666,,,,287.191666,,
20,LQEHNIDVLEGNEQFINAAK,LGEHNIDVLEGNEQFINAAK,G to Q,1,0.31,3,S3,cortex_1,b1,b2,y20,y19,,,,,343.254266,,,,,,,
21,HQGVMVGDGQK,HQGVMVGMGQK,M to D,0,0.97,3,S3,cortex_1,b0,b1,y12,y11,b0,b1,y12,y11,,367.229116,,,,367.229116,,
22,RDVAQDASESALLK,RDVAGDASESALLK,G to Q,4,0.015,3,S3,cortex_1,b4,b5,y11,y10,b4,b5,y11,y10,,,,1290.710241,,,1290.710231,
23,LEQQQAIDDLMPAQK,LEQGQAIDDLMPAQK,G to Q,3,0.017,3,S3,cortex_1,b3,b4,y13,y12,b3,b4,y13,y12,,,,,600.355436,657.376896,1643.862401,1515.803821
24,SGPFGQIFRPDNFVFGQSGAGNNSAK,SGPFGQIFRPDNFVFGQSGAGNNWAK,W to S,2,0.482,3,S3,cortex_1,b2,b3,y25,y24,b2,b3,y25,y24,,,,,374.22369599999996,,,
25,LSYVALDFEQEMATAASSSSLEK,LCYVALDFEQEMATAASSSSLEK,C to S,1,0.483,3,S3,cortex_1,b1,b2,y23,y22,b1,b2,y23,y22,343.254266,430.28629599999994,,,,274.121986,,
26,APFPSIVGRPR,AVFPSIVGRPR,V to P,1,0.493,3,S3,cortex_1,b1,b2,y11,y10,b1,b2,y11,y10,,398.26007599999997,,,301.207316,400.275726,,
27,APFPSIVGRPR,AVFPSIVGRPR,V to P,1,0.496,3,S3,cortex_1,b1,b2,y11,y10,b1,b2,y11,y10,,398.26007599999997,,,301.207316,400.275726,,
28,QPSISGPAPTK,QASISGPAPTK,A to P,1,0.5,2,S3,cortex_1,b1,b2,y11,y10,b1,b2,y11,y10,,226.118616,,,,200.10296599999998,,
29,NAGGVVSPQSAPACAENK,NAGQVVSPQSAPACAENK,Q to G,3,0.248,3,S3,cortex_1,b3,b4,y16,y15,b3,b4,y16,y15,,529.293166,,,,600.330286,,
30,TSLLNETGDEPFQYKN,TCLLNETGDEPFQYKN,C to S,1,0.115,3,S3,cortex_1,b1,b2,y16,y15,b1,b2,y16,y15,,,,,,491.248536,,
31,PGDAPSEEK,AGDAPSEEK,A to P,0,0.499,2,S3,cortex_1,b0,b1,y10,y9,b0,b1,y10,y9,,,,,,301.207316,,
32,APDAPSEEK,AGDAPSEEK,G to P,1,0.499,2,S3,cortex_1,b1,b2,y9,y8,b1,b2,y9,y8,,169.097146,,,301.207316,358.228776,,1061.531211
33,MDLSPPEDVLLTK,MDLAPPEDVLLTK,A to S,0,0.987,3,S3,cortex_1,b0,b1,y14,y13,b0,b1,y14,y13,,,,,,,,
34,VVTFGMANLLTGPK,VVTYGMANLLTGPK,Y to F,0,0.326,3,S3,cortex_1,b0,b1,y15,y14,b0,b1,y15,y14,,,,,,329.238616,,
35,SEGPAEEQPEPAPAPEQEAAAPGPAAGGEAPK,SEGAAEEQPEPAPAPEQEAAAPGPAAGGEAPK,A to P,3,0.016,4,S3,cortex_1,b3,b4,y30,y29,b3,b4,y30,y29,,371.156116,,,,574.303396,,
36,SEEAAEEQPEPAPAPEQEAAAPGPAAGGEAPK,SEGAAEEQPEPAPAPEQEAAAPGPAAGGEAPK,G to E,2,0.325,4,S3,cortex_1,b2,b3,y31,y30,b2,b3,y31,y30,,346.124486,,,446.24482599999993,,,
37,DYEEVGVDSVEGEGEEEGEEE,DYEEVGVDSVEGEGEEEGEEY,Y to E,3,0.25,3,S3,cortex_1,b3,b4,y19,y18,b3,b4,y19,y18,637.3030660000001,766.345656,,,637.3030660000001,766.345656,,1941.771931
38,EIFDSRQNPTVEVDLYTAK,EIFDSRGNPTVEVDLYTAK,G to Q,3,0.178,3,S3,cortex_1,b3,b4,y17,y16,b3,b4,y17,y16,619.365266,734.392206,,,619.365266,734.392206,,1994.0391710000001
39,TIGGGMDSFNTFFSETGAGK,TIGGGDDSFNTFFSETGAGK,D to M,2,0.159,3,S3,cortex_1,b2,b3,y19,y18,b2,b3,y19,y18,444.301946,,,,444.301946,,,
40,QMSLNLEPDNVGVVVFGNDK,GMSLNLEPDNVGVVVFGNDK,G to Q,0,0.473,3,S3,cortex_1,b0,b1,y21,y20,b0,b1,y21,y20,,,,,,,,
41,SGPFGQIFRPDNFVFGQSGAGNNWNK,SGPFGQIFRPDNFVFGQSGAGNNWAK,A to N,2,0.036,4,S3,cortex_1,b2,b3,y25,y24,b2,b3,y25,y24,374.22369599999996,,,,374.22369599999996,,,
42,WGESGAEYVVESTGVFTTMEK,WGEAGAEYVVESTGVFTTMEK,A to S,0,0.329,3,S3,cortex_1,b0,b1,y22,y21,b0,b1,y22,y21,,,,,,,,
43,PGSAETESAAK,AGSAETESAAK,A to P,0,0.333,2,S3,cortex_1,b0,b1,y12,y11,b0,b1,y12,y11,,,,,,,,
44,EQLELPEDEEEK,EGLELPEDEEEK,G to Q,1,0.496,3,S3,cortex_1,b1,b2,y12,y11,b1,b2,y12,y11,,487.271376,,,,,,
45,QMNTLVGYDLVPEPK,GMNTLVGYDLVPEPK,G to Q,0,0.067,3,S3,cortex_1,b0,b1,y16,y15,b0,b1,y16,y15,,,,,,,,
46,SEGPAEEQPEPAPAPEQEAAAPGPAAGGEAPK,SEGAAEEQPEPAPAPEQEAAAPGPAAGGEAPK,A to P,3,0.026,4,S3,cortex_1,b3,b4,y30,y29,b3,b4,y30,y29,,371.156116,,,,574.303396,,
47,AEEASAESTGAADGAAPEEGEAK,AGEASAESTGAADGAAPEEGEAK,G to E,1,0.333,3,S3,cortex_1,b1,b2,y23,y22,b1,b2,y23,y22,,,,,301.207316,358.228776,,
48,SEEAAEEQPEPAPAPEQEAAAPGPAAGGEAPK,SEGAAEEQPEPAPAPEQEAAAPGPAAGGEAPK,G to E,2,0.197,4,S3,cortex_1,b2,b3,y31,y30,b2,b3,y31,y30,,346.124486,,,446.24482599999993,,,
49,DYEEVGVDSVEGEGEEEGEEE,DYEEVGVDSVEGEGEEEGEEY,Y to E,1,0.486,3,S3,cortex_1,b1,b2,y21,y20,b1,b2,y21,y20,,508.260476,,,,508.260476,,
50,DYEEVGVDSVEGEGEEEGEEE,DYEEVGVDSVEGEGEEEGEEY,Y to E,3,0.25,3,S3,cortex_1,b3,b4,y19,y18,b3,b4,y19,y18,637.3030660000001,766.345656,,,637.3030660000001,766.345656,,1941.771931
51,AGAYDFPSTEWDTVTPEAK,AGAYDFPSPEWDTVTPEAK,P to T,0,0.042,3,S3,cortex_1,b0,b1,y20,y19,b0,b1,y20,y19,,301.207316,,,,,,
52,SEQAAEEQPEPAPAPEQEAAAPGPAAGGEAPK,SEGAAEEQPEPAPAPEQEAAAPGPAAGGEAPK,G to Q,2,0.245,4,S3,cortex_1,b2,b3,y31,y30,b2,b3,y31,y30,,,,,446.24482599999993,,,
53,NSMKEVDEQMLNVQNK,MSMKEVDEQMLNVQNK,M to N,0,0.198,3,S3,cortex_1,b0,b1,y17,y16,b0,b1,y17,y16,,344.21313599999996,,,,361.210696,,
54,SGAPSVNPH,SGAPSVLPH,L to N,1,0.33,2,S3,cortex_1,b1,b2,y9,y8,b1,b2,y9,y8,,374.22369599999996,,,,,,
55,EPDEQMLNVQNK,EVDEQMLNVQNK,V to P,1,0.038,3,S3,cortex_1,b1,b2,y12,y11,b1,b2,y12,y11,359.21279599999997,,,,359.21279599999997,458.28120599999994,,1562.804551
56,LLQPDAAINLADPDGALAK,LLGPDAAINLADPDGALAK,G to Q,2,0.166,3,S3,cortex_1,b2,b3,y18,y17,b2,b3,y18,y17,,,,,456.338326,,,
57,PAPEEHPVLLTEAPLNPK,VAPEEHPVLLTEAPLNPK,V to P,0,0.232,3,S3,cortex_1,b0,b1,y19,y18,b0,b1,y19,y18,,,,,,329.238616,,
58,TIGGGDDSFTTFFSETGAGK,TIGGGDDSFNTFFSETGAGK,N to T,7,0.836,3,S3,cortex_1,b7,b8,y14,y13,b7,b8,y14,y13,,,,,,932.452236,,
59,AIEIYEQVGANTFDNPLLK,AIEIYEQVGANTMDNPLLK,M to F,0,0.012,3,S3,cortex_1,b0,b1,y20,y19,b0,b1,y20,y19,,,,,,,,
60,SQDENPVVHFFK,TQDENPVVHFFK,T to S,0,0.333,3,S3,cortex_1,b0,b1,y13,y12,b0,b1,y13,y12,,317.20223599999997,,,,331.21788599999996,,
61,QHYTEGAELVDSVLDVVRK,GHYTEGAELVDSVLDVVRK,G to Q,0,0.5,4,S3,cortex_1,b0,b1,y20,y19,b0,b1,y20,y19,,358.22878599999996,,,,287.191666,,
62,LFQEDNQMPVHLK,LFQEDNGMPVHLK,G to Q,6,0.049,3,S3,cortex_1,b6,b7,y8,y7,b6,b7,y8,y7,,1104.552296,,,976.493716,1033.515176,,
63,AMQIMNSFVNDIFER,AMGIMNSFVNDIFER,G to Q,2,0.248,3,S3,cortex_1,b2,b3,y14,y13,b2,b3,y14,y13,,576.3012860000001,,,432.247806,489.26926599999996,,
64,GNDISSGTVLSDYVGSGPPSETGLHR,GNDISSGTVLSDYVGSGPPSGTGLHR,G to E,0,0.488,3,S3,cortex_1,b0,b1,y27,y26,b0,b1,y27,y26,,287.191666,,,,,,
65,YLATASTTDHAR,YLATASTMDHAR,M to T,1,0.986,3,S3,cortex_1,b1,b2,y12,y11,b1,b2,y12,y11,,,,,393.233536,506.3175959999999,,1173.5680710000001
66,YLSTASTMDHAR,YLATASTMDHAR,A to S,0,0.976,3,S3,cortex_1,b0,b1,y13,y12,b0,b1,y13,y12,,,,,,393.233536,,
67,YLSTASTMDHAR,YLATASTMDHAR,A to S,0,0.976,3,S3,cortex_1,b0,b1,y13,y12,b0,b1,y13,y12,,,,,,393.233536,,
68,YNTDAVQGLTHSK,YNTDCVQGLTHSK,C to A,0,0.985,3,S3,cortex_1,b0,b1,y14,y13,b0,b1,y14,y13,,,,,,393.233536,,
69,GPGPGGPGGAGGQR,GPGPGGPGGAGGAR,A to Q,0,0.014,2,S3,cortex_1,b0,b1,y15,y14,b0,b1,y15,y14,,287.191666,,,,287.191666,,
70,LGGSPVISLEGKPL,LGGSAVISLEGKPL,A to P,1,0.487,2,S3,cortex_1,b1,b2,y14,y13,b1,b2,y14,y13,,,,,343.254266,400.27572599999996,,1456.857221
71,LGGSPVISLEGKPL,LGGSAVISLEGKPL,A to P,1,0.498,2,S3,cortex_1,b1,b2,y14,y13,b1,b2,y14,y13,,,,,343.254266,400.27572599999996,,1456.857221
72,AAQAEEYAQQEVVK,AAGAEEYAQQEVVK,G to Q,2,0.166,3,S3,cortex_1,b2,b3,y13,y12,b2,b3,y13,y12,372.244426,,,,372.244426,429.26588599999997,1650.853601,1579.816491
73,LAQQPELAEDDADLLHK,LAQGPELAEDDADLLHK,G to Q,3,0.013,3,S3,cortex_1,b3,b4,y15,y14,b3,b4,y15,y14,,670.408536,,,542.349956,599.3714160000001,,
74,LDLMMEGTDARDVLENK,LDLMDEGTDARDVLENK,D to M,2,0.03,3,S3,cortex_1,b2,b3,y16,y15,b2,b3,y16,y15,458.28120599999994,571.365266,,,458.28120599999994,571.365266,,
75,LCFVEQDLAMGTDAEGEK,LCRVEQDLAMGTDAEGEK,R to F,2,0.327,3,S3,cortex_1,b2,b3,y17,y16,b2,b3,y17,y16,,650.353326,,,,,,
76,SSWRVPSSIEQK,SSWRVISSIEQK,I to P,3,0.472,3,S3,cortex_1,b3,b4,y10,y9,b3,b4,y10,y9,,746.4146860000001,,,,746.4146860000001,1474.857911,
77,SDPAPAASDSKPSSAEPAPSSK,SDAAPAASDSKPSSAEPAPSSK,A to P,2,0.01,4,S3,cortex_1,b2,b3,y21,y20,b2,b3,y21,y20,,300.119006,,,432.229176,503.266286,,
78,QGLSDGEGPPGGRGEAQR,GGLSDGEGPPGGRGEAQR,G to Q,0,0.433,3,S3,cortex_1,b0,b1,y19,y18,b0,b1,y19,y18,,358.22878599999996,,,,287.191666,,
79,SPEIEPVSVK,SGEIEPVSVK,G to P,1,0.498,2,S3,cortex_1,b1,b2,y10,y9,b1,b2,y10,y9,,185.092066,,,317.20223599999997,374.22369599999996,,1186.688041
80,SIDDLEEK,TIDDLEEK,T to S,0,0.998,2,S3,cortex_1,b0,b1,y9,y8,b0,b1,y9,y8,,317.20223599999997,,,,331.21788599999996,,
81,SITIANQTNSPLYVTK,SITIANQTNCPLYVTK,C to S,0,1.0,3,S3,cortex_1,b0,b1,y17,y16,b0,b1,y17,y16,,,,,,,,
82,VVLAYEPDWAIGTGK,VVLAYEPVWAIGTGK,V to D,1,0.025,3,S3,cortex_1,b1,b2,y15,y14,b1,b2,y15,y14,329.238616,,,,329.238616,,,
83,SMTDVNSAEDIK,SMTDVLSAEDIK,L to N,1,0.066,2,S3,cortex_1,b1,b2,y12,y11,b1,b2,y12,y11,,261.090396,,,,261.090396,,
84,SGPFGQIFRPDNFVFGQSGAGNNDAK,SGPFGQIFRPDNFVFGQSGAGNNWAK,W to D,1,0.476,4,S3,cortex_1,b1,b2,y26,y25,b1,b2,y26,y25,317.20223599999997,374.22369599999996,,,317.20223599999997,374.22369599999996,,
85,SGPFGQIFRPDNFVFGQSGAGNNDAK,SGPFGQIFRPDNFVFGQSGAGNNWAK,W to D,1,0.487,4,S3,cortex_1,b1,b2,y26,y25,b1,b2,y26,y25,317.20223599999997,374.22369599999996,,,317.20223599999997,374.22369599999996,,
86,PSSNQTAVGGFDTEPDEFSDFDRLR,PSSNGTAVGGFDTEPDEFSDFDRLR,G to Q,0,0.11,3,S3,cortex_1,b0,b1,y26,y25,b0,b1,y26,y25,,,,,,,,
87,DSYVQDEAQSK,DSYVGDEAQSK,G to Q,4,0.166,3,S3,cortex_1,b4,b5,y8,y7,b4,b5,y8,y7,694.3609160000001,822.419496,,,694.3609160000001,751.382376,1062.5628510000001,963.494441
88,NDEAEYVSIAENK,NDEAEYVCIAENK,C to S,0,1.0,3,S3,cortex_1,b0,b1,y14,y13,b0,b1,y14,y13,,,,,,,,
89,QLFHPEQLITEK,QLFHPEQLITGK,G to E,1,0.025,3,S3,cortex_1,b1,b2,y12,y11,b1,b2,y12,y11,,,,,358.22878599999996,471.312846,,
90,DPTNVGDEGGFAPNILENK,DATNVGDEGGFAPNILENK,A to P,1,0.333,3,S3,cortex_1,b1,b2,y19,y18,b1,b2,y19,y18,,213.086976,,,345.197146,416.234256,,
91,WLTAPATFPVYDPASGAK,WLPAPATFPVYDPASGAK,P to T,2,0.024,3,S3,cortex_1,b2,b3,y17,y16,b2,b3,y17,y16,,,,,529.333576,,,
92,SDPAPAASDSKPSSAEPAPSSK,SDAAPAASDSKPSSAEPAPSSK,A to P,2,0.331,3,S3,cortex_1,b2,b3,y21,y20,b2,b3,y21,y20,,300.119006,,,432.229176,503.266286,,
93,DLYANTVLSGGTTNYPGIADR,DLYANTVLSGGTTMYPGIADR,M to N,1,0.898,3,S3,cortex_1,b1,b2,y21,y20,b1,b2,y21,y20,345.197146,458.28120599999994,,,345.197146,458.28120599999994,,
94,VYANFFPYGDASK,IYANFFPYGDASK,I to V,0,0.249,3,S3,cortex_1,b0,b1,y14,y13,b0,b1,y14,y13,,,,,,343.254266,,
95,LVTSPCCITTSTYGWTANMER,LVTSPCCIVTSTYGWTANMER,V to T,0,0.999,3,S3,cortex_1,b0,b1,y22,y21,b0,b1,y22,y21,,343.254266,,,,343.254266,,
96,YLPTASTMDHAR,YLATASTMDHAR,A to P,2,0.333,3,S3,cortex_1,b2,b3,y11,y10,b2,b3,y11,y10,277.15466599999996,374.207426,1215.578621,1102.494561,506.3175959999999,577.3547060000001,1173.5680710000001,1060.484011
97,DSPQETDAFGNSEGK,DSPGETDAFGNSEGK,G to Q,3,0.072,3,S3,cortex_1,b3,b4,y13,y12,b3,b4,y13,y12,,,,,,,,
98,YNPNVLPVQSTGK,YNPNVLPVQCTGK,C to S,1,0.98,3,S3,cortex_1,b1,b2,y13,y12,b1,b2,y13,y12,,,,,,278.113536,,
99,DDMIFEDSGNVPSEPK,DDMIFEDCGNVPSEPK,C to S,1,0.969,3,S3,cortex_1,b1,b2,y16,y15,b1,b2,y16,y15,,,,,345.197146,460.224086,,
100,DDCCTESACSKPDDDILDIPLDDPGANAAAAK,MDCCTESACSKPDDDILDIPLDDPGANAAAAK,M to D,0,0.089,4,S3,cortex_1,b0,b1,y33,y32,b0,b1,y33,y32,,,,,,,,
101,ESTLHLLLR,ESTLHLVLR,V to I/L,0,0.988,3,S3,cortex_1,b0,b1,y10,y9,b0,b1,y10,y9,,,,,,,,
102,GVFPSIVGRPR,AVFPSIVGRPR,A to G,0,0.977,3,S3,cortex_1,b0,b1,y12,y11,b0,b1,y12,y11,,287.191666,,,,301.207316,,
103,DDMIFEDSGNVPSEPK,DDMIFEDCGNVPSEPK,C to S,1,0.962,3,S3,cortex_1,b1,b2,y16,y15,b1,b2,y16,y15,,,,,345.197146,460.224086,,
104,ALTVPELTQQMFDGK,ALTVPELTQQMFDAK,A to G,1,0.933,3,S3,cortex_1,b1,b2,y15,y14,b1,b2,y15,y14,,,,1851.9723310000002,,414.29137599999996,,1865.987981
105,GVFPSIVGRPR,AVFPSIVGRPR,A to G,0,0.959,3,S3,cortex_1,b0,b1,y12,y11,b0,b1,y12,y11,,287.191666,,,,301.207316,,
106,QAAQNIIPASTGAAK,GAAQNIIPASTGAAK,G to Q,0,0.2,3,S3,cortex_1,b0,b1,y16,y15,b0,b1,y16,y15,,,,,,287.191666,,
107,AVSMLSNTTAIAEAWAR,AVCMLSNTTAIAEAWAR,C to S,0,0.322,3,S3,cortex_1,b0,b1,y18,y17,b0,b1,y18,y17,,,,,,,,
108,ALTFWNEEIVPQIK,ALPFWNEEIVPQIK,P to T,0,0.011,3,S3,cortex_1,b0,b1,y15,y14,b0,b1,y15,y14,,301.207316,,,,,,
109,HQGPMVGMGQK,HQGVMVGMGQK,V to P,3,0.25,3,S3,cortex_1,b3,b4,y9,y8,b3,b4,y9,y8,,649.3619160000001,,,552.309156,651.377566,1167.606291,1110.5848310000001
110,ESEPQAAADADEVK,ESEPQAAADATEVK,T to D,6,0.038,3,S3,cortex_1,b6,b7,y9,y8,b6,b7,y9,y8,,942.472976,,,871.435866,942.472976,,1033.5726809999999
111,NRQESMPFAVVGSDK,IRQESMPFAVVGSDK,I to N,0,0.011,3,S3,cortex_1,b0,b1,y16,y15,b0,b1,y16,y15,,,,,,,,
112,FDLNSTWEAFPAYRQPPESLK,FDLNSPWEAFPAYRQPPESLK,P to T,0,0.032,4,S3,cortex_1,b0,b1,y22,y21,b0,b1,y22,y21,,377.238616,,,,377.238616,,
113,WLTLEANPEVTNQFLK,WLPLEANPEVTNQFLK,P to T,2,0.165,3,S3,cortex_1,b2,b3,y15,y14,b2,b3,y15,y14,529.333576,,,,529.333576,,,
114,VQINYQPPTVVPGGDLAK,VGINYQPPTVVPGGDLAK,G to Q,1,0.198,3,S3,cortex_1,b1,b2,y18,y17,b1,b2,y18,y17,,,,,,386.26007599999997,,
115,TLANLTWIVEPGQEAK,TLANLPWIVEPGQEAK,P to T,1,0.331,3,S3,cortex_1,b1,b2,y16,y15,b1,b2,y16,y15,331.21788599999996,444.301946,,,,,,
116,VQAMYIWVDGTGEGLFCK,VQAMYIWVDGTGEGLRCK,R to F,2,0.02,3,S3,cortex_1,b2,b3,y17,y16,b2,b3,y17,y16,,528.3343060000001,,,457.297196,528.3343060000001,,
117,EYLPIGGLAEFSK,EYLPIGGLAEFCK,C to S,0,0.983,3,S3,cortex_1,b0,b1,y14,y13,b0,b1,y14,y13,,,,,,,,
118,ALTVPELTQQMMDSK,ALTVPELTQQMFDSK,F to M,1,0.499,3,S3,cortex_1,b1,b2,y15,y14,b1,b2,y15,y14,,,,,,414.29137599999996,,1881.982901
119,HQGPMVGMGQK,HQGVMVGMGQK,V to P,3,0.25,3,S3,cortex_1,b3,b4,y9,y8,b3,b4,y9,y8,,649.3619160000001,,,552.309156,651.377566,1167.606291,1110.5848310000001
120,FPEGLPINDFSR,FVEGLPINDFSR,V to P,1,0.5,2,S3,cortex_1,b1,b2,y12,y11,b1,b2,y12,y11,377.238616,474.29137599999996,,,377.238616,476.307026,,1246.642601
121,IIPSTPFPQEGQALTLTSESK,IIPSTPFPQEGQALTLTCESK,C to S,0,0.948,3,S3,cortex_1,b0,b1,y22,y21,b0,b1,y22,y21,,343.254266,,,,343.254266,,
122,HQQVMVGMGQK,HQGVMVGMGQK,G to Q,2,0.019,3,S3,cortex_1,b2,b3,y10,y9,b2,b3,y10,y9,,623.346276,,,495.2876959999999,552.309156,1295.664871,1167.606291
123,TSGVVQGVASPAEK,TSGVVQGVASVAEK,V to P,1,0.193,3,S3,cortex_1,b1,b2,y14,y13,b1,b2,y14,y13,,,,,331.21788599999996,418.249916,,1459.831741
124,DVEDHLAVQSLIR,LVEDHLAVQSLIR,L to D,0,0.247,3,S3,cortex_1,b0,b1,y14,y13,b0,b1,y14,y13,,,,,,343.254266,,
125,AGGGRPGSPSPSVVSEK,AGGGRPSSPSPSVVSEK,S to G,1,0.33,3,S3,cortex_1,b1,b2,y17,y16,b1,b2,y17,y16,301.207316,358.228776,,,301.207316,358.228776,,
0,ESDLHLVLR,ESTLHLVLR,T to D,2,0.333,3,S4,cortex_2,b2,b3,y8,y7,b2,b3,y8,y7,,332.108836,,,,318.129576,,851.5461310000001
1,VESLDNAHHVPGGGNVK,VGSLDNAHHVPGGGNVK,G to E,1,0.199,4,S4,cortex_2,b1,b2,y17,y16,b1,b2,y17,y16,,229.11827599999998,,,329.238616,386.26007599999997,,
2,EVSQAVEHINK,GVSQAVEHINK,G to E,0,0.151,3,S4,cortex_2,b0,b1,y12,y11,b0,b1,y12,y11,,359.21279599999997,,,,287.191666,,
3,TQDENPVVHFDK,TQDENPVVHFFK,F to D,0,0.999,3,S4,cortex_2,b0,b1,y13,y12,b0,b1,y13,y12,,,,,,331.21788599999996,,
4,VGEVNVTK,VGEVIVTK,I to N,0,0.332,2,S4,cortex_2,b0,b1,y9,y8,b0,b1,y9,y8,,329.238616,,,,329.238616,,
5,QILVDLEPGTMDSVR,AILVDLEPGTMDSVR,A to Q,0,0.332,3,S4,cortex_2,b0,b1,y16,y15,b0,b1,y16,y15,,,,,,301.207316,,
6,VTNGAFTGEISDGMIK,VTNGAFTGEISPGMIK,P to D,0,0.037,3,S4,cortex_2,b0,b1,y17,y16,b0,b1,y17,y16,,,,,,329.238616,,
7,TITLEVEPSDTIENPK,TITLEVEPSDTIENVK,V to P,1,0.498,3,S4,cortex_2,b1,b2,y16,y15,b1,b2,y16,y15,,,,,,444.301946,,1916.042521
8,VGINYQPPDVVPGGDLAK,VGINYQPPTVVPGGDLAK,T to D,5,0.14,3,S4,cortex_2,b5,b6,y14,y13,b5,b6,y14,y13,776.450396,904.508976,,,776.450396,904.508976,1670.9314510000002,1507.868121
9,AVFVDLEPDVIDEVR,AVFVDLEPTVIDEVR,T to D,1,0.329,3,S4,cortex_2,b1,b2,y15,y14,b1,b2,y15,y14,301.207316,400.275726,,1644.8478810000001,301.207316,400.275726,,1630.868621
10,VQINYQPPTVVPGGDLAK,VGINYQPPTVVPGGDLAK,G to Q,1,0.267,3,S4,cortex_2,b1,b2,y18,y17,b1,b2,y18,y17,,,,,329.238616,386.26007599999997,,1955.079901
11,DEEEQEEEEGETEAEGEGEEAEAK,DEGEQEEEEGETEAEGEGEEAEAK,G to E,2,0.331,3,S4,cortex_2,b2,b3,y23,y22,b2,b3,y23,y22,,374.119396,,,474.23973599999994,,,
12,AVFVDLEPDVIDEVR,AVFVDLEPTVIDEVR,T to D,1,0.199,2,S4,cortex_2,b1,b2,y15,y14,b1,b2,y15,y14,301.207316,400.275726,,1644.8478810000001,301.207316,400.275726,,1630.868621
13,YLATASTMDDAR,YLATASTMDHAR,H to D,1,0.948,3,S4,cortex_2,b1,b2,y12,y11,b1,b2,y12,y11,393.233536,506.3175959999999,,1167.531001,393.233536,506.3175959999999,,1189.562971
14,PAEIPFNSTNK,VAEIPFNSTNK,V to P,0,0.249,3,S4,cortex_2,b0,b1,y12,y11,b0,b1,y12,y11,,,,,,329.238616,,
15,AEGAGTEEEGDPK,AEGAGTEEEGTPK,T to D,2,0.035,3,S4,cortex_2,b2,b3,y12,y11,b2,b3,y12,y11,430.24990599999995,487.271366,,,430.24990599999995,487.271366,1433.695701,1304.653111
16,AEGAGDEEEGTPK,AEGAGTEEEGTPK,T to D,5,0.106,3,S4,cortex_2,b5,b6,y9,y8,b5,b6,y9,y8,615.329936,730.356876,,,615.329936,,1176.5945410000002,1119.573081
17,SFASLWSD,SFASLFSD,F to W,1,0.988,2,S4,cortex_2,b1,b2,y8,y7,b1,b2,y8,y7,,464.270646,,825.377731,,,,786.366831
18,SFASLWSD,SFASLFSD,F to W,1,0.497,2,S4,cortex_2,b1,b2,y8,y7,b1,b2,y8,y7,,464.270646,,825.377731,,,,786.366831
19,EPDEQMLNVQNK,EVDEQMLNVQNK,V to P,1,0.174,3,S4,cortex_2,b1,b2,y12,y11,b1,b2,y12,y11,359.21279599999997,,,,359.21279599999997,458.28120599999994,,1562.804551
20,EPDEQMLNVQNK,EVDEQMLNVQNK,V to P,1,0.018,3,S4,cortex_2,b1,b2,y12,y11,b1,b2,y12,y11,359.21279599999997,,,,359.21279599999997,458.28120599999994,,1562.804551
21,NLDYVATSIHEAVDK,NLDYVATSIHEAVTK,T to D,1,0.968,3,S4,cortex_2,b1,b2,y15,y14,b1,b2,y15,y14,,,,,344.21313599999996,457.29719599999993,,
22,TITLEVEPSDTPENVK,TITLEVEPSDTIENVK,I to P,2,0.329,3,S4,cortex_2,b2,b3,y15,y14,b2,b3,y15,y14,,545.3496260000001,,,444.301946,545.3496260000001,1916.042521,1802.958461
23,AVWVDLEPTVIDEVR,AVFVDLEPTVIDEVR,F to W,2,0.2,3,S4,cortex_2,b2,b3,y14,y13,b2,b3,y14,y13,,,,,400.275726,547.344136,1630.868621,1531.800211
24,AVFVDLEPDVIDEVR,AVFVDLEPTVIDEVR,T to D,1,0.499,3,S4,cortex_2,b1,b2,y15,y14,b1,b2,y15,y14,301.207316,400.275726,,1644.8478810000001,301.207316,400.275726,,1630.868621
25,AVWVDLEPTVIDEVR,AVFVDLEPTVIDEVR,F to W,2,0.2,3,S4,cortex_2,b2,b3,y14,y13,b2,b3,y14,y13,,,,,400.275726,547.344136,1630.868621,1531.800211
26,DITLEVEPSDTIENVK,TITLEVEPSDTIENVK,T to D,0,0.012,3,S4,cortex_2,b0,b1,y17,y16,b0,b1,y17,y16,,,,,,,,
27,TITLEVEPSDDIENVK,TITLEVEPSDTIENVK,T to D,1,0.013,3,S4,cortex_2,b1,b2,y16,y15,b1,b2,y16,y15,,,,,,444.301946,,1916.042521
28,TITLEVEPSDDIENVK,TITLEVEPSDTIENVK,T to D,4,0.033,3,S4,cortex_2,b4,b5,y13,y12,b4,b5,y13,y12,658.433686,787.476276,,,658.433686,787.476276,1701.910781,1588.826721
29,TITLEVEPSDDIENVK,TITLEVEPSDTIENVK,T to D,5,0.013,2,S4,cortex_2,b5,b6,y12,y11,b5,b6,y12,y11,787.476276,886.544686,,,787.476276,886.544686,1588.826721,1459.7841310000001
30,AVFPDLEPTVIDEVR,AVFVDLEPTVIDEVR,V to P,0,0.989,2,S4,cortex_2,b0,b1,y16,y15,b0,b1,y16,y15,,,,,,301.207316,,
31,IITNPNFNGNTLDNDIMLIK,IITHPNFNGNTLDNDIMLIK,H to N,1,0.882,3,S4,cortex_2,b1,b2,y20,y19,,,,,343.254266,456.338326,,,,,,
32,YLADASTMDHAR,YLATASTMDHAR,T to D,3,0.013,3,S4,cortex_2,b3,b4,y10,y9,b3,b4,y10,y9,,692.381646,,,577.3547060000001,678.402386,1076.478911,1005.4418010000002
33,AYQENIGYSEK,AYGENIGYSEK,G to Q,2,0.2,3,S4,cortex_2,b2,b3,y10,y9,b2,b3,y10,y9,,592.3292260000001,,,464.270646,521.292106,1388.689511,1225.626181
34,EWIEGVSQFSVK,EFIEGVSQFSVK,F to W,1,0.49,3,S4,cortex_2,b1,b2,y12,y11,b1,b2,y12,y11,,,,,,277.118276,,
35,EDPEADQENA,EDPEADQEHA,H to N,0,0.5,2,S4,cortex_2,b0,b1,y11,y10,b0,b1,y11,y10,,359.21279599999997,,,,359.21279599999997,,
36,EFIEGVSQWSVK,EFIEGVSQFSVK,F to W,1,0.957,3,S4,cortex_2,b1,b2,y12,y11,b1,b2,y12,y11,359.21279599999997,,,,,277.118276,,
37,ALTVPELTQQPFDAK,ALTVPELTQQVFDAK,V to P,0,0.332,3,S4,cortex_2,b0,b1,y16,y15,b0,b1,y16,y15,,301.207316,,,,,,
38,AVWVDLEPTVIDEVR,AVFVDLEPTVIDEVR,F to W,0,0.328,3,S4,cortex_2,b0,b1,y16,y15,b0,b1,y16,y15,,,,,,301.207316,,
39,ALTVPELTQQPFDAK,ALTVPELTQQVFDAK,V to P,0,0.017,3,S4,cortex_2,b0,b1,y16,y15,b0,b1,y16,y15,,301.207316,,,,,,
40,PGEASAESTGAADGAAPEEGEAK,AGEASAESTGAADGAAPEEGEAK,A to P,0,0.33,3,S4,cortex_2,b0,b1,y24,y23,b0,b1,y24,y23,,,,,,301.207316,,
41,APEASAESTGAADGAAPEEGEAK,AGEASAESTGAADGAAPEEGEAK,G to P,1,0.038,3,S4,cortex_2,b1,b2,y23,y22,b1,b2,y23,y22,,,,,301.207316,358.228776,,
42,ISEEEELDDK,ISEEEELDTK,T to D,0,0.5,2,S4,cortex_2,b0,b1,y11,y10,b0,b1,y11,y10,,343.254266,,,,343.254266,,
43,DYEEVGVDSVEGEGEEEGEEE,DYEEVGVDSVEGEGEEEGEEY,Y to E,3,0.482,3,S4,cortex_2,b3,b4,y19,y18,b3,b4,y19,y18,637.3030660000001,766.345656,,,637.3030660000001,766.345656,,
44,DYEEVGVDSVEGEGEEEGEEE,DYEEVGVDSVEGEGEEEGEEY,Y to E,3,0.245,3,S4,cortex_2,b3,b4,y19,y18,b3,b4,y19,y18,637.3030660000001,766.345656,,,637.3030660000001,766.345656,,
45,DYEEVGVDSVEGEGEEEGEEE,DYEEVGVDSVEGEGEEEGEEY,Y to E,2,0.331,3,S4,cortex_2,b2,b3,y20,y19,b2,b3,y20,y19,,637.3030660000001,,,508.260476,637.3030660000001,,
46,DYEEVGVDSVEGEGEEEGEEE,DYEEVGVDSVEGEGEEEGEEY,Y to E,3,0.247,3,S4,cortex_2,b3,b4,y19,y18,b3,b4,y19,y18,637.3030660000001,766.345656,,,637.3030660000001,766.345656,,
47,DYEEVGVDSVEGEGEEEGEEF,DYEEVGVDSVEGEGEEEGEEY,Y to F,1,0.499,3,S4,cortex_2,b1,b2,y21,y20,b1,b2,y21,y20,,,,,345.197146,508.260476,,
48,AVFVDLEPDVIDEVR,AVFVDLEPTVIDEVR,T to D,1,0.249,2,S4,cortex_2,b1,b2,y15,y14,b1,b2,y15,y14,301.207316,400.275726,,1644.8478810000001,301.207316,400.275726,,1630.868621
49,ALTVPELTQQVWDAK,ALTVPELTQQVFDAK,F to W,1,0.497,3,S4,cortex_2,b1,b2,y15,y14,b1,b2,y15,y14,,,,,,414.29137599999996,,
50,ESDLHLVLR,ESTLHLVLR,T to D,2,0.333,3,S4,cortex_2,b2,b3,y8,y7,b2,b3,y8,y7,,332.108836,,,,318.129576,,851.5461310000001
51,DVNAAIADIK,DVNAAIATIK,T to D,0,0.967,3,S4,cortex_2,b0,b1,y11,y10,b0,b1,y11,y10,,345.197146,,,,345.197146,,
52,DVNAAIADIK,DVNAAIATIK,T to D,0,0.105,3,S4,cortex_2,b0,b1,y11,y10,b0,b1,y11,y10,,345.197146,,,,345.197146,,
53,ADDPDMGEGPDK,ADDPTMGEGPDK,T to D,4,0.2,3,S4,cortex_2,b4,b5,y9,y8,b4,b5,y9,y8,,,1190.556031,,628.3139560000001,729.361636,1176.5767710000002,1079.5240110000002
54,ESEPQAAADAAEVK,ESEPQAAADATEVK,T to A,0,0.5,3,S4,cortex_2,b0,b1,y15,y14,b0,b1,y15,y14,,,,,,359.21279599999997,,
55,FDTDELNFPDEK,FDTDELNFPTEK,T to D,1,0.028,3,S4,cortex_2,b1,b2,y12,y11,b1,b2,y12,y11,377.238616,,,,377.238616,492.265556,,1537.758311
56,ALTVPELTQQDFDSK,ALTVPELTQQMFDSK,M to D,1,0.33,3,S4,cortex_2,b1,b2,y15,y14,b1,b2,y15,y14,,,,,301.207316,,,
57,ALTVPELTQQTFDSK,ALTVPELTQQMFDSK,M to T,0,0.5,3,S4,cortex_2,b0,b1,y16,y15,b0,b1,y16,y15,,,,,,301.207316,,
58,PGEASAESTGAADGAAPEEGEAK,AGEASAESTGAADGAAPEEGEAK,A to P,0,0.32,3,S4,cortex_2,b0,b1,y24,y23,b0,b1,y24,y23,,,,,,301.207316,,
59,EDPAASEAPSSAAK,ETPAASEAPSSAAK,T to D,1,0.498,2,S4,cortex_2,b1,b2,y14,y13,b1,b2,y14,y13,359.21279599999997,,,1430.732421,359.21279599999997,460.260476,,1416.753161
60,DYEEVGVDSVEGEGEEEGEEE,DYEEVGVDSVEGEGEEEGEEY,Y to E,4,0.479,3,S4,cortex_2,b4,b5,y18,y17,b4,b5,y18,y17,766.345656,865.414066,,,766.345656,865.414066,,
61,VGINYQPPDVVPGGDLAK,VGINYQPPTVVPGGDLAK,T to D,2,0.323,3,S4,cortex_2,b2,b3,y17,y16,b2,b3,y17,y16,,,,,386.26007599999997,499.344136,1955.079901,
62,VQINYQPPTVVPGGDLAK,VGINYQPPTVVPGGDLAK,G to Q,1,0.141,3,S4,cortex_2,b1,b2,y18,y17,b1,b2,y18,y17,,,,,329.238616,386.26007599999997,,1955.079901
63,LAIWTDDIK,LAIFTDDIK,F to W,0,0.333,2,S4,cortex_2,b0,b1,y10,y9,b0,b1,y10,y9,,343.254266,,,,343.254266,,
64,AGAYDFPSPEWDDVTPEAK,AGAYDFPSPEWDTVTPEAK,T to D,2,0.247,3,S4,cortex_2,b2,b3,y18,y17,b2,b3,y18,y17,,429.26588599999997,,,,429.26588599999997,,
65,LAIWTDDIK,LAIFTDDIK,F to W,0,0.333,2,S4,cortex_2,b0,b1,y10,y9,b0,b1,y10,y9,,343.254266,,,,343.254266,,
66,TADDDAIAELDTLNEDSYK,TAFDDAIAELDTLNEDSYK,F to D,2,0.166,3,S4,cortex_2,b2,b3,y18,y17,b2,b3,y18,y17,,330.12960599999997,,,402.25499599999995,549.323406,,
67,LAIWTDDIK,LAIFTDDIK,F to W,0,0.333,2,S4,cortex_2,b0,b1,y10,y9,b0,b1,y10,y9,,343.254266,,,,343.254266,,
68,LAIWTDDIK,LAIFTDDIK,F to W,0,0.333,2,S4,cortex_2,b0,b1,y10,y9,b0,b1,y10,y9,,343.254266,,,,343.254266,,
69,LSELDDRADALQAGASQWETSAAK,LSELDDRADALQAGASQFETSAAK,F to W,7,0.296,3,S4,cortex_2,b7,b8,y18,y17,b7,b8,y18,y17,,,,1933.981651,,,,1894.970751
70,LSELDDRADALQAGASQWETSAAK,LSELDDRADALQAGASQFETSAAK,F to W,1,0.874,3,S4,cortex_2,b1,b2,y24,y23,b1,b2,y24,y23,,430.28629599999994,,,343.254266,430.28629599999994,,
71,LSELDDRADALQAGASDFETSAAK,LSELDDRADALQAGASQFETSAAK,Q to D,1,0.024,3,S4,cortex_2,b1,b2,y24,y23,b1,b2,y24,y23,343.254266,,,,343.254266,430.28629599999994,,
72,LSELDDRADALQAGASDFETSAAK,LSELDDRADALQAGASQFETSAAK,Q to D,2,0.02,3,S4,cortex_2,b2,b3,y23,y22,b2,b3,y23,y22,,559.328886,,,430.28629599999994,559.328886,,
73,LSELDDRADALQAGASQWETSAAK,LSELDDRADALQAGASQFETSAAK,F to W,8,0.017,3,S4,cortex_2,b8,b9,y17,y16,b8,b9,y17,y16,,1244.631986,1933.981651,,,,1894.970751,1823.933641
74,LAIWTDDIK,LAIFTDDIK,F to W,0,0.331,2,S4,cortex_2,b0,b1,y10,y9,b0,b1,y10,y9,,343.254266,,,,343.254266,,
75,IITNPNFNGNTLDNDIMLIK,IITHPNFNGNTLDNDIMLIK,H to N,3,0.487,3,S4,cortex_2,b3,b4,y18,y17,,,,,557.3860060000001,671.428936,,,,,,
76,ESDLHLVLR,ESTLHLVLR,T to D,2,0.333,3,S4,cortex_2,b2,b3,y8,y7,b2,b3,y8,y7,,332.108836,,,,318.129576,,851.5461310000001
77,YLSTASTMDHAR,YLATASTMDHAR,A to S,0,0.993,3,S4,cortex_2,b0,b1,y13,y12,b0,b1,y13,y12,,393.233536,,,,393.233536,,
78,ALEENNNWSK,ALEENNNFSK,F to W,0,1.0,3,S4,cortex_2,b0,b1,y11,y10,,,,,,301.207316,,,,,,
79,QPSISGPAPTK,QASISGPAPTK,A to P,1,0.5,2,S4,cortex_2,b1,b2,y11,y10,b1,b2,y11,y10,,226.118616,,,358.22878599999996,429.26589599999994,,1157.672731
80,DVEGAGNIAAATGFVK,TVEGAGNIAAATGFVK,T to D,0,0.125,3,S4,cortex_2,b0,b1,y17,y16,b0,b1,y17,y16,,,,,,,,
81,DVEGAGNIAAATGFVK,TVEGAGNIAAATGFVK,T to D,0,0.124,3,S4,cortex_2,b0,b1,y17,y16,b0,b1,y17,y16,,,,,,,,
82,ASTEGANNMDK,ASTEGANNMPK,P to D,1,0.021,2,S4,cortex_2,b1,b2,y11,y10,b1,b2,y11,y10,,,,,,,,1293.6306110000003
83,ALDVPELTQQMFDAK,ALTVPELTQQMFDAK,T to D,2,0.143,3,S4,cortex_2,b2,b3,y14,y13,b2,b3,y14,y13,,,,,414.29137599999996,515.339056,,
84,ALTVPELTQQMFDGK,ALTVPELTQQMFDSK,S to G,1,0.804,3,S4,cortex_2,b1,b2,y15,y14,b1,b2,y15,y14,,,,,301.207316,,,
85,VGINYQPPDVVPGGDLAK,VGINYQPPTVVPGGDLAK,T to D,2,0.034,3,S4,cortex_2,b2,b3,y17,y16,b2,b3,y17,y16,,,,,386.26007599999997,499.344136,1955.079901,
86,KEPDQADVEDQILGK,KEPTQADVEDQILGK,T to D,3,0.322,3,S4,cortex_2,b3,b4,y13,y12,b3,b4,y13,y12,,,1656.864161,,,,1642.8849010000001,1545.832141
87,DQGVMVGMGQK,HQGVMVGMGQK,H to D,0,0.25,3,S4,cortex_2,b0,b1,y12,y11,b0,b1,y12,y11,,345.197146,,,,367.229116,,
88,AILVDLEPGDMDSVR,AILVDLEPGTMDSVR,T to D,1,0.143,3,S4,cortex_2,b1,b2,y15,y14,b1,b2,y15,y14,,,,,301.207316,414.29137599999996,,1560.793741
89,AILVDLEPGDMDSVR,AILVDLEPGTMDSVR,T to D,2,0.225,3,S4,cortex_2,b2,b3,y14,y13,b2,b3,y14,y13,,527.375436,,,414.29137599999996,527.375436,1560.793741,1447.709681
90,TVTATDVVYALK,TVTAMDVVYALK,M to T,4,0.166,3,S4,cortex_2,b4,b5,y9,y8,b4,b5,y9,y8,602.371086,703.418766,,,602.371086,749.4064760000001,1254.696491,1183.6593810000002
91,ITLPVDWVTADK,ITLPVDFVTADK,F to W,4,0.336,3,S4,cortex_2,b4,b5,y9,y8,b4,b5,y9,y8,654.438766,,,,654.438766,753.507176,1220.672391,1123.619631
92,ITLPVDWVTADK,ITLPVDFVTADK,F to W,5,0.166,3,S4,cortex_2,b5,b6,y8,y7,b5,b6,y8,y7,,868.534116,,,753.507176,868.534116,1123.619631,1024.551221
93,ITLPVDWVTADK,ITLPVDFVTADK,F to W,5,0.166,3,S4,cortex_2,b5,b6,y8,y7,b5,b6,y8,y7,,868.534116,,,753.507176,868.534116,1123.619631,1024.551221
94,SADTLDGIQK,SADTLWGIQK,W to D,0,0.99,2,S4,cortex_2,b0,b1,y11,y10,b0,b1,y11,y10,,317.20223599999997,,,,317.20223599999997,,
95,RLETYYNATEPVISFYDKK,RLETYYNATEPVISFYDKR,R to K,1,0.499,4,S4,cortex_2,b1,b2,y19,y18,,,,,,,,,,,,
96,VLLPEYGGDK,VLLPEYGGTK,T to D,2,0.04,2,S4,cortex_2,b2,b3,y9,y8,b2,b3,y9,y8,442.32267599999994,555.406736,1220.672391,1107.5883310000002,442.32267599999994,555.406736,1206.693131,1093.609071
97,TDLNPDNLQGGDDLDPNHVLSSRVR,TDLNPDNLQGGDDLDPNYVLSSRVR,Y to H,0,0.124,3,S4,cortex_2,b0,b1,y26,y25,b0,b1,y26,y25,,331.21788599999996,,,,331.21788599999996,,
98,TNLPGFVEQAGALK,THLPGFVEQAGALK,H to N,1,0.328,3,S4,cortex_2,b1,b2,y14,y13,b1,b2,y14,y13,,,,,,,,
99,TQDENPVVDFFK,TQDENPVVHFFK,H to D,1,0.981,3,S4,cortex_2,b1,b2,y12,y11,b1,b2,y12,y11,331.21788599999996,459.27646599999997,,1566.800111,331.21788599999996,459.27646599999997,,1588.832081
100,GPGPGGPGGAGGQR,GPGPGGPGGAGGAR,A to Q,0,0.494,2,S4,cortex_2,b0,b1,y15,y14,b0,b1,y15,y14,,287.191666,,,,287.191666,,
101,DDDIAALVVDNGSGMSK,DDDIAALVVDNGSGMCK,C to S,2,0.923,3,S4,cortex_2,b2,b3,y16,y15,b2,b3,y16,y15,,388.098696,,,,388.098696,,
102,DDDIAALVVDNGSGMAK,DDDIAALVVDNGSGMCK,C to A,0,0.952,3,S4,cortex_2,b0,b1,y18,y17,b0,b1,y18,y17,,,,,,,,
103,ALTVPELTQQMDDAK,ALTVPELTQQMFDAK,F to D,0,0.786,3,S4,cortex_2,b0,b1,y16,y15,b0,b1,y16,y15,,301.207316,,,,301.207316,,
104,DFTPVGTTELGR,DFTPVCTTELGR,C to G,0,0.496,2,S4,cortex_2,b0,b1,y13,y12,b0,b1,y13,y12,,345.197146,,,,345.197146,,
105,VAPEEHPVSLTEAPLNPK,VAPEEHPVLLTEAPLNPK,L to S,2,0.333,3,S4,cortex_2,b2,b3,y17,y16,b2,b3,y17,y16,400.275726,,,,,,,
106,DDMIFEDSGNVPSEPK,DDMIFEDCGNVPSEPK,C to S,1,0.789,3,S4,cortex_2,b1,b2,y16,y15,b1,b2,y16,y15,,,,,,460.224086,,
107,LEWEDGSVLK,LEFEDGSVLK,F to W,0,0.493,2,S4,cortex_2,b0,b1,y11,y10,b0,b1,y11,y10,,343.254266,,,,343.254266,,
108,EDPLLTPVPASENPWREK,EDPLLTPVPASENPFREK,F to W,2,0.2,3,S4,cortex_2,b2,b3,y17,y16,b2,b3,y17,y16,474.23973599999994,,,,474.23973599999994,571.292496,,
109,LEWEDGSVLK,LEFEDGSVLK,F to W,0,0.999,2,S4,cortex_2,b0,b1,y11,y10,b0,b1,y11,y10,,343.254266,,,,343.254266,,
110,LEWEDGSVLK,LEFEDGSVLK,F to W,0,0.333,2,S4,cortex_2,b0,b1,y11,y10,b0,b1,y11,y10,,343.254266,,,,343.254266,,
111,DQDENPVVHFFK,TQDENPVVHFFK,T to D,0,0.333,2,S4,cortex_2,b0,b1,y13,y12,b0,b1,y13,y12,,,,,,331.21788599999996,,
112,ADQSTEEQIAEFK,ADQLTEEQIAEFK,L to S,3,0.25,2,S4,cortex_2,b3,b4,y11,y10,b3,b4,y11,y10,,444.17253600000004,,1410.731371,357.140506,470.224566,1564.841981,1436.783401
113,ADQLTEEQIAEWK,ADQLTEEQIAEFK,F to W,0,1.0,2,S4,cortex_2,b0,b1,y14,y13,b0,b1,y14,y13,,,,,,,,
114,ADQLTEEQIAEWK,ADQLTEEQIAEFK,F to W,0,1.0,2,S4,cortex_2,b0,b1,y14,y13,b0,b1,y14,y13,,,,,,,,
115,ADQLTEEQIAEWK,ADQLTEEQIAEFK,F to W,1,0.491,2,S4,cortex_2,b1,b2,y13,y12,b1,b2,y13,y12,,,,,,,,
116,DDDIAALVVDNGSGTCK,DDDIAALVVDNGSGMCK,M to T,0,0.498,2,S4,cortex_2,b0,b1,y18,y17,b0,b1,y18,y17,,,,,,,,
117,DDDIAALVVDNGSGMSK,DDDIAALVVDNGSGMCK,C to S,6,0.884,2,S4,cortex_2,b6,b7,y12,y11,b6,b7,y12,y11,643.256976,756.3410359999999,,,643.256976,756.3410359999999,1495.7445810000002,1424.7074710000002
118,DDDIAALVVDNGSGMHK,DDDIAALVVDNGSGMCK,C to H,1,0.496,2,S4,cortex_2,b1,b2,y17,y16,b1,b2,y17,y16,,,,,,,,
119,GSSATVTGGQK,GLSATVTGGQK,L to S,1,0.199,3,S4,cortex_2,b1,b2,y11,y10,b1,b2,y11,y10,287.191666,374.22369599999996,,1164.6421710000002,287.191666,400.27572599999996,,1190.694201
120,GLSADVTGGQK,GLSATVTGGQK,T to D,4,0.891,3,S4,cortex_2,b4,b5,y8,y7,b4,b5,y8,y7,,673.371806,,,558.344866,659.392546,990.578111,919.541001
121,HQGVMVGDGQK,HQGVMVGMGQK,M to D,0,1.0,3,S4,cortex_2,b0,b1,y12,y11,b0,b1,y12,y11,,,,,,367.229116,,
122,AGFAGDSAPR,AGFAGDDAPR,D to S,0,0.999,2,S4,cortex_2,b0,b1,y11,y10,b0,b1,y11,y10,,301.207316,,,,301.207316,,
123,AILVDLEPGNMDSVR,AILVDLEPGTMDSVR,T to N,2,0.03,3,S4,cortex_2,b2,b3,y14,y13,b2,b3,y14,y13,414.29137599999996,527.375436,,,414.29137599999996,527.375436,1560.793741,1447.709681
124,GDGPVQGDIHFEQK,GDGPVQGTIHFEQK,T to D,4,0.432,3,S4,cortex_2,b4,b5,y11,y10,b4,b5,y11,y10,,,,,556.292826,,1512.8371710000001,1415.784411
125,MGSPEAGMAEYLFDK,MGAPEAGMAEYLFDK,A to S,1,0.476,3,S4,cortex_2,b1,b2,y15,y14,,,,,,,,,,,,
126,DDMIFEDSGNVPSEPK,DDMIFEDCGNVPSEPK,C to S,1,0.987,3,S4,cortex_2,b1,b2,y16,y15,b1,b2,y16,y15,,,,,,460.224086,,
127,EQVTNVGGAVVTGPTAVAQK,EQVTNVGGAVVTGVTAVAQK,V to P,1,0.499,3,S4,cortex_2,b1,b2,y20,y19,b1,b2,y20,y19,359.21279599999997,487.271376,,,359.21279599999997,487.271376,,
128,VAPEEHPVLLDEAPLNPK,VAPEEHPVLLTEAPLNPK,T to D,1,0.028,3,S4,cortex_2,b1,b2,y18,y17,b1,b2,y18,y17,329.238616,400.275726,,,329.238616,,,
129,VGPEEHPVLLTEAPLNPK,VAPEEHPVLLTEAPLNPK,A to G,1,0.046,3,S4,cortex_2,b1,b2,y18,y17,b1,b2,y18,y17,329.238616,,,,329.238616,,,
130,EQVDNVGGAVVTGVTAVAQK,EQVTNVGGAVVTGVTAVAQK,T to D,1,0.11,3,S4,cortex_2,b1,b2,y20,y19,b1,b2,y20,y19,359.21279599999997,487.271376,,,359.21279599999997,487.271376,,
131,TTGGGDDSFNTFFSETGAGK,TIGGGDDSFNTFFSETGAGK,I to T,1,0.473,3,S4,cortex_2,b1,b2,y20,y19,b1,b2,y20,y19,,432.265566,,,331.21788599999996,444.301946,,
132,TIGGGDDSFNDFFSETGAGK,TIGGGDDSFNTFFSETGAGK,T to D,8,0.111,3,S4,cortex_2,b8,b9,y13,y12,b8,b9,y13,y12,,1079.520646,,1548.753161,932.452236,1079.520646,,
133,LGEHNIDVLEGNEQWINAAK,LGEHNIDVLEGNEQFINAAK,F to W,0,0.992,3,S4,cortex_2,b0,b1,y21,y20,,,,,,,,,,,,
134,LGEHNIDPLEGNEQFINAAK,LGEHNIDVLEGNEQFINAAK,V to P,1,0.162,3,S4,cortex_2,b1,b2,y20,y19,,,,,,,,,,,,
135,GDGPVQGDIHFEQK,GDGPVQGTIHFEQK,T to D,4,0.198,3,S4,cortex_2,b4,b5,y11,y10,b4,b5,y11,y10,,,,,556.292826,,1512.8371710000001,1415.784411
136,AILVDLEPGDMDSVR,AILVDLEPGTMDSVR,T to D,2,0.248,3,S4,cortex_2,b2,b3,y14,y13,b2,b3,y14,y13,,527.375436,,,414.29137599999996,527.375436,1560.793741,1447.709681
137,IESLDNITHVPGGGNK,IGSLDNITHVPGGGNK,G to E,1,0.199,3,S4,cortex_2,b1,b2,y16,y15,b1,b2,y16,y15,,243.13392599999997,,,343.254266,,,
138,AILVDLEDGTMDSVR,AILVDLEPGTMDSVR,P to D,0,0.013,3,S4,cortex_2,b0,b1,y16,y15,b0,b1,y16,y15,,301.207316,,,,301.207316,,
139,DDDIAALVVDNGSGPCK,DDDIAALVVDNGSGMCK,M to P,1,0.03,3,S4,cortex_2,b1,b2,y17,y16,b1,b2,y17,y16,,,,,,,,
140,ALTVPELTQQMFDGK,ALTVPELTQQMFDAK,A to G,1,0.973,3,S4,cortex_2,b1,b2,y15,y14,b1,b2,y15,y14,,,,,301.207316,414.29137599999996,,
141,ALTVPELTQQMFDGK,ALTVPELTQQMFDAK,A to G,0,0.495,3,S4,cortex_2,b0,b1,y16,y15,b0,b1,y16,y15,,,,,,301.207316,,
142,ALTFWNEEIVPQIK,ALPFWNEEIVPQIK,P to T,0,0.022,3,S4,cortex_2,b0,b1,y15,y14,b0,b1,y15,y14,,,,,,301.207316,,
143,NLEAVETLGSTSDICSDK,NLEAVETLGSTSTICSDK,T to D,1,0.043,3,S4,cortex_2,b1,b2,y18,y17,b1,b2,y18,y17,,,,,344.21313599999996,457.29719599999993,,
144,VGPEEHPVLLTEAPLNPK,VAPEEHPVLLTEAPLNPK,A to G,1,0.468,3,S4,cortex_2,b1,b2,y18,y17,b1,b2,y18,y17,329.238616,,,,329.238616,,,
145,DSYANTVLSGGTTMYPGIADR,DLYANTVLSGGTTMYPGIADR,L to S,1,0.216,3,S4,cortex_2,b1,b2,y21,y20,b1,b2,y21,y20,345.197146,432.229176,,,345.197146,458.28120599999994,,
146,FEDENWILK,FEDENFILK,F to W,1,0.5,2,S4,cortex_2,b1,b2,y9,y8,b1,b2,y9,y8,377.238616,506.28120599999994,,1275.678211,377.238616,506.28120599999994,,1236.6673110000002
147,VWFTHELDGQGARPR,VWFPHELDGQGARPR,P to T,3,0.021,4,S4,cortex_2,b3,b4,y13,y12,b3,b4,y13,y12,,,,,662.386336,759.4390960000001,,
148,YLSTASTMDHAR,YLATASTMDHAR,A to S,0,0.984,3,S4,cortex_2,b0,b1,y13,y12,b0,b1,y13,y12,,393.233536,,,,393.233536,,
149,SSDRVVSSIEQK,SSWRVVSSIEQK,W to D,1,0.484,3,S4,cortex_2,b1,b2,y12,y11,b1,b2,y12,y11,317.20223599999997,,,1476.821921,317.20223599999997,,,1547.874291
150,VAPEEHPPLLTEAPLNPK,VAPEEHPVLLTEAPLNPK,V to P,3,0.167,3,S4,cortex_2,b3,b4,y16,y15,b3,b4,y16,y15,,626.371076,,,,626.371076,,
151,VAPEEHPVLLDEAPLNPK,VAPEEHPVLLTEAPLNPK,T to D,1,0.949,3,S4,cortex_2,b1,b2,y18,y17,b1,b2,y18,y17,329.238616,400.275726,,,329.238616,,,
152,VAPEEHPPLLTEAPLNPK,VAPEEHPVLLTEAPLNPK,V to P,1,0.491,3,S4,cortex_2,b1,b2,y18,y17,b1,b2,y18,y17,329.238616,400.275726,,,329.238616,,,
153,VAPEENPVLLTEAPLNPK,VAPEEHPVLLTEAPLNPK,H to N,5,0.476,3,S4,cortex_2,b5,b6,y14,y13,b5,b6,y14,y13,,,,,755.413666,892.472576,1787.026411,
154,TFFPDEISSMVLTK,TFFPEEISSMVLTK,E to D,4,0.097,3,S4,cortex_2,b4,b5,y11,y10,b4,b5,y11,y10,,837.434406,,,,851.450056,,
155,EEEIAALVIDMGSGMCK,EEEIAALVIDNGSGMCK,N to M,1,0.165,3,S4,cortex_2,b1,b2,y17,y16,b1,b2,y17,y16,,,,,,,,
156,QINPDLGSQEDFK,QINPTLGSQEDFK,T to D,4,0.24,3,S4,cortex_2,b4,b5,y10,y9,b4,b5,y10,y9,,797.435476,,,,783.456216,,
157,EEPASQSAATPAAAEK,EEPASGSAATPAAAEK,G to Q,5,0.136,3,S4,cortex_2,b5,b6,y12,y11,b5,b6,y12,y11,,,,,743.377286,800.398746,,
158,HDMAFIEQEANEK,HMMAFIEQEANEK,M to D,1,0.249,3,S4,cortex_2,b1,b2,y13,y12,b1,b2,y13,y12,,,,,,,,
159,DDMIPEDCGNVPSEPK,DDMIFEDCGNVPSEPK,F to P,4,0.166,3,S4,cortex_2,b4,b5,y13,y12,b4,b5,y13,y12,,,,,720.3435360000001,867.4119460000001,,
160,DITLEVEPSDTIENVK,TITLEVEPSDTIENVK,T to D,0,0.199,3,S4,cortex_2,b0,b1,y17,y16,b0,b1,y17,y16,,,,,,,,
161,VAQEEHPVLLTEAPLNPK,VAPEEHPVLLTEAPLNPK,P to Q,2,0.246,3,S4,cortex_2,b2,b3,y17,y16,b2,b3,y17,y16,,,,,,,,
162,DSYVGDEAQGK,DSYVGDEAQSK,S to G,0,0.01,3,S4,cortex_2,b0,b1,y12,y11,b0,b1,y12,y11,,,,,,345.197146,,
163,QILAADESTGSIAK,GILAADESTGSIAK,G to Q,0,0.166,3,S4,cortex_2,b0,b1,y15,y14,b0,b1,y15,y14,,,,,,287.191666,,
164,NDEAEYVSIAENK,NDEAEYVCIAENK,C to S,0,0.997,3,S4,cortex_2,b0,b1,y14,y13,b0,b1,y14,y13,,,,,,,,
165,IVYEHLDDPANQEIERGK,IVYGHLDDPANQEIERGK,G to E,3,0.249,4,S4,cortex_2,b3,b4,y16,y15,b3,b4,y16,y15,376.223076,505.26566599999995,,,605.3860060000001,662.407466,,
166,QLWHPEQLITGK,QLFHPEQLITGK,F to W,2,0.25,3,S4,cortex_2,b2,b3,y11,y10,b2,b3,y11,y10,471.312846,657.392156,,,471.312846,618.381256,1511.878301,1398.794241
167,DDDIAALVVDNGSGMAK,DDDIAALVVDNGSGMCK,C to A,0,0.996,3,S4,cortex_2,b0,b1,y18,y17,b0,b1,y18,y17,,,,,,,,
168,QFLSEDEK,QFLSETEK,T to D,1,0.326,2,S4,cortex_2,b1,b2,y8,y7,b1,b2,y8,y7,358.22878599999996,505.29719599999993,,1096.572351,358.22878599999996,505.29719599999993,,1082.593091
169,DATNVGDEGGDAPNILENK,DATNVGDEGGFAPNILENK,F to D,2,0.965,3,S4,cortex_2,b2,b3,y18,y17,b2,b3,y18,y17,,,,,416.234256,,,
170,TITLEVEPSDDIENVK,TITLEVEPSDTIENVK,T to D,3,0.028,3,S4,cortex_2,b3,b4,y14,y13,b3,b4,y14,y13,545.3496260000001,658.433686,,,545.3496260000001,658.433686,1802.958461,1701.910781
171,EIFDSRGNPDVEVDLYTAK,EIFDSRGNPTVEVDLYTAK,T to D,3,0.192,3,S4,cortex_2,b3,b4,y17,y16,b3,b4,y17,y16,619.365266,734.392206,,,619.365266,734.392206,,
172,DDDIAALVVDNGSGTCK,DDDIAALVVDNGSGMCK,M to T,1,0.331,2,S4,cortex_2,b1,b2,y17,y16,b1,b2,y17,y16,,,,,,,,
173,DDDIAALVVDNGSGTCK,DDDIAALVVDNGSGMCK,M to T,1,0.488,2,S4,cortex_2,b1,b2,y17,y16,b1,b2,y17,y16,,,,,,,,
174,EITALAPSTDK,EITALAPSTMK,M to D,1,0.979,3,S4,cortex_2,b1,b2,y11,y10,b1,b2,y11,y10,,,,,359.21279599999997,472.296856,,1277.733611
175,EITALAPSDMK,EITALAPSTMK,T to D,0,0.125,3,S4,cortex_2,b0,b1,y12,y11,b0,b1,y12,y11,,,,,,359.21279599999997,,
176,TQDENPVVHFDK,TQDENPVVHFFK,F to D,0,0.999,3,S4,cortex_2,b0,b1,y13,y12,b0,b1,y13,y12,,,,,,331.21788599999996,,
177,AILVDLEPGDMDSVR,AILVDLEPGTMDSVR,T to D,1,0.142,3,S4,cortex_2,b1,b2,y15,y14,b1,b2,y15,y14,,,,,301.207316,414.29137599999996,,1560.793741
178,GVFVDLEPTVIDEVR,AVFVDLEPTVIDEVR,A to G,0,0.495,3,S4,cortex_2,b0,b1,y16,y15,b0,b1,y16,y15,,287.191666,,,,301.207316,,
179,GHYTEEAELVDSVLDVVRK,GHYTEGAELVDSVLDVVRK,G to E,3,0.011,4,S4,cortex_2,b3,b4,y17,y16,b3,b4,y17,y16,587.3139060000001,,,,587.3139060000001,688.361586,,1959.095941
180,DDDIAALVVDNGSGDCK,DDDIAALVVDNGSGMCK,M to D,5,0.317,3,S4,cortex_2,b5,b6,y13,y12,b5,b6,y13,y12,572.219866,643.256976,1534.773241,1463.736131,572.219866,643.256976,1566.7816910000001,1495.7445810000002
181,DGRGAAQNIIPASDGAAK,DGRGAAQNIIPASTGAAK,T to D,0,0.013,3,S4,cortex_2,b0,b1,y19,y18,b0,b1,y19,y18,,345.197146,,,,345.197146,,
182,GNVNGAAPELPVPTGGPMAGAR,GIVNGAAPELPVPTGGPMAGAR,I to N,1,0.158,3,S4,cortex_2,b1,b2,y22,y21,b1,b2,y22,y21,,,,,,,,
183,AAQPPDETAESSQAEEEK,AAQPPTETAESSQAEEEK,T to D,3,0.017,3,S4,cortex_2,b3,b4,y16,y15,b3,b4,y16,y15,500.3030059999999,,,,500.3030059999999,,,
184,PLNNMEIGTSLYDEEGAK,VLNNMEIGTSLYDEEGAK,V to P,0,0.165,3,S4,cortex_2,b0,b1,y19,y18,b0,b1,y19,y18,,,,,,329.238616,,
185,LYQSAGGMNGGMPGGFPGGGAPPSGGASSGPTIEEVD,LYQSAGGMPGGMPGGFPGGGAPPSGGASSGPTIEEVD,P to N,0,0.235,3,S4,cortex_2,b0,b1,y38,y37,b0,b1,y38,y37,,,,,,343.254266,,
186,AVFPSTVGRPR,AVFPSIVGRPR,I to T,0,0.983,3,S4,cortex_2,b0,b1,y12,y11,b0,b1,y12,y11,,301.207316,,,,301.207316,,
187,HQQVMVGMGQK,HQGVMVGMGQK,G to Q,2,0.128,3,S4,cortex_2,b2,b3,y10,y9,b2,b3,y10,y9,,623.346276,,,495.2876959999999,552.309156,1295.664871,1167.606291
188,EITALAPSDMK,EITALAPSTMK,T to D,0,0.5,3,S4,cortex_2,b0,b1,y12,y11,b0,b1,y12,y11,,,,,,359.21279599999997,,
189,IIYNVHDEVK,IIYIVHDEVK,I to N,0,0.104,3,S4,cortex_2,b0,b1,y11,y10,b0,b1,y11,y10,,343.254266,,,,343.254266,,
190,TQDENPVVHWFK,TQDENPVVHFFK,F to W,0,0.996,3,S4,cortex_2,b0,b1,y13,y12,b0,b1,y13,y12,,,,,,331.21788599999996,,
191,DGRGAAQNIIPASDGAAK,DGRGAAQNIIPASTGAAK,T to D,1,0.246,3,S4,cortex_2,b1,b2,y18,y17,b1,b2,y18,y17,345.197146,,,,345.197146,,,
192,AAQPPDETAESSQAEEEK,AAQPPTETAESSQAEEEK,T to D,2,0.012,3,S4,cortex_2,b2,b3,y17,y16,b2,b3,y17,y16,372.244426,500.3030059999999,,,372.244426,500.3030059999999,,
193,DGRGAAQNIIPASTQAAK,DGRGAAQNIIPASTGAAK,G to Q,3,0.034,3,S4,cortex_2,b3,b4,y16,y15,b3,b4,y16,y15,,,,,,,,1598.906301
194,ALYDWEPENEGELGFK,ALYDFEPENEGELGFK,F to W,1,0.328,3,S4,cortex_2,b1,b2,y16,y15,b1,b2,y16,y15,,,,,301.207316,414.29137599999996,,
195,TIGGGDDSDNTFFSETGAGK,TIGGGDDSFNTFFSETGAGK,F to D,6,0.123,3,S4,cortex_2,b6,b7,y15,y14,b6,b7,y15,y14,,,,,,845.420206,,
196,EEAVIPPATMTGETVETAVPTEGAPVEEAEAEK,EEAVIPPATDTGETVETAVPTEGAPVEEAEAEK,D to M,5,0.026,4,S4,cortex_2,b5,b6,y29,y28,b5,b6,y29,y28,771.444966,,,,771.444966,,,
197,TQDENPVVDFFK,TQDENPVVHFFK,H to D,0,0.981,3,S4,cortex_2,b0,b1,y13,y12,b0,b1,y13,y12,,331.21788599999996,,,,331.21788599999996,,
198,DGDGTITDK,DGDGTITTK,T to D,0,0.926,2,S4,cortex_2,b0,b1,y10,y9,b0,b1,y10,y9,,345.197146,,,,345.197146,,
199,EQVLYVGSK,EGVLYVGSK,G to Q,1,0.5,2,S4,cortex_2,b1,b2,y9,y8,b1,b2,y9,y8,,487.271376,,1122.672011,359.21279599999997,416.23425599999996,,1051.6348910000002
200,RGTGGVDTPATGSVFDISNLDR,RGTGGVDTAATGSVFDISNLDR,A to P,8,0.1,3,S4,cortex_2,b8,b9,y15,y14,b8,b9,y15,y14,,,,,973.526406,1044.5635160000002,1566.775801,1465.728121
201,TIGGGDDSFNTDFSETGAGK,TIGGGDDSFNTFFSETGAGK,F to D,0,1.0,3,S4,cortex_2,b0,b1,y21,y20,b0,b1,y21,y20,,331.21788599999996,,,,331.21788599999996,,
202,DITLEVEPSDTIENVK,TITLEVEPSDTIENVK,T to D,0,0.222,3,S4,cortex_2,b0,b1,y17,y16,b0,b1,y17,y16,,,,,,,,
203,FVEGLLINDFSR,FVEGLPINDFSR,P to I/L,0,0.25,2,S4,cortex_2,b0,b1,y13,y12,b0,b1,y13,y12,,377.238616,,,,377.238616,,
204,SEQAAEEQPEPAPAPEQEAAAPGPAAGGEAPK,SEGAAEEQPEPAPAPEQEAAAPGPAAGGEAPK,G to Q,2,0.239,4,S4,cortex_2,b2,b3,y31,y30,b2,b3,y31,y30,,345.140476,,,446.24482599999993,,,
205,TSGVPQGVASVAEK,TSGVVQGVASVAEK,V to P,0,0.018,3,S4,cortex_2,b0,b1,y15,y14,b0,b1,y15,y14,,,,,,,,
206,IIHEDGWSGEDVK,IIHEDGFSGEDVK,F to W,0,1.0,3,S4,cortex_2,b0,b1,y14,y13,b0,b1,y14,y13,,343.254266,,,,343.254266,,
207,EDDAALEK,EDMAALEK,M to D,0,0.986,2,S4,cortex_2,b0,b1,y9,y8,b0,b1,y9,y8,,359.21279599999997,,,,359.21279599999997,,
208,LHFFMPGFAPLDSR,LHFFMPGFAPLTSR,T to D,5,0.04,3,S4,cortex_2,b5,b6,y10,y9,b5,b6,y10,y9,921.4853860000001,,1106.529871,959.4944810000001,921.4853860000001,,1092.5506110000001,945.5152210000001
209,LHFFTPGFAPLTSR,LHFFMPGFAPLTSR,M to T,0,1.0,3,S4,cortex_2,b0,b1,y15,y14,b0,b1,y15,y14,,,,,,343.254266,,
210,DLDDPIIEER,DLFDPIIEER,F to D,0,0.984,2,S4,cortex_2,b0,b1,y11,y10,b0,b1,y11,y10,,345.197146,,,,345.197146,,
211,ALTVPELTQQMWDSK,ALTVPELTQQMFDSK,F to W,0,0.991,3,S4,cortex_2,b0,b1,y16,y15,b0,b1,y16,y15,,301.207316,,,,301.207316,,
212,LNFFMPGFAPLTSR,LHFFMPGFAPLTSR,H to N,1,0.494,3,S4,cortex_2,b1,b2,y14,y13,b1,b2,y14,y13,,457.29719599999993,,,343.254266,480.31317599999994,,
213,QEATAERPGEAAVASSPSK,GEATAERPGEAAVASSPSK,G to Q,0,0.048,3,S4,cortex_2,b0,b1,y20,y19,b0,b1,y20,y19,,358.22878599999996,,,,287.191666,,
214,SGFAGDDAPR,AGFAGDDAPR,A to S,0,0.495,2,S4,cortex_2,b0,b1,y11,y10,b0,b1,y11,y10,,,,,,301.207316,,
215,AGWAGDDAPR,AGFAGDDAPR,F to W,0,0.998,2,S4,cortex_2,b0,b1,y11,y10,b0,b1,y11,y10,,301.207316,,,,301.207316,,
216,TQDENPVVHFDK,TQDENPVVHFFK,F to D,0,0.998,3,S4,cortex_2,b0,b1,y13,y12,b0,b1,y13,y12,,,,,,331.21788599999996,,
217,QFLFRTWDVTK,QFLFRPWDVTK,P to T,2,0.326,3,S4,cortex_2,b2,b3,y10,y9,b2,b3,y10,y9,505.29719599999993,618.381256,,,505.29719599999993,,1537.872821,
218,LHFFMPGFAPLDSR,LHFFMPGFAPLTSR,T to D,2,0.2,3,S4,cortex_2,b2,b3,y13,y12,b2,b3,y13,y12,480.31317599999994,,,,480.31317599999994,,,
219,PGSAETESAAK,AGSAETESAAK,A to P,0,0.333,2,S4,cortex_2,b0,b1,y12,y11,b0,b1,y12,y11,,,,,,301.207316,,
220,TQDENPVVHFWK,TQDENPVVHFFK,F to W,0,0.998,3,S4,cortex_2,b0,b1,y13,y12,b0,b1,y13,y12,,331.21788599999996,,,,331.21788599999996,,
221,TQDENPVVHWFK,TQDENPVVHFFK,F to W,0,0.999,3,S4,cortex_2,b0,b1,y13,y12,b0,b1,y13,y12,,,,,,331.21788599999996,,
222,TQDENPVVHWFK,TQDENPVVHFFK,F to W,1,0.948,3,S4,cortex_2,b1,b2,y12,y11,b1,b2,y12,y11,,,,,331.21788599999996,459.27646599999997,,1588.832081
223,TQDENPVVHFWK,TQDENPVVHFFK,F to W,0,0.999,3,S4,cortex_2,b0,b1,y13,y12,b0,b1,y13,y12,,331.21788599999996,,,,331.21788599999996,,
224,TQDENPVVHWFK,TQDENPVVHFFK,F to W,0,0.5,3,S4,cortex_2,b0,b1,y13,y12,b0,b1,y13,y12,,,,,,331.21788599999996,,
225,QHYTEGAELVDSVLDVVRK,GHYTEGAELVDSVLDVVRK,G to Q,0,0.498,4,S4,cortex_2,b0,b1,y20,y19,b0,b1,y20,y19,,358.22878599999996,,,,287.191666,,
226,SNVNDGVAQSDR,SNVNDGVAQSTR,T to D,0,0.031,2,S4,cortex_2,b0,b1,y13,y12,b0,b1,y13,y12,,,,,,317.20223599999997,,
227,AGGGAGGGGGSGPSAILRLPSYR,AGGGAGGSGGSGPSAILRLPSYR,S to G,0,0.282,3,S4,cortex_2,b0,b1,y24,y23,b0,b1,y24,y23,,301.207316,,,,301.207316,,
228,ALDVPELTQQMFDSK,ALTVPELTQQMFDSK,T to D,0,0.024,3,S4,cortex_2,b0,b1,y16,y15,b0,b1,y16,y15,,,,,,301.207316,,
229,VAPEEHPVLLDEAPLNPK,VAPEEHPVLLTEAPLNPK,T to D,1,0.046,3,S4,cortex_2,b1,b2,y18,y17,b1,b2,y18,y17,329.238616,400.275726,,,329.238616,,,
230,LTGMAFRVPTPNVSVVDLTCF,LTGMAFRVPTPNVSVVDLTCR,R to F,2,0.494,3,S4,cortex_2,b2,b3,y20,y19,b2,b3,y20,y19,,,,,444.301946,501.3234059999999,,
231,HQQVMVGMGQK,HQGVMVGMGQK,G to Q,2,0.019,3,S4,cortex_2,b2,b3,y10,y9,b2,b3,y10,y9,,623.346276,,,495.2876959999999,552.309156,1295.664871,1167.606291
232,GQDENPVVHFFK,TQDENPVVHFFK,T to G,0,0.307,3,S4,cortex_2,b0,b1,y13,y12,b0,b1,y13,y12,,287.191666,,,,331.21788599999996,,
233,AQFAGDDAPR,AGFAGDDAPR,G to Q,1,0.5,2,S4,cortex_2,b1,b2,y10,y9,b1,b2,y10,y9,301.207316,429.26589599999994,,976.4482610000001,301.207316,358.228776,,
234,LDFFMPGFAPLTSR,LHFFMPGFAPLTSR,H to D,1,0.25,3,S4,cortex_2,b1,b2,y14,y13,b1,b2,y14,y13,,,,,343.254266,480.31317599999994,,
235,QADVPAAVDDAAATTPAAEDAATK,QADVPAAVTDAAATTPAAEDAATK,T to D,4,0.063,3,S4,cortex_2,b4,b5,y21,y20,b4,b5,y21,y20,643.361246,,,,643.361246,740.4140060000001,,
236,LCFVEQDLAMGTDAEGEK,LCRVEQDLAMGTDAEGEK,R to F,2,0.198,3,S4,cortex_2,b2,b3,y17,y16,b2,b3,y17,y16,,,,,,,,
237,SGPFGQIFRPDNFVFGQSGAGNNDAK,SGPFGQIFRPDNFVFGQSGAGNNWAK,W to D,0,0.027,4,S4,cortex_2,b0,b1,y27,y26,b0,b1,y27,y26,,317.20223599999997,,,,,,
238,YLATASTTDHAR,YLATASTMDHAR,M to T,0,0.999,3,S4,cortex_2,b0,b1,y13,y12,b0,b1,y13,y12,,,,,,393.233536,,
239,DLYANTVLSGGTTMPPGIADR,DLYANTVLSGGTTMYPGIADR,Y to P,1,0.2,3,S4,cortex_2,b1,b2,y21,y20,b1,b2,y21,y20,345.197146,,,,345.197146,458.28120599999994,,
240,DLYANTVLSGGTTMPPGIADR,DLYANTVLSGGTTMYPGIADR,Y to P,1,0.463,3,S4,cortex_2,b1,b2,y21,y20,b1,b2,y21,y20,345.197146,,,,345.197146,458.28120599999994,,
241,TGTYRQLFNPEQLITGK,TGTYRQLFHPEQLITGK,H to N,2,0.325,3,S4,cortex_2,b2,b3,y16,y15,b2,b3,y16,y15,388.239346,489.287026,,,,,,
242,ADQLTEEQIAEDK,ADQLTEEQIAEFK,F to D,0,1.0,2,S4,cortex_2,b0,b1,y14,y13,b0,b1,y14,y13,,,,,,,,
243,EQASHLGGAVFSEAGNIAAATGLVK,EQASHLGGAVFSGAGNIAAATGLVK,G to E,2,0.02,3,S4,cortex_2,b2,b3,y24,y23,b2,b3,y24,y23,487.271376,,,,487.271376,,,
244,AVFVDLEPDVIDEVR,AVFVDLEPTVIDEVR,T to D,1,0.198,2,S4,cortex_2,b1,b2,y15,y14,b1,b2,y15,y14,301.207316,400.275726,,1644.8478810000001,301.207316,400.275726,,1630.868621
245,QLFHPEQLITEK,QLFHPEQLITGK,G to E,1,0.027,3,S4,cortex_2,b1,b2,y12,y11,b1,b2,y12,y11,358.22878599999996,471.312846,,,358.22878599999996,471.312846,,1511.878301
246,VVLAYETVWAIGTGK,VVLAYEPVWAIGTGK,P to T,0,0.014,3,S4,cortex_2,b0,b1,y16,y15,b0,b1,y16,y15,,,,,,,,
247,NLQLAIRNDEELNK,HLQLAIRNDEELNK,H to N,0,0.966,3,S4,cortex_2,b0,b1,y15,y14,b0,b1,y15,y14,,344.21313599999996,,,,367.229116,,
248,AEEEWNIEK,AEEEFNIEK,F to W,0,0.016,2,S4,cortex_2,b0,b1,y10,y9,b0,b1,y10,y9,,301.207316,,,,301.207316,,
249,ADQLTEEQIAEDK,ADQLTEEQIAEFK,F to D,0,0.998,2,S4,cortex_2,b0,b1,y14,y13,b0,b1,y14,y13,,,,,,,,
250,QATVGDVNDDRPGLLDLK,QATVGDVNTDRPGLLDLK,T to D,4,0.039,3,S4,cortex_2,b4,b5,y15,y14,b4,b5,y15,y14,629.381986,686.403446,1855.012211,,629.381986,686.403446,1841.032951,
251,TIGGGDDSFTTFFSETGAGK,TIGGGDDSFTTFFCETGAGK,C to S,1,0.539,3,S4,cortex_2,b1,b2,y20,y19,b1,b2,y20,y19,331.21788599999996,444.301946,,,,444.301946,,
252,EQASHLGGAVWSGAGNIAAATGLVK,EQASHLGGAVFSGAGNIAAATGLVK,F to W,0,0.026,3,S4,cortex_2,b0,b1,y26,y25,b0,b1,y26,y25,,359.21279599999997,,,,359.21279599999997,,
253,EQASHLGGAVFSGAGNIAAADGLVK,EQASHLGGAVFSGAGNIAAATGLVK,T to D,1,0.473,3,S4,cortex_2,b1,b2,y25,y24,b1,b2,y25,y24,,,,,359.21279599999997,487.271376,,
254,EQASHLGGAVWSGAGNIAAATGLVK,EQASHLGGAVFSGAGNIAAATGLVK,F to W,0,0.248,3,S4,cortex_2,b0,b1,y26,y25,b0,b1,y26,y25,,359.21279599999997,,,,359.21279599999997,,
255,NYEFMWMPHLGYILTCPSNLGTGLR,NYEFMWNPHLGYILTCPSNLGTGLR,N to M,4,0.302,3,S4,cortex_2,b4,b5,y22,y21,b4,b5,y22,y21,783.387466,930.422856,,,783.387466,,,
256,QLFNPEQLITGK,QLFHPEQLITGK,H to N,3,0.198,3,S4,cortex_2,b3,b4,y10,y9,b3,b4,y10,y9,,732.4241860000001,,,618.381256,755.440166,1398.794241,1251.725831
257,LSSADSAAK,LSSAMSAAK,M to D,1,0.5,2,S4,cortex_2,b1,b2,y9,y8,b1,b2,y9,y8,343.254266,430.28629599999994,,965.5100910000001,343.254266,430.28629599999994,,981.523641
258,EQASHLQGAVFSGAGNIAAATGLVK,EQASHLGGAVFSGAGNIAAATGLVK,G to Q,2,0.323,3,S4,cortex_2,b2,b3,y24,y23,b2,b3,y24,y23,,558.308486,,,487.271376,,,
259,EQASNLGGAVFSGAGNIAAATGLVK,EQASHLGGAVFSGAGNIAAATGLVK,H to N,0,0.019,3,S4,cortex_2,b0,b1,y26,y25,b0,b1,y26,y25,,359.21279599999997,,,,359.21279599999997,,
260,YLATASTTDHAR,YLATASTMDHAR,M to T,0,1.0,3,S4,cortex_2,b0,b1,y13,y12,b0,b1,y13,y12,,,,,,393.233536,,
261,YLADASTMDHAR,YLATASTMDHAR,T to D,1,0.492,3,S4,cortex_2,b1,b2,y12,y11,b1,b2,y12,y11,393.233536,506.3175959999999,,,393.233536,506.3175959999999,,1189.562971
262,YLATASDMDHAR,YLATASTMDHAR,T to D,0,0.012,3,S4,cortex_2,b0,b1,y13,y12,b0,b1,y13,y12,,,,,,393.233536,,
263,QLWHPEQLITGK,QLFHPEQLITGK,F to W,2,0.25,3,S4,cortex_2,b2,b3,y11,y10,b2,b3,y11,y10,471.312846,657.392156,,,471.312846,618.381256,1511.878301,1398.794241
264,KTEAPAASGPEAK,KTEAPAAAGPEAK,A to S,0,0.99,3,S4,cortex_2,b0,b1,y14,y13,b0,b1,y14,y13,,,,,,587.428096,,
265,ASTTGANNMPK,ASTEGANNMPK,E to T,0,0.995,2,S4,cortex_2,b0,b1,y12,y11,b0,b1,y12,y11,,,,,,,,
266,QMNTLVGYDLVPEPK,GMNTLVGYDLVPEPK,G to Q,0,0.092,3,S4,cortex_2,b0,b1,y16,y15,b0,b1,y16,y15,,,,,,,,
267,YLATASTMDNAR,YLATASTMDHAR,H to N,0,0.991,2,S4,cortex_2,b0,b1,y13,y12,b0,b1,y13,y12,,393.233536,,,,393.233536,,
268,YLATASTMDDAR,YLATASTMDHAR,H to D,2,0.963,2,S4,cortex_2,b2,b3,y11,y10,b2,b3,y11,y10,506.3175959999999,577.3547060000001,1167.531001,1054.4469410000002,506.3175959999999,577.3547060000001,1189.562971,1076.478911
269,WQHGLESQIQSDDYGK,WLHGLESQIQSDDYGK,L to Q,1,0.196,3,S4,cortex_2,b1,b2,y16,y15,b1,b2,y16,y15,,,,,416.24951599999997,,,
270,TITLEVEPSDTIENPK,TITLEVEPSDTIENVK,V to P,0,0.312,3,S4,cortex_2,b0,b1,y17,y16,b0,b1,y17,y16,,,,,,,,
271,GDQALSWLK,GDQALSFLK,F to W,0,1.0,2,S4,cortex_2,b0,b1,y10,y9,b0,b1,y10,y9,,,,,,,,
272,GDQALSWLK,GDQALSFLK,F to W,0,1.0,2,S4,cortex_2,b0,b1,y10,y9,b0,b1,y10,y9,,,,,,,,
273,GDQALSWLK,GDQALSFLK,F to W,0,1.0,2,S4,cortex_2,b0,b1,y10,y9,b0,b1,y10,y9,,,,,,,,
274,GDQALSWLK,GDQALSFLK,F to W,1,0.955,2,S4,cortex_2,b1,b2,y9,y8,b1,b2,y9,y8,,215.06627599999996,,,,215.06627599999996,,
275,TIGGGDDSFNTFFSEAGAGK,TIGGGDDSFNTFFSETGAGK,T to A,0,0.056,3,S4,cortex_2,b0,b1,y21,y20,b0,b1,y21,y20,,,,,,331.21788599999996,,
276,AIAELQIYPAVDPLDSTSR,AIAELGIYPAVDPLDSTSR,G to Q,5,0.167,3,S4,cortex_2,b5,b6,y15,y14,b5,b6,y15,y14,,855.5137159999999,,,498.29220599999996,555.313666,1603.8325810000001,1490.7485210000002
277,TIGGGDDSWNTFFSETGAGK,TIGGGDDSFNTFFSETGAGK,F to W,6,0.306,3,S4,cortex_2,b6,b7,y15,y14,b6,b7,y15,y14,,,,,,845.420206,,
278,TIGGGDDSFNTFFSEDGAGK,TIGGGDDSFNTFFSETGAGK,T to D,1,0.027,3,S4,cortex_2,b1,b2,y20,y19,b1,b2,y20,y19,331.21788599999996,444.301946,,,331.21788599999996,444.301946,,
279,TIGGGDDSFNTFWSETGAGK,TIGGGDDSFNTFFSETGAGK,F to W,0,1.0,3,S4,cortex_2,b0,b1,y21,y20,b0,b1,y21,y20,,331.21788599999996,,,,331.21788599999996,,
280,TIGGGDDSMNTFFSETGAGK,TIGGGDDSFNTFFSETGAGK,F to M,6,0.015,3,S4,cortex_2,b6,b7,y15,y14,b6,b7,y15,y14,,,,,,845.420206,,
281,ASQLTEEQIAEFK,ADQLTEEQIAEFK,D to S,1,0.25,2,S4,cortex_2,b1,b2,y13,y12,b1,b2,y13,y12,,,,,,,,
0,TFFPDEISSMVLTK,TFFPEEISSMVLTK,E to D,2,0.33,3,S1,hippocampus_1,b2,b3,y13,y12,b2,b3,y13,y12,478.28629599999994,,,,478.28629599999994,625.3547060000001,,
1,TFFPDEISSMVLTK,TFFPEEISSMVLTK,E to D,2,0.247,3,S1,hippocampus_1,b2,b3,y13,y12,b2,b3,y13,y12,478.28629599999994,,,,478.28629599999994,625.3547060000001,,
2,WQLEGTPSSASEGDEDMRK,WLLEGTPSSASEGDEDMRK,L to Q,1,0.041,3,S1,hippocampus_1,b1,b2,y19,y18,b1,b2,y19,y18,,544.308096,,,416.24951599999997,529.333576,,
3,QVVPLAGTNGETTTQGLDGLSER,GVVPLAGTNGETTTQGLDGLSER,G to Q,0,0.5,3,S1,hippocampus_1,b0,b1,y24,y23,b0,b1,y24,y23,,358.22878599999996,,,,287.191666,,
4,NEPTTPSWQAEIPPWVPK,NEPTTPSWLAEIPPWVPK,L to Q,6,0.125,3,S1,hippocampus_1,b6,b7,y13,y12,b6,b7,y13,y12,,,,,,,,
5,TLNFNEEGDAEEAMVDMWRPAQPLK,TLNFNEEGDAEEAMVDNWRPAQPLK,N to M,1,0.042,3,S1,hippocampus_1,b1,b2,y25,y24,b1,b2,y25,y24,331.21788599999996,444.301946,,,331.21788599999996,444.301946,,
6,ENAMVEEGHFAAEDVK,GNAMVEEGHFAAEDVK,G to E,0,0.481,3,S1,hippocampus_1,b0,b1,y17,y16,b0,b1,y17,y16,,,,,,287.191666,,
7,SNSLEEIK,CNSLEEIK,C to S,0,0.99,2,S1,hippocampus_1,b0,b1,y9,y8,b0,b1,y9,y8,,317.20223599999997,,,,390.20084999999995,,
8,AVSMLSNTTAIAEAWAR,AVCMLSNTTAIAEAWAR,C to S,2,0.165,3,S1,hippocampus_1,b2,b3,y16,y15,b2,b3,y16,y15,,,,,400.275726,560.306376,,
9,AVSMLSNTTAIAEAWAR,AVCMLSNTTAIAEAWAR,C to S,0,0.243,3,S1,hippocampus_1,b0,b1,y18,y17,b0,b1,y18,y17,,301.207316,,,,301.207316,,
10,TLANLTWIVEPGQEAK,TLANLPWIVEPGQEAK,P to T,1,0.33,3,S1,hippocampus_1,b1,b2,y16,y15,b1,b2,y16,y15,331.21788599999996,,,,,,,
11,EDPAASEAPSSAAK,ETPAASEAPSSAAK,T to D,1,0.331,2,S1,hippocampus_1,b1,b2,y14,y13,b1,b2,y14,y13,,,,,359.21279599999997,460.260476,,1416.753161
12,DNLTQWTSDQQDDDGGEGNN,DNLTLWTSDQQDDDGGEGNN,L to Q,0,0.04,3,S1,hippocampus_1,b0,b1,y21,y20,b0,b1,y21,y20,,,,,,,,
13,YPIEHQIITNWDDMEK,YPIEHGIITNWDDMEK,G to Q,5,0.01,3,S1,hippocampus_1,b5,b6,y12,y11,b5,b6,y12,y11,,,,,,,,
14,GVVPLAGTDGETTTQGLDGLSER,GVVPLAGTDGETTTQGLDGLLER,L to S,0,0.999,3,S1,hippocampus_1,b0,b1,y24,y23,b0,b1,y24,y23,,287.191666,,,,287.191666,,
15,ITNVSEEDSGEYFSLASNK,ITNVSEEDSGEYFCLASNK,C to S,1,0.984,3,S1,hippocampus_1,b1,b2,y19,y18,b1,b2,y19,y18,343.254266,444.301946,,,343.254266,444.301946,,
16,VQINYQPPTVVPGGDLAK,VGINYQPPTVVPGGDLAK,G to Q,1,0.199,3,S1,hippocampus_1,b1,b2,y18,y17,b1,b2,y18,y17,,,,,,,,
17,AGAYDFPSTEWDTVTPEAK,AGAYDFPSPEWDTVTPEAK,P to T,0,0.027,3,S1,hippocampus_1,b0,b1,y20,y19,b0,b1,y20,y19,,301.207316,,,,,,
18,EQVTNVGGPVVTGVTAVAQK,EQVTNVGGAVVTGVTAVAQK,A to P,6,0.142,3,S1,hippocampus_1,b6,b7,y15,y14,b6,b7,y15,y14,,,,,900.4988060000001,957.520266,1585.947431,1486.879021
19,PLGFCHYYLPEEQFPK,VLGFCHYYLPEEQFPK,V to P,0,0.199,3,S1,hippocampus_1,b0,b1,y17,y16,b0,b1,y17,y16,,,,,,329.238616,,
20,MGHSGAIIAGGK,MGHAGAIIAGGK,A to S,0,0.029,3,S1,hippocampus_1,b0,b1,y13,y12,b0,b1,y13,y12,,,,,,,,
21,VPTPNVSVVDLTSR,VPTPNVSVVDLTCR,C to S,0,0.988,3,S1,hippocampus_1,b0,b1,y15,y14,b0,b1,y15,y14,,329.238616,,,,329.238616,,
22,AILVDLEPGDMDSVR,AILVDLEPGTMDSVR,T to D,3,0.112,3,S1,hippocampus_1,b3,b4,y13,y12,b3,b4,y13,y12,527.375436,,,,527.375436,626.443846,1431.7147810000001,1318.630721
23,AILVDLEPGAMDSVR,AILVDLEPGTMDSVR,T to A,1,0.142,3,S1,hippocampus_1,b1,b2,y15,y14,b1,b2,y15,y14,301.207316,414.29137599999996,,1530.783171,301.207316,414.29137599999996,,1544.798841
24,TVTATDVVYALK,TVTAMDVVYALK,M to T,4,0.19,3,S1,hippocampus_1,b4,b5,y9,y8,b4,b5,y9,y8,602.371086,703.418766,,,602.371086,749.4064760000001,1254.696491,1183.6593810000002
25,ITLPVDWVTADK,ITLPVDFVTADK,F to W,0,0.999,3,S1,hippocampus_1,b0,b1,y13,y12,b0,b1,y13,y12,,343.254266,,,,343.254266,,
26,DVEGAGNIAAATGFVK,TVEGAGNIAAATGFVK,T to D,0,0.143,3,S1,hippocampus_1,b0,b1,y17,y16,b0,b1,y17,y16,,,,,,331.21788599999996,,
27,AKGLAALTLEDEEEVK,AKQLAALTLEDEEEVK,Q to G,2,0.167,3,S1,hippocampus_1,b2,b3,y15,y14,b2,b3,y15,y14,658.4652060000001,,,,,,,
28,RLETYYNATEPVISFYDKK,RLETYYNATEPVISFYDKR,R to K,5,0.167,4,S1,hippocampus_1,b5,b6,y15,y14,b5,b6,y15,y14,,1055.572306,,,,1055.572306,,
29,LDLAGRDLTDYLTK,LDLAGRDLTDYLMK,M to T,0,0.983,3,S1,hippocampus_1,b0,b1,y15,y14,b0,b1,y15,y14,,343.254266,,,,343.254266,,
30,DYEEVGVDSVEGEGEEEGEEE,DYEEVGVDSVEGEGEEEGEEY,Y to E,3,0.25,3,S1,hippocampus_1,b3,b4,y19,y18,b3,b4,y19,y18,637.3030660000001,766.345656,,,637.3030660000001,766.345656,,
31,SEDSIGPESGCEEEGSSVSGLAK,SEDSIGPEAGCEEEGSSVSGLAK,A to S,0,0.48,3,S1,hippocampus_1,b0,b1,y24,y23,b0,b1,y24,y23,,317.20223599999997,,,,,,
32,DYEEVGVDSVEGEGEEEGEEE,DYEEVGVDSVEGEGEEEGEEY,Y to E,3,0.248,3,S1,hippocampus_1,b3,b4,y19,y18,b3,b4,y19,y18,637.3030660000001,766.345656,,,637.3030660000001,766.345656,,
33,DYEEVGVDSVEGEGEEEGEEE,DYEEVGVDSVEGEGEEEGEEY,Y to E,3,0.895,3,S1,hippocampus_1,b3,b4,y19,y18,b3,b4,y19,y18,637.3030660000001,766.345656,,,637.3030660000001,766.345656,,
34,DYEEVGVDSVEGEGEEEGEEE,DYEEVGVDSVEGEGEEEGEEY,Y to E,3,0.923,3,S1,hippocampus_1,b3,b4,y19,y18,b3,b4,y19,y18,637.3030660000001,766.345656,,,637.3030660000001,766.345656,,
35,DYEEVGVDSVEGEGEEEGEEE,DYEEVGVDSVEGEGEEEGEEY,Y to E,1,0.988,3,S1,hippocampus_1,b1,b2,y21,y20,b1,b2,y21,y20,345.197146,,,,345.197146,508.260476,,
36,GVVPLAGTDGETTTQGLDGLSER,GVVPLAGTDGETTTQGLDGLLER,L to S,0,0.981,3,S1,hippocampus_1,b0,b1,y24,y23,b0,b1,y24,y23,,287.191666,,,,287.191666,,
37,AVLVDLEDGTMDSVR,AVLVDLEPGTMDSVR,P to D,0,0.185,2,S1,hippocampus_1,b0,b1,y16,y15,b0,b1,y16,y15,,301.207316,,,,301.207316,,
38,DYEEVGVDSVEGEGEEEGEEF,DYEEVGVDSVEGEGEEEGEEY,Y to F,1,0.974,3,S1,hippocampus_1,b1,b2,y21,y20,b1,b2,y21,y20,345.197146,,,,345.197146,508.260476,,
39,DYEEVGVDSVEGEGEEEGEEE,DYEEVGVDSVEGEGEEEGEEY,Y to E,4,0.244,3,S1,hippocampus_1,b4,b5,y18,y17,b4,b5,y18,y17,766.345656,865.414066,,,766.345656,865.414066,,
40,DYEEVGVDSVEGEGEEEGEEE,DYEEVGVDSVEGEGEEEGEEY,Y to E,3,0.899,3,S1,hippocampus_1,b3,b4,y19,y18,b3,b4,y19,y18,637.3030660000001,766.345656,,,637.3030660000001,766.345656,,
41,TIWTRNPDDITQEEYGEFYK,PIWTRNPDDITQEEYGEFYK,P to T,0,0.241,3,S1,hippocampus_1,b0,b1,y21,y20,b0,b1,y21,y20,,,,,,327.222966,,
42,ELEAAATWEDPGALASSSDAPVVYLK,ELEAAAPWEDPGALASSSDAPVVYLK,P to T,0,0.497,3,S1,hippocampus_1,b0,b1,y27,y26,b0,b1,y27,y26,,359.21279599999997,,,,,,
43,TVTATDVVYALK,TVTAMDVVYALK,M to T,4,0.166,3,S1,hippocampus_1,b4,b5,y9,y8,b4,b5,y9,y8,602.371086,703.418766,,,602.371086,749.4064760000001,1254.696491,1183.6593810000002
44,QAAQNIIPASTGAAK,GAAQNIIPASTGAAK,G to Q,0,0.2,3,S1,hippocampus_1,b0,b1,y16,y15,b0,b1,y16,y15,,,,,,287.191666,,
45,SLELFSELAEDK,CLELFSELAEDK,C to S,0,0.445,3,S1,hippocampus_1,b0,b1,y13,y12,b0,b1,y13,y12,,,,,,,,
46,SQLEINFNTLQTK,CQLEINFNTLQTK,C to S,0,0.2,3,S1,hippocampus_1,b0,b1,y14,y13,b0,b1,y14,y13,,317.20223599999997,,,,390.20084999999995,,
47,TTGSWLQAEAAGQSSDDIK,TPGSWLQAEAAGQSSDDIK,P to T,1,0.164,3,S1,hippocampus_1,b1,b2,y19,y18,b1,b2,y19,y18,331.21788599999996,,,,331.21788599999996,,,
48,QHYTEGAELVDSVLDVVRK,GHYTEGAELVDSVLDVVRK,G to Q,0,0.488,4,S1,hippocampus_1,b0,b1,y20,y19,b0,b1,y20,y19,,358.22878599999996,,,,,,
49,WLTLEANPEVTNQFLK,WLPLEANPEVTNQFLK,P to T,2,0.166,3,S1,hippocampus_1,b2,b3,y15,y14,b2,b3,y15,y14,529.333576,,,,529.333576,,,
50,DYEEVGVDSVEGEGEEEGEEE,DYEEVGVDSVEGEGEEEGEEY,Y to E,4,0.199,3,S1,hippocampus_1,b4,b5,y18,y17,b4,b5,y18,y17,766.345656,865.414066,,,766.345656,865.414066,,
51,LQEHNIDVLEGNEQFINAAK,LGEHNIDVLEGNEQFINAAK,G to Q,1,0.159,3,S1,hippocampus_1,b1,b2,y20,y19,,,,,,471.312846,,,,,,
52,GLWTFASTPGGGGPEAAGSEQSLVR,GLWPFASTPGGGGPEAAGSEQSLVR,P to T,3,0.055,3,S1,hippocampus_1,b3,b4,y23,y22,b3,b4,y23,y22,,,,,586.355036,,,
53,VVHAVDQIAENGIQPLSSSEVDELIHK,VVHAVDGIAENGIQPLSSSEVDELIHK,G to Q,6,0.018,4,S1,hippocampus_1,b6,b7,y22,y21,b6,b7,y22,y21,,978.556976,,,850.498396,907.519856,,
54,FREFLETQDDYETSWSLQDK,FREFLETQDDYEPSWSLQDK,P to T,1,0.942,3,S1,hippocampus_1,b1,b2,y20,y19,b1,b2,y20,y19,377.238616,,,,377.238616,,,
55,GAAANIIPASTGAAK,GAAQNIIPASTGAAK,Q to A,3,0.167,3,S1,hippocampus_1,b3,b4,y13,y12,b3,b4,y13,y12,,271.140066,,,429.26588599999997,557.324466,1470.847731,1399.810621
56,LEQGQAIDDLTPAQK,LEQGQAIDDLMPAQK,M to T,0,0.998,3,S1,hippocampus_1,b0,b1,y16,y15,b0,b1,y16,y15,,343.254266,,,,343.254266,,
57,ADQLTEEQIAEWK,ADQLTEEQIAEFK,F to W,0,1.0,3,S1,hippocampus_1,b0,b1,y14,y13,b0,b1,y14,y13,,,,,,,,
58,QHYTEGAELVDSVLDVVRK,GHYTEGAELVDSVLDVVRK,G to Q,0,0.478,4,S1,hippocampus_1,b0,b1,y20,y19,b0,b1,y20,y19,,358.22878599999996,,,,,,
59,EVYMGMVIQGGEGQAPTR,EVYMGNVIQGGEGQAPTR,N to M,5,0.013,3,S1,hippocampus_1,b5,b6,y14,y13,b5,b6,y14,y13,,940.4469760000001,,,825.401386,939.4443160000001,1383.6974910000001,
60,FDLNSTWEAFPAYRQPPESLK,FDLNSPWEAFPAYRQPPESLK,P to T,0,0.029,4,S1,hippocampus_1,b0,b1,y22,y21,b0,b1,y22,y21,,377.238616,,,,377.238616,,
61,LGEHNIDVLEGNEQWINAAK,LGEHNIDVLEGNEQFINAAK,F to W,1,0.983,3,S1,hippocampus_1,b1,b2,y20,y19,,,,,343.254266,,,,,,,
62,ADQLTEEQIAEWK,ADQLTEEQIAEFK,F to W,1,0.989,2,S1,hippocampus_1,b1,b2,y13,y12,b1,b2,y13,y12,,,,,,,,
63,ADQLTEEQIAEWK,ADQLTEEQIAEFK,F to W,0,0.995,2,S1,hippocampus_1,b0,b1,y14,y13,b0,b1,y14,y13,,,,,,,,
64,DDDIAALVVDNGSGMSK,DDDIAALVVDNGSGMCK,C to S,0,0.999,2,S1,hippocampus_1,b0,b1,y18,y17,b0,b1,y18,y17,,,,,,,,
65,DDDIAALVVDNGSGTCK,DDDIAALVVDNGSGMCK,M to T,0,0.999,2,S1,hippocampus_1,b0,b1,y18,y17,b0,b1,y18,y17,,,,,,,,
66,SVTEQQAELSNEERNLLSVAYK,SVTEQGAELSNEERNLLSVAYK,G to Q,5,0.016,3,S1,hippocampus_1,b5,b6,y18,y17,b5,b6,y18,y17,,,,,774.419496,831.440956,,
67,DDDIAALVVDNGSGMHK,DDDIAALVVDNGSGMCK,C to H,1,0.496,2,S1,hippocampus_1,b1,b2,y17,y16,b1,b2,y17,y16,,,,,,,,
68,ILAGDYEFDSTYWDDISQAAK,ILAGDYEFDSPYWDDISQAAK,P to T,0,0.021,3,S1,hippocampus_1,b0,b1,y22,y21,b0,b1,y22,y21,,343.254266,,,,343.254266,,
69,HQGVMVGDGQK,HQGVMVGMGQK,M to D,0,0.987,3,S1,hippocampus_1,b0,b1,y12,y11,b0,b1,y12,y11,,367.229116,,,,367.229116,,
70,YLPTASTMDHAR,YLATASTMDHAR,A to P,2,0.012,3,S1,hippocampus_1,b2,b3,y11,y10,b2,b3,y11,y10,277.15466599999996,374.207426,1215.578621,1102.494561,506.3175959999999,577.3547060000001,1189.562971,1076.478911
71,AGFAGDSAPR,AGFAGDDAPR,D to S,0,1.0,2,S1,hippocampus_1,b0,b1,y11,y10,b0,b1,y11,y10,,301.207316,,,,301.207316,,
72,AILVDLEPGAMDSVR,AILVDLEPGTMDSVR,T to A,1,0.01,3,S1,hippocampus_1,b1,b2,y15,y14,b1,b2,y15,y14,301.207316,414.29137599999996,,1530.783171,301.207316,414.29137599999996,,1544.798841
73,TVSGVVSK,TVCGVVSK,C to S,0,0.999,2,S1,hippocampus_1,b0,b1,y9,y8,b0,b1,y9,y8,,331.21788599999996,,,,331.21788599999996,,
74,NPDRGETGPAGPAGPIGPAGAR,NGDRGETGPAGPAGPIGPAGAR,G to P,1,0.197,3,S1,hippocampus_1,b1,b2,y22,y21,b1,b2,y22,y21,,,,,344.21313599999996,,,
75,NITFFSTNCPEGTAR,NITFFSTNCVEGTAR,V to P,1,0.037,3,S1,hippocampus_1,b1,b2,y15,y14,b1,b2,y15,y14,344.21313599999996,457.29719599999993,,,344.21313599999996,457.29719599999993,,
76,QDGPVQGTIHFEQK,GDGPVQGTIHFEQK,G to Q,0,0.493,3,S1,hippocampus_1,b0,b1,y15,y14,b0,b1,y15,y14,,,,,,287.191666,,
77,APFVDLEPTVIDEVR,AVFVDLEPTVIDEVR,V to P,1,0.263,3,S1,hippocampus_1,b1,b2,y15,y14,b1,b2,y15,y14,,398.26007599999997,,,301.207316,400.275726,,1630.868621
78,VGPEEHPVLLTEAPLNPK,VAPEEHPVLLTEAPLNPK,A to G,1,0.468,3,S1,hippocampus_1,b1,b2,y18,y17,b1,b2,y18,y17,,386.26007599999997,,,329.238616,400.275726,,
79,VGPEEHPVLLTEAPLNPK,VAPEEHPVLLTEAPLNPK,A to G,1,0.49,3,S1,hippocampus_1,b1,b2,y18,y17,b1,b2,y18,y17,,386.26007599999997,,,329.238616,400.275726,,
80,LSYVALDFEQEMATAASSSSLEK,LCYVALDFEQEMATAASSSSLEK,C to S,1,0.247,4,S1,hippocampus_1,b1,b2,y23,y22,b1,b2,y23,y22,343.254266,,,,343.254266,503.284916,,
81,NQPSPQAGLAGPGPAAYGAARPTIPAR,NQPSPQAGLAGPGPAGYGAARPTIPAR,G to A,2,0.246,3,S1,hippocampus_1,b2,b3,y26,y25,b2,b3,y26,y25,472.271716,569.324476,,,472.271716,569.324476,,
82,AILVDLEDGTMDSVR,AILVDLEPGTMDSVR,P to D,0,0.013,2,S1,hippocampus_1,b0,b1,y16,y15,b0,b1,y16,y15,,301.207316,,,,301.207316,,
83,LSYVALDFEQEMATAASSSSLEK,LCYVALDFEQEMATAASSSSLEK,C to S,1,0.107,3,S1,hippocampus_1,b1,b2,y23,y22,b1,b2,y23,y22,343.254266,,,,343.254266,503.284916,,
84,YNPNVLPVQSTGK,YNPNVLPVQCTGK,C to S,1,0.976,3,S1,hippocampus_1,b1,b2,y13,y12,b1,b2,y13,y12,,,,,,278.113536,,
85,DVLEDIPRWEQK,DVLEDIPRWEGK,G to Q,4,0.011,3,S1,hippocampus_1,b4,b5,y9,y8,b4,b5,y9,y8,686.392206,801.419146,,,686.392206,801.419146,,1229.6839610000002
86,EEMEAEIK,EEIEAEIK,I to M,0,0.999,2,S1,hippocampus_1,b0,b1,y9,y8,b0,b1,y9,y8,,359.21279599999997,,,,359.21279599999997,,
87,ADTLTPEESQQFKK,ADTLTPEECQQFKK,C to S,0,0.975,3,S1,hippocampus_1,b0,b1,y15,y14,b0,b1,y15,y14,,301.207316,,,,301.207316,,
88,EVQVYEALK,EVGVYEALK,G to Q,2,0.253,2,S1,hippocampus_1,b2,b3,y8,y7,b2,b3,y8,y7,458.28120599999994,586.339786,1178.698221,1079.629811,458.28120599999994,515.302666,1107.6611010000001,1008.5926910000001
89,MDCCTESACSKNDDDILDIPLDDPGANAAAAK,MDCCTESACSKPDDDILDIPLDDPGANAAAAK,P to N,11,0.015,4,S1,hippocampus_1,b11,b12,y22,y21,b11,b12,y22,y21,1601.626586,,,,1601.626586,,,
90,MDCCTESACSKNDDDILDIPLDDPGANAAAAK,MDCCTESACSKPDDDILDIPLDDPGANAAAAK,P to N,8,0.082,3,S1,hippocampus_1,b8,b9,y25,y24,b8,b9,y25,y24,,,,,997.306016,1157.336666,,
91,EEVITSLK,EFVITSLK,F to E,0,0.99,2,S1,hippocampus_1,b0,b1,y9,y8,b0,b1,y9,y8,,359.21279599999997,,,,359.21279599999997,,
92,ARDDLIDDLLNEAK,ARDDLITDLLNEAK,T to D,6,0.329,3,S1,hippocampus_1,b6,b7,y9,y8,b6,b7,y9,y8,913.530426,1028.557366,,,913.530426,1014.5781059999999,,1132.6411010000002
93,LDIDSAPIDAR,LDIDSAPITAR,T to D,2,0.249,2,S1,hippocampus_1,b2,b3,y10,y9,b2,b3,y10,y9,458.28120599999994,571.365266,1072.5269010000002,957.4999610000001,458.28120599999994,571.365266,1058.547641,943.5207010000001
94,NSSYFVEDIPNNVK,NSSYFVEWIPNNVK,W to D,0,1.0,3,S1,hippocampus_1,b0,b1,y15,y14,b0,b1,y15,y14,,344.21313599999996,,,,344.21313599999996,,
95,DDMIFEDSGNVPSEPK,DDMIFEDCGNVPSEPK,C to S,1,0.974,3,S1,hippocampus_1,b1,b2,y16,y15,b1,b2,y16,y15,,,,,345.197146,460.224086,,1982.903651
96,AGRPDLVDESGYVPGYK,AGRVDLVDESGYVPGYK,V to P,3,0.198,3,S1,hippocampus_1,b3,b4,y15,y14,b3,b4,y15,y14,,,,,,,1926.016971,1769.915861
97,VAPEEHPVLSTEAPLNPK,VAPEEHPVLLTEAPLNPK,L to S,0,0.02,3,S1,hippocampus_1,b0,b1,y19,y18,b0,b1,y19,y18,,329.238616,,,,329.238616,,
98,YNLPNQVTPNAR,YNLPNQVTPLAR,L to N,5,0.15,2,S1,hippocampus_1,b5,b6,y8,y7,b5,b6,y8,y7,831.456216,959.514796,899.4693510000001,,831.456216,,898.5104810000001,784.4675510000001
99,VAPEEHPVLLDEAPLNPK,VAPEEHPVLLTEAPLNPK,T to D,3,0.278,3,S1,hippocampus_1,b3,b4,y16,y15,b3,b4,y16,y15,,626.371076,,,,626.371076,,
100,VAPEEHPPLLTEAPLNPK,VAPEEHPVLLTEAPLNPK,V to P,3,0.167,3,S1,hippocampus_1,b3,b4,y16,y15,b3,b4,y16,y15,,626.371076,,,,626.371076,,
101,VAPEEHPPLLTEAPLNPK,VAPEEHPVLLTEAPLNPK,V to P,3,0.248,3,S1,hippocampus_1,b3,b4,y16,y15,b3,b4,y16,y15,,626.371076,,,,626.371076,,
102,VAPEEHPPLLTEAPLNPK,VAPEEHPVLLTEAPLNPK,V to P,3,0.149,3,S1,hippocampus_1,b3,b4,y16,y15,b3,b4,y16,y15,,626.371076,,,,626.371076,,
103,AYHEWLSVAEITNACFEPANQMVK,AYHEQLSVAEITNACFEPANQMVK,Q to W,4,0.111,4,S1,hippocampus_1,b4,b5,y21,y20,b4,b5,y21,y20,,729.299126,,,730.372146,858.430726,,
104,SIGGGDDSFNTFFSETGAGK,TIGGGDDSFNTFFSETGAGK,T to S,0,0.42,3,S1,hippocampus_1,b0,b1,y21,y20,b0,b1,y21,y20,,317.20223599999997,,,,,,
105,QLQALTSDLESLRGTNESLER,QLQALTCDLESLRGTNESLER,C to S,1,0.492,3,S1,hippocampus_1,b1,b2,y21,y20,b1,b2,y21,y20,358.22878599999996,471.312846,,,358.22878599999996,471.312846,,
106,ILDLGITEPEGHVLSRPEEVEAEAVNR,ILDLGITGPEGHVLSRPEEVEAEAVNR,G to E,1,0.48,4,S1,hippocampus_1,b1,b2,y27,y26,b1,b2,y27,y26,343.254266,456.338326,,,343.254266,456.338326,,
107,EEEIAALVIDNGSGTCK,EEEIAALVIDNGSGMCK,M to T,0,0.498,2,S1,hippocampus_1,b0,b1,y18,y17,b0,b1,y18,y17,,,,,,,,
108,DDDIAALVVDNGSGMSK,DDDIAALVVDNGSGMCK,C to S,2,0.931,3,S1,hippocampus_1,b2,b3,y16,y15,b2,b3,y16,y15,,388.098696,,,,388.098696,,
109,EPFQNAYLELGGLGER,EAFQNAYLELGGLGER,A to P,1,0.2,3,S1,hippocampus_1,b1,b2,y16,y15,b1,b2,y16,y15,,,,,,430.24990599999995,,
110,QFLSEDEK,QFLSETEK,T to D,0,0.962,2,S1,hippocampus_1,b0,b1,y9,y8,b0,b1,y9,y8,,358.22878599999996,,,,358.22878599999996,,
111,VINLSQYGPASFGQEHAR,VINLSQYGPACFGQEHAR,C to S,2,0.859,3,S1,hippocampus_1,b2,b3,y17,y16,b2,b3,y17,y16,,556.3656060000001,,,442.32267599999994,556.3656060000001,,
112,AYHEQLSVAEITNASFEPANQMVK,AYHEQLSVAEITNACFEPANQMVK,C to S,0,0.99,4,S1,hippocampus_1,b0,b1,y25,y24,b0,b1,y25,y24,,,,,,301.207316,,
113,RQRETTMQWQEDPEPEDENVYAK,RQREPTMQWQEDPEPEDENVYAK,P to T,4,0.023,4,S1,hippocampus_1,b4,b5,y20,y19,b4,b5,y20,y19,799.473596,,,,,,,
114,VITAFNDGDNHLDSLK,VITAFNDGLNHLDSLK,L to D,6,0.02,3,S1,hippocampus_1,b6,b7,y11,y10,b6,b7,y11,y10,,990.545746,,1342.680001,875.518806,990.545746,1454.780051,
115,EAFDNAYLELGGLGER,EAFQNAYLELGGLGER,Q to D,0,0.957,3,S1,hippocampus_1,b0,b1,y17,y16,b0,b1,y17,y16,,359.21279599999997,,,,,,
116,GPSADGALGVSISAPGGAIASVTNWTLR,GPSADGALGVSISAPGGAIASVPNWTLR,P to T,0,0.167,3,S1,hippocampus_1,b0,b1,y29,y28,b0,b1,y29,y28,,287.191666,,,,,,
117,DPYISNGELFQVLK,DGYISNGELFQVLK,G to P,1,0.333,2,S1,hippocampus_1,b1,b2,y14,y13,b1,b2,y14,y13,,,,,,,,
118,YLSTASTMDHAR,YLATASTMDHAR,A to S,0,0.972,3,S1,hippocampus_1,b0,b1,y13,y12,b0,b1,y13,y12,,393.233536,,,,393.233536,,
119,KVEAPAAAGPEAK,KTEAPAAAGPEAK,T to V,1,0.265,3,S1,hippocampus_1,b1,b2,y13,y12,b1,b2,y13,y12,,,,,,,,1341.721121
120,QLFHPEQLIDGK,QLFHPEQLITGK,T to D,0,0.491,3,S1,hippocampus_1,b0,b1,y13,y12,b0,b1,y13,y12,,358.22878599999996,,,,358.22878599999996,,
121,NDEAEYVSIAENK,NDEAEYVCIAENK,C to S,0,1.0,3,S1,hippocampus_1,b0,b1,y14,y13,b0,b1,y14,y13,,,,,,,,
122,GDGPVQETIHFEQK,GDGPVQGTIHFEQK,G to E,0,0.122,3,S1,hippocampus_1,b0,b1,y15,y14,b0,b1,y15,y14,,,,,,287.191666,,
123,DDDIAALVVDNGSGTCK,DDDIAALVVDNGSGMCK,M to T,2,0.494,3,S1,hippocampus_1,b2,b3,y16,y15,b2,b3,y16,y15,,388.098696,,,,388.098696,,
124,TSVAFVDWCPTGFK,TSVQFVDWCPTGFK,Q to A,1,0.166,3,S1,hippocampus_1,b1,b2,y14,y13,b1,b2,y14,y13,,,,,331.21788599999996,,,
125,TSVAFVDWCPTGFK,TSVQFVDWCPTGFK,Q to A,1,0.166,3,S1,hippocampus_1,b1,b2,y14,y13,b1,b2,y14,y13,,,,,331.21788599999996,,,
126,TSASIGSLSADAR,TSASIGSLCADAR,C to S,0,0.987,2,S1,hippocampus_1,b0,b1,y14,y13,b0,b1,y14,y13,,331.21788599999996,,,,331.21788599999996,,
127,QNAMVEEGHFAAEDVK,GNAMVEEGHFAAEDVK,G to Q,0,0.197,3,S1,hippocampus_1,b0,b1,y17,y16,b0,b1,y17,y16,,358.22878599999996,,,,287.191666,,
128,YLATASTMDNAR,YLATASTMDHAR,H to N,0,0.992,2,S1,hippocampus_1,b0,b1,y13,y12,b0,b1,y13,y12,,393.233536,,,,393.233536,,
129,ELGDDCGFGPALGEVGEAMR,ELGDDCNFGPALGEVGEAMR,N to G,4,0.198,3,S1,hippocampus_1,b4,b5,y17,y16,b4,b5,y17,y16,644.3452560000001,,,,,,,
130,TIGGGDDSWNTFFSETGAGK,TIGGGDDSFNTFFSETGAGK,F to W,5,0.125,3,S1,hippocampus_1,b5,b6,y16,y15,b5,b6,y16,y15,,730.393266,,,615.3663260000001,730.393266,1908.881271,1851.859811
131,TIGGGDDSFNTWFSETGAGK,TIGGGDDSFNTFFSETGAGK,F to W,0,0.012,3,S1,hippocampus_1,b0,b1,y21,y20,b0,b1,y21,y20,,331.21788599999996,,,,,,
132,TIGGGDDSWNTFFSETGAGK,TIGGGDDSFNTFFSETGAGK,F to W,6,0.124,3,S1,hippocampus_1,b6,b7,y15,y14,b6,b7,y15,y14,730.393266,,,,730.393266,845.420206,1851.859811,1736.832871
133,GIGGGDDSFNTFFSETGAGK,TIGGGDDSFNTFFSETGAGK,T to G,0,0.1,3,S1,hippocampus_1,b0,b1,y21,y20,b0,b1,y21,y20,,287.191666,,,,,,
134,TIGGGDDSWNTFFSETGAGK,TIGGGDDSFNTFFSETGAGK,F to W,6,0.14,3,S1,hippocampus_1,b6,b7,y15,y14,b6,b7,y15,y14,730.393266,,,,730.393266,845.420206,1851.859811,1736.832871
135,ENSLILAVSPANSDLANSDALK,ENCLILAVSPANSDLANSDALK,C to S,2,0.327,3,S1,hippocampus_1,b2,b3,y21,y20,b2,b3,y21,y20,473.2557259999999,560.2877560000001,,,473.2557259999999,633.286376,,
136,DDDIAALVVDNGSGTCK,DDDIAALVVDNGSGMCK,M to T,1,0.483,2,S1,hippocampus_1,b1,b2,y17,y16,b1,b2,y17,y16,,,,,,,,
137,DDDIAALVVDNGSGTCK,DDDIAALVVDNGSGMCK,M to T,1,0.537,2,S1,hippocampus_1,b1,b2,y17,y16,b1,b2,y17,y16,,,,,,,,
138,QPVAEAAGK,QGVAEAAGK,G to P,1,0.5,2,S1,hippocampus_1,b1,b2,y9,y8,b1,b2,y9,y8,,226.118616,,971.572281,358.22878599999996,415.250246,,931.540981
139,TVTATDVVYALK,TVTAMDVVYALK,M to T,4,0.167,3,S1,hippocampus_1,b4,b5,y9,y8,b4,b5,y9,y8,602.371086,703.418766,,,602.371086,749.4064760000001,1254.696491,1183.6593810000002
140,KTEAPASAGPEAK,KTEAPAAAGPEAK,A to S,0,0.998,3,S1,hippocampus_1,b0,b1,y14,y13,b0,b1,y14,y13,,,,,,,,
141,GLYDGPVSEVSVTPK,GLYDGPVCEVSVTPK,C to S,7,0.111,3,S1,hippocampus_1,b7,b8,y9,y8,b7,b8,y9,y8,931.508626,1018.540656,,1075.619641,702.3456960000001,862.3763460000001,1247.6866710000002,1148.618261
142,AVFVDLEPTVNDEVR,AVFVDLEPTVIDEVR,I to N,4,0.011,3,S1,hippocampus_1,b4,b5,y12,y11,b4,b5,y12,y11,646.412546,761.439486,1385.690671,1286.622261,646.412546,761.439486,1384.7318010000001,1285.663391
143,DGPNALTPPPTTTEWVK,DGPNALTPPPTTPEWVK,P to T,0,0.027,3,S1,hippocampus_1,b0,b1,y18,y17,b0,b1,y18,y17,,345.197146,,,,345.197146,,
144,ASADATLSQITNNIDPVGR,ACADATLSQITNNIDPVGR,C to S,1,0.199,3,S1,hippocampus_1,b1,b2,y19,y18,b1,b2,y19,y18,,,,,301.207316,,,
145,LLLTGWCHLTVEDGPR,LLLPGWCHLTVEDGPR,P to T,0,0.016,3,S1,hippocampus_1,b0,b1,y17,y16,b0,b1,y17,y16,,343.254266,,,,343.254266,,
146,AAVPSQASTGIYEALELR,AAVPSGASTGIYEALELR,G to Q,5,0.013,3,S1,hippocampus_1,b5,b6,y14,y13,b5,b6,y14,y13,,783.4562060000001,,,655.3976260000001,712.419086,1466.748521,1379.7164910000001
147,LSYVALDFEQEMATAASSSSLEK,LCYVALDFEQEMATAASSSSLEK,C to S,1,0.246,4,S1,hippocampus_1,b1,b2,y23,y22,b1,b2,y23,y22,343.254266,,,,343.254266,503.284916,,
148,SDPAPAASDSKPSSAEPAPSSK,SDAAPAASDSKPSSAEPAPSSK,A to P,2,0.013,3,S1,hippocampus_1,b2,b3,y21,y20,b2,b3,y21,y20,,,,,432.229176,503.266286,,
149,TKTIWTRNPDDITNEEYGEFYK,TKPIWTRNPDDITNEEYGEFYK,P to T,2,0.113,4,S1,hippocampus_1,b2,b3,y21,y20,b2,b3,y21,y20,688.475776,,,,688.475776,,,
150,TIGGGDDSFNTWFSETGAGK,TIGGGDDSFNTFFSETGAGK,F to W,0,0.023,3,S1,hippocampus_1,b0,b1,y21,y20,b0,b1,y21,y20,,331.21788599999996,,,,,,
151,TIGGGDDSFNTFFSETQAGK,TIGGGDDSFNTFFSETGAGK,G to Q,2,0.016,3,S1,hippocampus_1,b2,b3,y19,y18,b2,b3,y19,y18,444.301946,,,,444.301946,501.3234059999999,,
152,ALSAGNIDDALQSYSEAIK,ALSAGNIDDALQCYSEAIK,C to S,1,0.93,3,S1,hippocampus_1,b1,b2,y19,y18,b1,b2,y19,y18,,414.29137599999996,,,,414.29137599999996,,
153,LCYTALDFEQEMATAASSSSLEK,LCYVALDFEQEMATAASSSSLEK,V to T,3,0.011,3,S1,hippocampus_1,b3,b4,y21,y20,b3,b4,y21,y20,,,,,666.348246,765.4166560000001,,
154,TLVMLDEQGEQLDR,TLVMLDEQGEQLER,E to D,0,0.967,3,S1,hippocampus_1,b0,b1,y15,y14,b0,b1,y15,y14,,,,,,331.21788599999996,,
155,DPTNVGDEGGFAPNILENK,DATNVGDEGGFAPNILENK,A to P,1,0.245,3,S1,hippocampus_1,b1,b2,y19,y18,b1,b2,y19,y18,,,,,345.197146,416.234256,,
156,AIAELGIYPAVDPLDSDSR,AIAELGIYPAVDPLDSTSR,T to D,4,0.011,3,S1,hippocampus_1,b4,b5,y16,y15,b4,b5,y16,y15,,,1746.854431,,385.208146,498.29220599999996,1732.8751710000001,1603.8325810000001
157,AIAELGIYPAVDPLDSDSR,AIAELGIYPAVDPLDSTSR,T to D,2,0.198,3,S1,hippocampus_1,b2,b3,y18,y17,b2,b3,y18,y17,,,,,,,,1803.9122810000001
158,EFNGLGDSLTK,EFNGLGDCLTK,C to S,0,0.971,2,S1,hippocampus_1,b0,b1,y12,y11,b0,b1,y12,y11,,359.21279599999997,,,,359.21279599999997,,
159,AYHEQLSVAEITNASFEPANQMVK,AYHEQLSVAEITNACFEPANQMVK,C to S,0,0.996,4,S1,hippocampus_1,b0,b1,y25,y24,b0,b1,y25,y24,,,,,,301.207316,,
160,TIGGGDDSFTTFFSETGAGK,TIGGGDDSFNTFFSETGAGK,N to T,7,0.871,3,S1,hippocampus_1,b7,b8,y14,y13,b7,b8,y14,y13,845.420206,932.452236,,,845.420206,932.452236,1736.832871,1621.805931
161,AYHEQLSVAEITNASFEPANQMVK,AYHEQLSVAEITNACFEPANQMVK,C to S,0,0.997,3,S1,hippocampus_1,b0,b1,y25,y24,b0,b1,y25,y24,,,,,,301.207316,,
162,ILQSSSEVGYDAMLGDFVMMVEK,ILQSSSEVGYDAMLGDFVNMVEK,N to M,5,0.165,3,S1,hippocampus_1,b5,b6,y19,y18,b5,b6,y19,y18,758.460966,,,,758.460966,,,
163,GVFPSIVGRPR,AVFPSIVGRPR,A to G,0,0.974,3,S1,hippocampus_1,b0,b1,y12,y11,b0,b1,y12,y11,,287.191666,,,,301.207316,,
164,HQGPMVGMGQK,HQGVMVGMGQK,V to P,3,0.25,3,S1,hippocampus_1,b3,b4,y9,y8,b3,b4,y9,y8,,649.3619160000001,,,552.309156,651.377566,1151.6113910000001,1094.5899310000002
165,NQGVMVGMGQK,HQGVMVGMGQK,H to N,0,0.249,3,S1,hippocampus_1,b0,b1,y12,y11,b0,b1,y12,y11,,,,,,367.229116,,
166,EWIEGVSQFSVK,EFIEGVSQFSVK,F to W,1,0.199,3,S1,hippocampus_1,b1,b2,y12,y11,b1,b2,y12,y11,,,,,359.21279599999997,506.28120599999994,,1469.820121
167,EFIEGVSQWSVK,EFIEGVSQFSVK,F to W,0,0.989,3,S1,hippocampus_1,b0,b1,y13,y12,b0,b1,y13,y12,,,,,,359.21279599999997,,
168,EWIEGVSQFSVK,EFIEGVSQFSVK,F to W,1,0.2,3,S1,hippocampus_1,b1,b2,y12,y11,b1,b2,y12,y11,,,,,359.21279599999997,506.28120599999994,,1469.820121
169,VIPELNQK,VIPELNGK,G to Q,0,0.992,2,S1,hippocampus_1,b0,b1,y9,y8,b0,b1,y9,y8,,329.238616,,,,329.238616,,
170,VQINYQPPTVVPGGDLAK,VGINYQPPTVVPGGDLAK,G to Q,1,0.167,3,S1,hippocampus_1,b1,b2,y18,y17,b1,b2,y18,y17,,,,,,,,
171,ALTVPELTQQVWDAK,ALTVPELTQQVFDAK,F to W,1,0.491,3,S1,hippocampus_1,b1,b2,y15,y14,b1,b2,y15,y14,,414.29137599999996,,,301.207316,414.29137599999996,,
172,AGAYDFPSPEWDTNTPEAK,AGAYDFPSPEWDTVTPEAK,V to N,2,0.112,3,S1,hippocampus_1,b2,b3,y18,y17,b2,b3,y18,y17,,429.26588599999997,,,358.228776,429.26588599999997,,
173,AVLWCLSEDK,AVLFCLSEDK,F to W,0,0.749,2,S1,hippocampus_1,b0,b1,y11,y10,b0,b1,y11,y10,,301.207316,,,,301.207316,,
174,LSVEIPCPPPVSEAMLSTDEK,LSVEIPCPPPVSEADLSTDEK,D to M,7,0.103,3,S1,hippocampus_1,b7,b8,y15,y14,b7,b8,y15,y14,,,,,1028.5647660000002,1125.6175260000002,,1713.874391
175,VYEGSILEADSDILIPAASEK,VYEGSILEADCDILIPAASEK,C to S,1,0.978,3,S1,hippocampus_1,b1,b2,y21,y20,b1,b2,y21,y20,329.238616,492.301946,,,329.238616,492.301946,,
176,APFPSIVGRPR,AVFPSIVGRPR,V to P,1,0.5,3,S1,hippocampus_1,b1,b2,y11,y10,b1,b2,y11,y10,,398.26007599999997,,,301.207316,400.275726,,1127.668361
177,APFPSIVGRPR,AVFPSIVGRPR,V to P,1,0.5,3,S1,hippocampus_1,b1,b2,y11,y10,b1,b2,y11,y10,,398.26007599999997,,,301.207316,400.275726,,1127.668361
178,GTHYGSLPQK,TTHYGSLPQK,T to G,0,0.331,3,S1,hippocampus_1,b0,b1,y11,y10,b0,b1,y11,y10,,287.191666,,,,331.21788599999996,,
179,HRDTGILDSIER,HRDTGILDSIGR,G to E,2,0.121,3,S1,hippocampus_1,b2,b3,y11,y10,b2,b3,y11,y10,,,,1118.568771,523.330226,638.357166,1202.6487510000002,1046.547641
180,EYLPIGGLAEFSK,EYLPIGGLAEFCK,C to S,0,1.0,3,S1,hippocampus_1,b0,b1,y14,y13,b0,b1,y14,y13,,,,,,,,
181,EPDEQMLNVQNK,EVDEQMLNVQNK,V to P,1,0.2,3,S1,hippocampus_1,b1,b2,y12,y11,b1,b2,y12,y11,359.21279599999997,,,,359.21279599999997,458.28120599999994,,1562.804551
182,AMQIMNSFVNDIFER,AMGIMNSFVNDIFER,G to Q,2,0.199,3,S1,hippocampus_1,b2,b3,y14,y13,b2,b3,y14,y13,,576.3012860000001,,,,276.101236,,1557.736571
183,AVWVDLEPTVIDEVR,AVFVDLEPTVIDEVR,F to W,0,0.329,3,S1,hippocampus_1,b0,b1,y16,y15,b0,b1,y16,y15,,301.207316,,,,301.207316,,
184,AVWVDLEPTVIDEVR,AVFVDLEPTVIDEVR,F to W,0,0.038,3,S1,hippocampus_1,b0,b1,y16,y15,b0,b1,y16,y15,,301.207316,,,,301.207316,,
185,IVYEHLDDPANQEIER,IVYGHLDDPANQEIER,G to E,3,0.248,3,S1,hippocampus_1,b3,b4,y14,y13,b3,b4,y14,y13,,734.428596,,,,662.407466,,
186,LEQQQAIDDLMPAQK,LEQGQAIDDLMPAQK,G to Q,3,0.473,3,S1,hippocampus_1,b3,b4,y13,y12,b3,b4,y13,y12,600.355436,,1730.8944210000002,1602.8358410000003,600.355436,657.376896,,
187,TITLEVEPSDTPENVK,TITLEVEPSDTIENVK,I to P,2,0.331,3,S1,hippocampus_1,b2,b3,y15,y14,b2,b3,y15,y14,,545.3496260000001,,,444.301946,545.3496260000001,1916.042521,1802.958461
188,TITLEVEPSDDIENVK,TITLEVEPSDTIENVK,T to D,2,0.058,3,S1,hippocampus_1,b2,b3,y15,y14,b2,b3,y15,y14,444.301946,545.3496260000001,,,444.301946,545.3496260000001,1916.042521,1802.958461
189,FWEVISDEHGIDPTDTYHGDSDLQLER,FWEVISDEHGIDPTGTYHGDSDLQLER,G to D,2,0.2,4,S1,hippocampus_1,b2,b3,y26,y25,b2,b3,y26,y25,,692.360516,,,563.317926,692.360516,,
190,FWEVISDEHGIDPTESYHGDSDLQLER,FWEVISDEHGIDPTGSYHGDSDLQLER,G to E,2,0.044,4,S1,hippocampus_1,b2,b3,y26,y25,b2,b3,y26,y25,,692.360516,,,563.317926,692.360516,,
191,AVLVDLEDGTMDSVR,AVLVDLEPGTMDSVR,P to D,0,0.243,2,S1,hippocampus_1,b0,b1,y16,y15,b0,b1,y16,y15,,301.207316,,,,301.207316,,
192,AVFVDLEPDVIDEVR,AVFVDLEPTVIDEVR,T to D,1,0.09,2,S1,hippocampus_1,b1,b2,y15,y14,b1,b2,y15,y14,301.207316,400.275726,,1644.8478810000001,301.207316,400.275726,,1630.868621
193,AVFVDLEPTVIDEPR,AVFVDLEPTVIDEVR,V to P,0,0.234,2,S1,hippocampus_1,b0,b1,y16,y15,b0,b1,y16,y15,,301.207316,,,,301.207316,,
194,GEEGYPQEGILEDMPVDPGSEAYEFPSEEGYQDYEPEA,GEEGYPQEGILEDMPVDPGSEAYEMPSEEGYQDYEPEA,M to F,8,0.109,4,S1,hippocampus_1,b8,b9,y31,y30,b8,b9,y31,y30,1119.515566,,,,,1176.537026,,
195,APFVDLEPTVIDEVR,AVFVDLEPTVIDEVR,V to P,0,0.992,2,S1,hippocampus_1,b0,b1,y16,y15,b0,b1,y16,y15,,,,,,301.207316,,
196,HQQVMVGMGQK,HQGVMVGMGQK,G to Q,2,0.25,3,S1,hippocampus_1,b2,b3,y10,y9,b2,b3,y10,y9,,623.346276,,,495.2876959999999,552.309156,1279.669971,1151.6113910000001
197,AAQLCGSGMAAVVEK,AAQLCGAGMAAVVEK,A to S,1,0.481,3,S1,hippocampus_1,b1,b2,y15,y14,b1,b2,y15,y14,,372.244426,,,,372.244426,,
198,IIAEGANGPDTPEADK,IIAEGANGPTTPEADK,T to D,2,0.328,3,S1,hippocampus_1,b2,b3,y15,y14,b2,b3,y15,y14,456.338326,527.375436,,,456.338326,,,
199,RPSFSALTVDETYVPK,RPCFSALTVDETYVPK,C to S,2,0.248,3,S1,hippocampus_1,b2,b3,y15,y14,b2,b3,y15,y14,,,,,,,,
200,DATNVGDEGGWAPNILENK,DATNVGDEGGFAPNILENK,F to W,2,0.492,3,S1,hippocampus_1,b2,b3,y18,y17,b2,b3,y18,y17,,,,,416.234256,517.281936,,
201,DATNVGDEGGWAPNILENK,DATNVGDEGGFAPNILENK,F to W,4,0.05,3,S1,hippocampus_1,b4,b5,y16,y15,b4,b5,y16,y15,631.324866,730.393276,,,631.324866,730.393276,,
202,VLIAAHENSLR,VLIAAHGNSLR,G to E,0,0.017,3,S1,hippocampus_1,b0,b1,y12,y11,b0,b1,y12,y11,,329.238616,,,,,,
203,EGPLYVGSK,EGVLYVGSK,V to P,2,0.018,2,S1,hippocampus_1,b2,b3,y8,y7,b2,b3,y8,y7,416.23425599999996,513.287016,1049.619241,992.597781,416.23425599999996,515.302666,1051.6348910000002,994.613431
204,LHFFDPGFAPLTSR,LHFFMPGFAPLTSR,M to D,0,1.0,3,S1,hippocampus_1,b0,b1,y15,y14,b0,b1,y15,y14,,,,,,343.254266,,
205,LAEQAERYDDMSAAMK,LAEQAERYDDMAAAMK,A to S,0,0.046,3,S1,hippocampus_1,b0,b1,y17,y16,b0,b1,y17,y16,,343.254266,,,,343.254266,,
206,TSGPPVSELIDK,TSGPPVSELITK,T to D,7,0.099,2,S1,hippocampus_1,b7,b8,y6,y5,b7,b8,y6,y5,,984.519926,,,,984.519926,919.566151,
207,ASGPPVSELIDK,ASGPPVSELITK,T to D,6,0.161,2,S1,hippocampus_1,b6,b7,y7,y6,b6,b7,y7,y6,,,1032.613821,,738.434736,,1018.6345610000001,919.566151
208,LPVEALSSLDGDLSGR,LAVEALSSLDGDLSGR,A to P,1,0.331,2,S1,hippocampus_1,b1,b2,y16,y15,b1,b2,y16,y15,,,,,,,,1489.749241
209,FWEVISDEHGIDPTESYHGDSDLQLER,FWEVISDEHGIDPTGSYHGDSDLQLER,G to E,2,0.329,4,S1,hippocampus_1,b2,b3,y26,y25,b2,b3,y26,y25,,692.360516,,,563.317926,692.360516,,
210,ASVIHGTDLK,ACVIHGTDLK,C to S,1,0.332,3,S1,hippocampus_1,b1,b2,y10,y9,b1,b2,y10,y9,,,,,301.207316,461.237966,,1271.6979010000002
211,LHWFMPGFAPLTSR,LHFFMPGFAPLTSR,F to W,2,0.022,3,S1,hippocampus_1,b2,b3,y13,y12,b2,b3,y13,y12,,,,,480.31317599999994,627.381586,1523.746341,1386.687431
212,LGYILTSPSNLGTGLR,LGYILTCPSNLGTGLR,C to S,0,0.999,3,S1,hippocampus_1,b0,b1,y17,y16,b0,b1,y17,y16,,,,,,,,
213,QESVMVVPTLSEEEAK,GESVMVVPTLSEEEAK,G to Q,0,0.198,3,S1,hippocampus_1,b0,b1,y17,y16,b0,b1,y17,y16,,,,,,,,
214,IINEPDAAAIAYGLDK,IINEPTAAAIAYGLDK,T to D,5,0.163,3,S1,hippocampus_1,b5,b6,y12,y11,b5,b6,y12,y11,,911.503546,,,,,,
215,ETESTYFSTPLLLGK,ETECTYFSTPLLLGK,C to S,3,0.183,3,S1,hippocampus_1,b3,b4,y13,y12,b3,b4,y13,y12,,,,,589.3030660000001,749.3337160000001,,
216,ALYDWEPENEGELGFK,ALYDFEPENEGELGFK,F to W,0,0.018,3,S1,hippocampus_1,b0,b1,y17,y16,b0,b1,y17,y16,,301.207316,,,,301.207316,,
217,QSIGTMTIEIDFLQK,QCIGTMTIEIDFLQK,C to S,1,0.241,3,S1,hippocampus_1,b1,b2,y15,y14,b1,b2,y15,y14,358.22878599999996,,,,358.22878599999996,,,
218,QHYTEGAELVDSVLDVVRK,GHYTEGAELVDSVLDVVRK,G to Q,0,0.369,4,S1,hippocampus_1,b0,b1,y20,y19,b0,b1,y20,y19,,358.22878599999996,,,,,,
219,LNFFMPGFAPLTSR,LHFFMPGFAPLTSR,H to N,1,0.454,3,S1,hippocampus_1,b1,b2,y14,y13,b1,b2,y14,y13,,457.29719599999993,,,343.254266,480.31317599999994,,1523.746341
220,DNLTQWTSDTQGDEAEAGEGGEN,DNLTLWTSDTQGDEAEAGEGGEN,L to Q,0,0.026,3,S1,hippocampus_1,b0,b1,y24,y23,b0,b1,y24,y23,,345.197146,,,,,,
221,TTGIVMDSEDGVTHTVPIYEGYALPHAILR,TTGIVMDSGDGVTHTVPIYEGYALPHAILR,G to E,3,0.19,4,S1,hippocampus_1,b3,b4,y28,y27,b3,b4,y28,y27,489.287026,602.371086,,,,602.371086,,
222,LEDVYVNDAFGTAHR,LGDVYVNDAFGTAHR,G to E,1,0.051,3,S1,hippocampus_1,b1,b2,y15,y14,b1,b2,y15,y14,,243.13392599999997,,,,,,
223,LAMQTFMILPVGASSFR,LAMQEFMILPVGASSFR,E to T,4,0.167,3,S1,hippocampus_1,b4,b5,y14,y13,b4,b5,y14,y13,,790.433026,,,689.385346,818.427936,,
224,QQVTEAAEK,QGVTEAAEK,G to Q,1,0.013,2,S1,hippocampus_1,b1,b2,y9,y8,b1,b2,y9,y8,358.22878599999996,486.28736599999996,,1104.609801,358.22878599999996,415.250246,,1033.5726809999999
225,DLYANTVLSGGTTMYDGIADR,DLYANTVLSGGTTMYPGIADR,P to D,2,0.011,3,S1,hippocampus_1,b2,b3,y20,y19,b2,b3,y20,y19,458.28120599999994,621.3445360000001,,,458.28120599999994,621.3445360000001,,
226,TTGIVMDSEDGVTHTVPIYEGYALPHAILR,TTGIVMDSGDGVTHTVPIYEGYALPHAILR,G to E,1,0.317,4,S1,hippocampus_1,b1,b2,y30,y29,b1,b2,y30,y29,,,,,,432.265566,,
227,HQGPMVGMGQK,HQGVMVGMGQK,V to P,3,0.25,3,S1,hippocampus_1,b3,b4,y9,y8,b3,b4,y9,y8,,649.3619160000001,,,552.309156,651.377566,1151.6113910000001,1094.5899310000002
228,WVTPLIGEMYGLR,WVPPLIGEMYGLR,P to T,2,0.887,3,S1,hippocampus_1,b2,b3,y12,y11,b2,b3,y12,y11,,,,,515.317926,,,
229,AGGGAGGGGGSGPSAILR,AGGGAGGSGGSGPSAILR,S to G,0,0.997,2,S1,hippocampus_1,b0,b1,y19,y18,b0,b1,y19,y18,,301.207316,,,,301.207316,,
230,IPIFSAAGLPHNEIAAQISR,IPIFSAAGLPHNEIAAQICR,C to S,3,0.474,3,S1,hippocampus_1,b3,b4,y18,y17,b3,b4,y18,y17,553.391086,700.4594960000001,,1781.929271,553.391086,700.4594960000001,,
231,SGPFGQIFRPDNFVFGQSGAGNNDAK,SGPFGQIFRPDNFVFGQSGAGNNWAK,W to D,1,0.481,4,S1,hippocampus_1,b1,b2,y26,y25,b1,b2,y26,y25,317.20223599999997,374.22369599999996,,,,374.22369599999996,,
232,PNPIQGFSAK,ANPIQGFSAK,A to P,0,0.5,2,S1,hippocampus_1,b0,b1,y11,y10,b0,b1,y11,y10,,,,,,301.207316,,
233,KAEGAGTEEEGDPK,KAEGAGTEEEGTPK,T to D,0,0.048,3,S1,hippocampus_1,b0,b1,y15,y14,b0,b1,y15,y14,,587.428096,,,,,,
234,YNPNVLPVQSTGKR,YNPNVLPVQCTGKR,C to S,3,0.142,3,S1,hippocampus_1,b3,b4,y12,y11,b3,b4,y12,y11,,718.372156,1524.905921,1427.853161,604.3292260000001,718.372156,1597.904541,1500.851781
235,ALTVPELTQQTFDSK,ALTVPELTQQMFDSK,M to T,0,0.968,3,S1,hippocampus_1,b0,b1,y16,y15,b0,b1,y16,y15,,301.207316,,,,301.207316,,
236,SNVNDGVAQSDR,SNVNDGVAQSTR,T to D,2,0.029,2,S1,hippocampus_1,b2,b3,y11,y10,b2,b3,y11,y10,431.245166,,1174.544691,1060.501761,431.245166,530.313576,1160.565431,1046.5225010000001
237,FWENISDEHGIDPTGTYHGDSDLQLER,FWEVISDEHGIDPTGTYHGDSDLQLER,V to N,3,0.027,4,S1,hippocampus_1,b3,b4,y25,y24,b3,b4,y25,y24,,,,,692.360516,791.428926,,
238,TTQIVMDSGDGVTHTVPIYEGYALPHAILR,TTGIVMDSGDGVTHTVPIYEGYALPHAILR,G to Q,2,0.193,4,S1,hippocampus_1,b2,b3,y29,y28,b2,b3,y29,y28,,560.324146,,,432.265566,,,
239,FTASAQIQVVGDDLTVTNPK,FTASAGIQVVGDDLTVTNPK,G to Q,5,0.142,3,S1,hippocampus_1,b5,b6,y16,y15,b5,b6,y16,y15,,835.451126,,,707.392546,764.414006,,
240,WWEVISDEHGIDPTGTYHGDSDLQLER,FWEVISDEHGIDPTGTYHGDSDLQLER,F to W,0,0.917,4,S1,hippocampus_1,b0,b1,y28,y27,b0,b1,y28,y27,,416.24951599999997,,,,377.238616,,
241,FLSQPFQVAEVFTGHMQK,FLSQPFQVAEVFTGHMGK,G to Q,1,0.499,3,S1,hippocampus_1,b1,b2,y18,y17,b1,b2,y18,y17,377.238616,490.32267599999994,,,377.238616,490.32267599999994,,
242,WVTPLIGEMYGLR,WVPPLIGEMYGLR,P to T,2,0.249,3,S1,hippocampus_1,b2,b3,y12,y11,b2,b3,y12,y11,,,,,515.317926,,,
243,SGFAGDDAPR,AGFAGDDAPR,A to S,0,0.991,2,S1,hippocampus_1,b0,b1,y11,y10,b0,b1,y11,y10,,317.20223599999997,,,,301.207316,,
244,SGFAGDDAPR,AGFAGDDAPR,A to S,0,0.987,2,S1,hippocampus_1,b0,b1,y11,y10,b0,b1,y11,y10,,317.20223599999997,,,,301.207316,,
245,AGWAGDDAPR,AGFAGDDAPR,F to W,0,0.999,2,S1,hippocampus_1,b0,b1,y11,y10,b0,b1,y11,y10,,301.207316,,,,301.207316,,
246,TQDENPVVHDFK,TQDENPVVHFFK,F to D,0,0.996,3,S1,hippocampus_1,b0,b1,y13,y12,b0,b1,y13,y12,,331.21788599999996,,,,331.21788599999996,,
247,TQDENPVVHFDK,TQDENPVVHFFK,F to D,0,1.0,3,S1,hippocampus_1,b0,b1,y13,y12,b0,b1,y13,y12,,,,,,331.21788599999996,,
248,TLVMLDEQGEQLDR,TLVMLDEQGEQLER,E to D,0,0.5,3,S1,hippocampus_1,b0,b1,y15,y14,b0,b1,y15,y14,,,,,,331.21788599999996,,
249,TQDENPVPHFFK,TQDENPVVHFFK,V to P,0,0.031,3,S1,hippocampus_1,b0,b1,y13,y12,b0,b1,y13,y12,,331.21788599999996,,,,331.21788599999996,,
250,TQDENPVPHFFK,TQDENPVVHFFK,V to P,0,0.037,3,S1,hippocampus_1,b0,b1,y13,y12,b0,b1,y13,y12,,331.21788599999996,,,,331.21788599999996,,
251,TQDENPVVHFMK,TQDENPVVHFFK,F to M,0,0.102,3,S1,hippocampus_1,b0,b1,y13,y12,b0,b1,y13,y12,,331.21788599999996,,,,331.21788599999996,,
252,TQDENPPVHFFK,TQDENPVVHFFK,V to P,1,0.488,3,S1,hippocampus_1,b1,b2,y12,y11,b1,b2,y12,y11,331.21788599999996,,,,331.21788599999996,459.27646599999997,,1588.832081
253,TQDENPVVNFFK,TQDENPVVHFFK,H to N,0,0.999,3,S1,hippocampus_1,b0,b1,y13,y12,b0,b1,y13,y12,,331.21788599999996,,,,331.21788599999996,,
254,TQDENPVVHWFK,TQDENPVVHFFK,F to W,1,0.332,3,S1,hippocampus_1,b1,b2,y12,y11,b1,b2,y12,y11,331.21788599999996,,,,331.21788599999996,459.27646599999997,,1588.832081
255,TQDENPVVHWFK,TQDENPVVHFFK,F to W,2,0.015,3,S1,hippocampus_1,b2,b3,y11,y10,b2,b3,y11,y10,,574.303406,,,459.27646599999997,574.303406,1588.832081,1460.7735010000001
256,TQDENPVVHWFK,TQDENPVVHFFK,F to W,0,1.0,3,S1,hippocampus_1,b0,b1,y13,y12,b0,b1,y13,y12,,331.21788599999996,,,,331.21788599999996,,
257,TQDENPVVHWFK,TQDENPVVHFFK,F to W,0,0.971,3,S1,hippocampus_1,b0,b1,y13,y12,b0,b1,y13,y12,,331.21788599999996,,,,331.21788599999996,,
258,TQDENPVVHWFK,TQDENPVVHFFK,F to W,0,0.5,3,S1,hippocampus_1,b0,b1,y13,y12,b0,b1,y13,y12,,331.21788599999996,,,,331.21788599999996,,
259,TQDENPVVHFWK,TQDENPVVHFFK,F to W,0,0.991,3,S1,hippocampus_1,b0,b1,y13,y12,b0,b1,y13,y12,,331.21788599999996,,,,331.21788599999996,,
260,SADCSVEEETWKR,SADCSVEEEPWKR,P to T,0,0.33,3,S1,hippocampus_1,b0,b1,y14,y13,b0,b1,y14,y13,,317.20223599999997,,,,317.20223599999997,,
261,APFVDLEPTVIDEVR,AVFVDLEPTVIDEVR,V to P,1,0.326,3,S1,hippocampus_1,b1,b2,y15,y14,b1,b2,y15,y14,,398.26007599999997,,,301.207316,400.275726,,1630.868621
262,QHYTEGAELVDSVLDVVRK,GHYTEGAELVDSVLDVVRK,G to Q,0,0.478,4,S1,hippocampus_1,b0,b1,y20,y19,b0,b1,y20,y19,,358.22878599999996,,,,,,
263,AGTEVEWTEDLALDLGPQSR,AGPEVEWTEDLALDLGPQSR,P to T,2,0.077,3,S1,hippocampus_1,b2,b3,y19,y18,b2,b3,y19,y18,358.228776,459.276456,,,,,,
264,FLSQPWQVAEVFTGHMGK,FLSQPFQVAEVFTGHMGK,F to W,3,0.248,3,S1,hippocampus_1,b3,b4,y16,y15,b3,b4,y16,y15,,705.4132860000001,,,577.3547060000001,705.4132860000001,,
265,TTQIVMDSGDGVTHTVPIYEGYALPHAILR,TTGIVMDSGDGVTHTVPIYEGYALPHAILR,G to Q,2,0.02,4,S1,hippocampus_1,b2,b3,y29,y28,b2,b3,y29,y28,,560.324146,,,432.265566,,,
266,QHYTEGAELVDSVLDVVRK,GHYTEGAELVDSVLDVVRK,G to Q,0,0.333,3,S1,hippocampus_1,b0,b1,y20,y19,b0,b1,y20,y19,,358.22878599999996,,,,,,
267,FLSQPFQVAEVFTGHMQK,FLSQPFQVAEVFTGHMGK,G to Q,1,0.984,3,S1,hippocampus_1,b1,b2,y18,y17,b1,b2,y18,y17,377.238616,490.32267599999994,,,377.238616,490.32267599999994,,
268,GTDWILGEMK,GPDWILGEMK,P to T,1,0.236,3,S1,hippocampus_1,b1,b2,y10,y9,b1,b2,y10,y9,,,,,,,,
269,AQFAGDDAPR,AGFAGDDAPR,G to Q,1,0.5,2,S1,hippocampus_1,b1,b2,y10,y9,b1,b2,y10,y9,301.207316,429.26589599999994,,976.4482610000001,301.207316,358.228776,,905.411141
270,ALVGDEAELPSR,ALVGDEAELPCR,C to S,1,0.333,2,S1,hippocampus_1,b1,b2,y12,y11,b1,b2,y12,y11,301.207316,414.29137599999996,,1185.610961,301.207316,414.29137599999996,,1258.609581
271,DLYANTVLSGGTTMPPGIADR,DLYANTVLSGGTTMYPGIADR,Y to P,1,0.47,3,S1,hippocampus_1,b1,b2,y21,y20,b1,b2,y21,y20,345.197146,,,,345.197146,458.28120599999994,,
272,LCFVEQDLAMGTDAEGEK,LCRVEQDLAMGTDAEGEK,R to F,2,0.327,3,S1,hippocampus_1,b2,b3,y17,y16,b2,b3,y17,y16,,,,,,,,
273,EQASHLGGAVFSEAGNIAAATGLVK,EQASHLGGAVFSGAGNIAAATGLVK,G to E,1,0.04,3,S1,hippocampus_1,b1,b2,y25,y24,b1,b2,y25,y24,359.21279599999997,487.271376,,,359.21279599999997,487.271376,,
274,SGPFGQIFRPDNFVFGQSGAGNNDAK,SGPFGQIFRPDNFVFGQSGAGNNWAK,W to D,2,0.475,4,S1,hippocampus_1,b2,b3,y25,y24,b2,b3,y25,y24,374.22369599999996,,,,374.22369599999996,,,
275,SGPFGQIFRPDNFVFGQSGAGNNDAK,SGPFGQIFRPDNFVFGQSGAGNNWAK,W to D,1,0.487,4,S1,hippocampus_1,b1,b2,y26,y25,b1,b2,y26,y25,317.20223599999997,374.22369599999996,,,,374.22369599999996,,
276,NYEFMWMPHLGYILTCPSNLGTGLR,NYEFMWNPHLGYILTCPSNLGTGLR,N to M,3,0.198,3,S1,hippocampus_1,b3,b4,y23,y22,b3,b4,y23,y22,407.156126,554.2245360000001,,,636.319056,783.387466,,
277,IFNIQLEDEGLYESEAENIR,IFNIQLEDEGLYECEAENIR,C to S,1,0.489,3,S1,hippocampus_1,b1,b2,y20,y19,b1,b2,y20,y19,343.254266,,,,343.254266,490.32267599999994,,
278,AVFVDLEPDVIDEIRNGPYR,AVFVDLEPTVIDEIRNGPYR,T to D,1,0.2,3,S1,hippocampus_1,b1,b2,y20,y19,b1,b2,y20,y19,301.207316,400.275726,,,301.207316,400.275726,,
279,YLATASTTDHAR,YLATASTMDHAR,M to T,0,1.0,3,S1,hippocampus_1,b0,b1,y13,y12,b0,b1,y13,y12,,,,,,393.233536,,
280,HVLSETLGIPEHTYR,HVLSGTLGIPEHTYR,G to E,1,0.011,4,S1,hippocampus_1,b1,b2,y15,y14,b1,b2,y15,y14,367.229116,466.297526,,,367.229116,,,1542.8274410000001
281,YLSTASTMDHAR,YLATASTMDHAR,A to S,0,0.995,3,S1,hippocampus_1,b0,b1,y13,y12,b0,b1,y13,y12,,393.233536,,,,393.233536,,
282,AAVEEGIVLGGGSALLR,AAVEEGIVLGGGCALLR,C to S,2,0.333,3,S1,hippocampus_1,b2,b3,y16,y15,b2,b3,y16,y15,372.244426,,,,372.244426,,,
283,QLAALTNEDEEEVK,QLAALTLEDEEEVK,L to N,1,0.328,3,S1,hippocampus_1,b1,b2,y14,y13,b1,b2,y14,y13,358.22878599999996,471.312846,,,358.22878599999996,471.312846,,
284,TIQFVDWSPTGFK,TIQFVDWCPTGFK,C to S,0,1.0,3,S1,hippocampus_1,b0,b1,y14,y13,b0,b1,y14,y13,,,,,,,,
285,IVYQHLDDPANQEIER,IVYGHLDDPANQEIER,G to Q,3,0.019,3,S1,hippocampus_1,b3,b4,y14,y13,b3,b4,y14,y13,,733.4445860000001,,,,662.407466,,
286,GPLPAAPPTAPERQTSWER,GPLPAAPPTAPERQPSWER,P to T,0,0.033,3,S1,hippocampus_1,b0,b1,y20,y19,b0,b1,y20,y19,,287.191666,,,,287.191666,,
287,DLYANTVLSGGTTMPPGIADR,DLYANTVLSGGTTMYPGIADR,Y to P,1,0.2,3,S1,hippocampus_1,b1,b2,y21,y20,b1,b2,y21,y20,345.197146,,,,345.197146,458.28120599999994,,
288,DLYANTVLSGGTTTYPGIADR,DLYANTVLSGGTTMYPGIADR,M to T,1,0.974,3,S1,hippocampus_1,b1,b2,y21,y20,b1,b2,y21,y20,345.197146,458.28120599999994,,,345.197146,458.28120599999994,,
289,DLYANTVLSGGTDMYPGIADR,DLYANTVLSGGTTMYPGIADR,T to D,0,0.019,3,S1,hippocampus_1,b0,b1,y22,y21,b0,b1,y22,y21,,345.197146,,,,345.197146,,
290,GTGIVMDSGDGVTHTVPIYEGYALPHAILR,TTGIVMDSGDGVTHTVPIYEGYALPHAILR,T to G,0,0.237,4,S1,hippocampus_1,b0,b1,y31,y30,b0,b1,y31,y30,,,,,,,,
291,FQMPDQGMTSADDFFQGAK,FQMPDQGMTSADDFFQGTK,T to A,1,0.331,3,S1,hippocampus_1,b1,b2,y19,y18,b1,b2,y19,y18,377.238616,505.29719599999993,,,377.238616,505.29719599999993,,
292,APFAGDDAPR,AGFAGDDAPR,G to P,1,0.499,2,S1,hippocampus_1,b1,b2,y10,y9,b1,b2,y10,y9,,169.097146,,945.4424410000001,301.207316,358.228776,,905.411141
293,LGDPYVNDAFGTAHR,LGDVYVNDAFGTAHR,V to P,3,0.249,3,S1,hippocampus_1,b3,b4,y13,y12,b3,b4,y13,y12,,612.3554260000001,,,515.302666,614.371076,1464.6865910000001,
294,GYLGPEQLPDSLK,GYLGPEQLPDCLK,C to S,2,0.333,3,S1,hippocampus_1,b2,b3,y12,y11,b2,b3,y12,y11,,563.339056,,,450.25499599999995,563.339056,1661.8769810000001,1498.8136510000002
295,TLVMLDEQGEQLDR,TLVMLDEQGEQLER,E to D,0,0.5,3,S1,hippocampus_1,b0,b1,y15,y14,b0,b1,y15,y14,,,,,,331.21788599999996,,
296,QVGIISEGNETVEDIAAR,GVGIISEGNETVEDIAAR,G to Q,0,0.492,3,S1,hippocampus_1,b0,b1,y19,y18,b0,b1,y19,y18,,358.22878599999996,,,,287.191666,,
297,VVLAYEPNWAIGTGK,VVLAYEPVWAIGTGK,V to N,0,0.018,3,S1,hippocampus_1,b0,b1,y16,y15,b0,b1,y16,y15,,,,,,329.238616,,
298,SITIANQTMCPLYVTK,SITIANQTNCPLYVTK,N to M,0,0.251,3,S1,hippocampus_1,b0,b1,y17,y16,b0,b1,y17,y16,,,,,,,,
299,QATVGDVNDDRPGLLDLK,QATVGDVNTDRPGLLDLK,T to D,5,0.018,3,S1,hippocampus_1,b5,b6,y14,y13,b5,b6,y14,y13,686.403446,801.430386,,1698.922341,686.403446,801.430386,1741.964541,1684.9430810000001
300,QATVGDVNDDRPGLLDLK,QATVGDVNTDRPGLLDLK,T to D,4,0.166,3,S1,hippocampus_1,b4,b5,y15,y14,b4,b5,y15,y14,629.381986,686.403446,1855.012211,,629.381986,686.403446,,1741.964541
301,YQDLLPADGILIQGNDLK,YGDLLPADGILIQGNDLK,G to Q,0,0.124,3,S1,hippocampus_1,b0,b1,y19,y18,b0,b1,y19,y18,,,,,,,,
0,DRDTGILDSIGR,HRDTGILDSIGR,H to D,0,0.496,3,S2,hippocampus_2,b0,b1,y13,y12,b0,b1,y13,y12,,345.197146,,,,367.229116,,
1,DRDTGILDSIGR,HRDTGILDSIGR,H to D,0,0.498,3,S2,hippocampus_2,b0,b1,y13,y12,b0,b1,y13,y12,,345.197146,,,,367.229116,,
2,EITALAPSDMK,EITALAPSTMK,T to D,0,0.012,3,S2,hippocampus_2,b0,b1,y12,y11,b0,b1,y12,y11,,,,,,359.21279599999997,,
3,ALTVPELTQQMFDGK,ALTVPELTQQMFDSK,S to G,0,0.01,3,S2,hippocampus_2,b0,b1,y16,y15,b0,b1,y16,y15,,,,,,301.207316,,
4,SLEDNLGIDK,CLEDNLGIDK,C to S,0,0.988,2,S2,hippocampus_2,b0,b1,y11,y10,b0,b1,y11,y10,,317.20223599999997,,,,390.20084999999995,,
5,VGINYQPPDVVPGGDLAK,VGINYQPPTVVPGGDLAK,T to D,1,0.327,3,S2,hippocampus_2,b1,b2,y18,y17,b1,b2,y18,y17,,,,,,,,
6,AGAYDFPSPCWDTVTPEAK,AGAYDFPSPEWDTVTPEAK,E to C,4,0.099,3,S2,hippocampus_2,b4,b5,y16,y15,b4,b5,y16,y15,592.3292160000001,707.356156,,,592.3292160000001,707.356156,,
7,VGDAIPSVEVFEGEPQK,VGDAIPSVEVFEGEPGK,G to Q,1,0.497,3,S2,hippocampus_2,b1,b2,y17,y16,b1,b2,y17,y16,329.238616,,,,329.238616,,,
8,VQEGFEETLGEAVISTK,VGEGFEETLGEAVISTK,G to Q,1,0.142,3,S2,hippocampus_2,b1,b2,y17,y16,b1,b2,y17,y16,,,,,329.238616,,,
9,QTIGNSSGTIGLIHAVANNQDK,QTIGNSCGTIGLIHAVANNQDK,C to S,0,0.247,3,S2,hippocampus_2,b0,b1,y23,y22,b0,b1,y23,y22,,358.22878599999996,,,,358.22878599999996,,
10,SFCSMAGPMLIAIGSSESAQK,SFCSMAGPNLIAIGSSESAQK,N to M,8,0.1,3,S2,hippocampus_2,b8,b9,y14,y13,b8,b9,y14,y13,,1214.520536,,,,,,
11,AVFVDLEPDVIDEIR,AVFVDLEPTVIDEIR,T to D,2,0.324,3,S2,hippocampus_2,b2,b3,y14,y13,b2,b3,y14,y13,,547.344136,,,400.275726,547.344136,1644.8842710000001,1545.815861
12,VINTAEVSGGSR,VILTAEVSGGSR,L to N,0,0.044,2,S2,hippocampus_2,b0,b1,y13,y12,b0,b1,y13,y12,,329.238616,,,,329.238616,,
13,ALTVPELTQQMFDGK,ALTVPELTQQMFDAK,A to G,1,0.965,3,S2,hippocampus_2,b1,b2,y15,y14,b1,b2,y15,y14,,414.29137599999996,,,301.207316,414.29137599999996,,
14,EEFAVPDNSTVQQFK,EEFAVPENSTVQQFK,E to D,1,0.485,3,S2,hippocampus_2,b1,b2,y15,y14,b1,b2,y15,y14,,,,,,,,
15,VGSNYQPPTVVPGGDLAK,VGINYQPPTVVPGGDLAK,I to S,2,0.166,3,S2,hippocampus_2,b2,b3,y17,y16,b2,b3,y17,y16,,473.292106,,,,,,
16,TLANLTWIVEPGQEAK,TLANLPWIVEPGQEAK,P to T,1,0.328,3,S2,hippocampus_2,b1,b2,y16,y15,b1,b2,y16,y15,,,,1898.058441,,,,
17,EDPAASEAPSSAAK,ETPAASEAPSSAAK,T to D,1,0.419,2,S2,hippocampus_2,b1,b2,y14,y13,b1,b2,y14,y13,,,,,359.21279599999997,460.260476,,1416.753161
18,VGINYQPPDVVPGGDLAK,VGINYQPPTVVPGGDLAK,T to D,2,0.263,3,S2,hippocampus_2,b2,b3,y17,y16,b2,b3,y17,y16,,,,,,,,
19,GVVPLAGTDGETTTQGLDGLSER,GVVPLAGTDGETTTQGLDGLLER,L to S,0,0.495,3,S2,hippocampus_2,b0,b1,y24,y23,b0,b1,y24,y23,,287.191666,,,,287.191666,,
20,VQINYQPPTVVPGGDLAK,VGINYQPPTVVPGGDLAK,G to Q,1,0.167,3,S2,hippocampus_2,b1,b2,y18,y17,b1,b2,y18,y17,,,,,,,,
21,VLGFSHYYLPEEQFPK,VLGFCHYYLPEEQFPK,C to S,4,0.199,3,S2,hippocampus_2,b4,b5,y13,y12,b4,b5,y13,y12,,733.444576,,,646.412546,806.4431960000001,,
22,LSELDDRADALQAGASDFETSAAK,LSELDDRADALQAGASQFETSAAK,Q to D,3,0.192,3,S2,hippocampus_2,b3,b4,y22,y21,b3,b4,y22,y21,559.328886,672.412946,,,559.328886,672.412946,,
23,SLMWNAEYEVYVVAENQQGK,SLDWNAEYEVYVVAENQQGK,D to M,2,0.111,3,S2,hippocampus_2,b2,b3,y19,y18,b2,b3,y19,y18,,561.3267860000001,,,,545.3132360000001,,
24,LSELDDRADALQAGASQWETSAAK,LSELDDRADALQAGASQFETSAAK,F to W,5,0.016,3,S2,hippocampus_2,b5,b6,y20,y19,b5,b6,y20,y19,787.439886,902.466826,,,787.439886,902.466826,,
25,GLAFIQDTDGYWIEILNPNK,GLAFIQDPDGYWIEILNPNK,P to T,1,0.033,3,S2,hippocampus_2,b1,b2,y20,y19,b1,b2,y20,y19,,,,,287.191666,,,
26,ESDLHLVLR,ESTLHLVLR,T to D,2,0.013,3,S2,hippocampus_2,b2,b3,y8,y7,b2,b3,y8,y7,,561.2717660000001,952.5574210000001,,,547.292506,938.5781610000001,851.5461310000001
27,DPDGTITTK,DGDGTITTK,G to P,1,0.499,2,S2,hippocampus_2,b1,b2,y9,y8,b1,b2,y9,y8,,213.086976,,,345.197146,402.21860599999997,,1021.5726910000001
28,VPTPNVSVVDLTSR,VPTPNVSVVDLTCR,C to S,1,0.384,3,S2,hippocampus_2,b1,b2,y14,y13,b1,b2,y14,y13,329.238616,,,,329.238616,,,1457.741671
29,AILPDLEPGTMDSVR,AILVDLEPGTMDSVR,V to P,2,0.053,3,S2,hippocampus_2,b2,b3,y14,y13,b2,b3,y14,y13,414.29137599999996,527.375436,,,414.29137599999996,527.375436,1560.793741,1447.709681
30,TVTATDVVYALK,TVTAMDVVYALK,M to T,4,0.166,3,S2,hippocampus_2,b4,b5,y9,y8,b4,b5,y9,y8,,703.418766,,1137.671671,602.371086,733.4115760000001,1238.701591,1167.664481
31,ITLPVDWVTADK,ITLPVDFVTADK,F to W,0,0.994,3,S2,hippocampus_2,b0,b1,y13,y12,b0,b1,y13,y12,,343.254266,,,,343.254266,,
32,NLETEWAAAATEVK,NLEPEWAAAATEVK,P to T,0,0.247,3,S2,hippocampus_2,b0,b1,y15,y14,b0,b1,y15,y14,,344.21313599999996,,,,344.21313599999996,,
33,EEEEQGEGEEEDTK,EEEEGGEGEEEDTK,G to Q,4,0.189,3,S2,hippocampus_2,b4,b5,y11,y10,b4,b5,y11,y10,746.340566,874.399146,,,746.340566,803.362026,,
34,DQEPIENEEEDDEK,DGEPIENEEEDDEK,G to Q,1,0.043,3,S2,hippocampus_2,b1,b2,y14,y13,b1,b2,y14,y13,,473.255726,,,,,,
35,VWLDTNETNEIANANSR,VWLDPNETNEIANANSR,P to T,3,0.166,3,S2,hippocampus_2,b3,b4,y15,y14,b3,b4,y15,y14,,,,,628.401986,743.428926,,
36,DYEEVGVDSVEGEGEEEGEEE,DYEEVGVDSVEGEGEEEGEEY,Y to E,3,0.248,3,S2,hippocampus_2,b3,b4,y19,y18,b3,b4,y19,y18,637.3030660000001,766.345656,,,637.3030660000001,766.345656,,
37,DYEEVGVDSVEGEGEEEGEEG,DYEEVGVDSVEGEGEEEGEEY,Y to G,2,0.487,3,S2,hippocampus_2,b2,b3,y20,y19,b2,b3,y20,y19,,637.3030660000001,,,508.260476,637.3030660000001,,
38,DYEEVGVDSVEGEGEEEGEEE,DYEEVGVDSVEGEGEEEGEEY,Y to E,1,0.976,3,S2,hippocampus_2,b1,b2,y21,y20,b1,b2,y21,y20,345.197146,,,,345.197146,508.260476,,
39,DYEEVGVDSVEGEGEEEGEEE,DYEEVGVDSVEGEGEEEGEEY,Y to E,3,0.484,3,S2,hippocampus_2,b3,b4,y19,y18,b3,b4,y19,y18,637.3030660000001,766.345656,,,637.3030660000001,766.345656,,
40,DYEEVGVDSVEGEGEEEGEEE,DYEEVGVDSVEGEGEEEGEEY,Y to E,4,0.45,3,S2,hippocampus_2,b4,b5,y18,y17,b4,b5,y18,y17,766.345656,865.414066,,,766.345656,865.414066,,
41,PAPEEHPVLLTEAPLNPK,VAPEEHPVLLTEAPLNPK,V to P,0,0.025,3,S2,hippocampus_2,b0,b1,y19,y18,b0,b1,y19,y18,,327.222966,,,,329.238616,,
42,DYEEVGVDSVEGEGEEEGEEF,DYEEVGVDSVEGEGEEEGEEY,Y to F,3,0.924,3,S2,hippocampus_2,b3,b4,y19,y18,b3,b4,y19,y18,637.3030660000001,766.345656,,,637.3030660000001,766.345656,,
43,AILVDLEPGDMDSVR,AILVDLEPGTMDSVR,T to D,3,0.193,2,S2,hippocampus_2,b3,b4,y13,y12,b3,b4,y13,y12,527.375436,626.443846,1461.6889409999999,1348.604881,527.375436,626.443846,1447.709681,1334.625621
44,ELEAAATWEDPGALASSSDAPVVYLK,ELEAAAPWEDPGALASSSDAPVVYLK,P to T,1,0.468,3,S2,hippocampus_2,b1,b2,y26,y25,b1,b2,y26,y25,359.21279599999997,472.296856,,,359.21279599999997,472.296856,,
45,ESTLHLLLR,ESTLHLVLR,V to I/L,0,0.998,3,S2,hippocampus_2,b0,b1,y10,y9,b0,b1,y10,y9,,359.21279599999997,,,,359.21279599999997,,
46,APIQDEER,APIQWEER,W to D,0,0.994,2,S2,hippocampus_2,b0,b1,y9,y8,b0,b1,y9,y8,,301.207316,,,,301.207316,,
47,QAAQNIIPASTGAAK,GAAQNIIPASTGAAK,G to Q,0,0.2,3,S2,hippocampus_2,b0,b1,y16,y15,b0,b1,y16,y15,,,,,,,,
48,AVLVDLEPGTMDGVR,AVLVDLEPGTMDSVR,S to G,0,0.036,3,S2,hippocampus_2,b0,b1,y16,y15,b0,b1,y16,y15,,,,,,301.207316,,
49,VDIDVPDVDVHGTDWHLK,VDIDVPDVDVHGPDWHLK,P to T,1,0.039,4,S2,hippocampus_2,b1,b2,y18,y17,b1,b2,y18,y17,329.238616,444.265556,,,,444.265556,,
50,SLELFSELAEDK,CLELFSELAEDK,C to S,0,0.199,3,S2,hippocampus_2,b0,b1,y13,y12,b0,b1,y13,y12,,,,,,,,
51,QPSISGPAPTK,QASISGPAPTK,A to P,1,0.5,2,S2,hippocampus_2,b1,b2,y11,y10,b1,b2,y11,y10,,226.118616,,,358.22878599999996,429.26589599999994,,1157.672731
52,QPSISGPAPTK,QASISGPAPTK,A to P,0,0.996,2,S2,hippocampus_2,b0,b1,y12,y11,b0,b1,y12,y11,,,,,,358.22878599999996,,
53,ALTVPTLTQQMFDSK,ALTVPELTQQMFDSK,E to T,5,0.466,3,S2,hippocampus_2,b5,b6,y11,y10,b5,b6,y11,y10,,,,,711.460226,840.5028159999999,,1471.729991
54,SQLEINFNTLQTK,CQLEINFNTLQTK,C to S,0,0.199,3,S2,hippocampus_2,b0,b1,y14,y13,b0,b1,y14,y13,,,,,,,,
55,GAAANIIPASTGAAK,GAAQNIIPASTGAAK,Q to A,3,0.25,2,S2,hippocampus_2,b3,b4,y13,y12,b3,b4,y13,y12,,271.140066,,,,328.161536,,1399.810621
56,RLETYYNATEPVISFYDKK,RLETYYNATEPVISFYDKR,R to K,5,0.199,4,S2,hippocampus_2,b5,b6,y15,y14,b5,b6,y15,y14,,1055.572306,,,892.508976,1055.572306,,
57,DYEEVGVDSVEGEGEEEGEEE,DYEEVGVDSVEGEGEEEGEEY,Y to E,4,0.196,3,S2,hippocampus_2,b4,b5,y18,y17,b4,b5,y18,y17,766.345656,865.414066,,,766.345656,865.414066,,
58,TIWTRNPDDITNEEYGEFYK,PIWTRNPDDITNEEYGEFYK,P to T,0,0.469,3,S2,hippocampus_2,b0,b1,y21,y20,b0,b1,y21,y20,,,,,,,,
59,HQQVMVGMGQK,HQGVMVGMGQK,G to Q,2,0.022,3,S2,hippocampus_2,b2,b3,y10,y9,b2,b3,y10,y9,,623.346276,,,495.2876959999999,552.309156,1263.6750710000001,1135.616491
60,DGGEANVSPDGTVTEAPR,DGGEALVSPDGTVTEAPR,L to N,0,0.154,3,S2,hippocampus_2,b0,b1,y19,y18,b0,b1,y19,y18,,,,,,,,
61,TQDENPVVDFFK,TQDENPVVHFFK,H to D,1,0.985,3,S2,hippocampus_2,b1,b2,y12,y11,b1,b2,y12,y11,,,,,331.21788599999996,459.27646599999997,,
62,DDMIFEDSGNVPSEPK,DDMIFEDCGNVPSEPK,C to S,1,0.977,3,S2,hippocampus_2,b1,b2,y16,y15,b1,b2,y16,y15,,460.224086,,,345.197146,460.224086,,
63,NLDQSGFSLSGAQIDDNIPR,NLHQSGFSLSGAQIDDNIPR,H to D,0,0.194,3,S2,hippocampus_2,b0,b1,y21,y20,b0,b1,y21,y20,,344.21313599999996,,,,344.21313599999996,,
64,EDPLLDPVPASENPFREK,EDPLLTPVPASENPFREK,T to D,5,0.022,3,S2,hippocampus_2,b5,b6,y14,y13,b5,b6,y14,y13,797.460616,912.487556,,,797.460616,898.508296,1814.000931,1700.9168710000001
65,QADFLVTEVENGGSLGSK,GADFLVTEVENGGSLGSK,G to Q,0,0.13,3,S2,hippocampus_2,b0,b1,y19,y18,b0,b1,y19,y18,,358.22878599999996,,,,287.191666,,
66,ADQLTEEQIAEWK,ADQLTEEQIAEFK,F to W,0,0.992,2,S2,hippocampus_2,b0,b1,y14,y13,b0,b1,y14,y13,,,,,,,,
67,LQEHNIDVLEGNEQFINAAK,LGEHNIDVLEGNEQFINAAK,G to Q,1,0.317,3,S2,hippocampus_2,b1,b2,y20,y19,,,,,,471.312846,,,,,,
68,ADQLTEEQIAEWK,ADQLTEEQIAEFK,F to W,0,1.0,2,S2,hippocampus_2,b0,b1,y14,y13,b0,b1,y14,y13,,,,,,,,
69,EILVGDVGQTVDDPYTTFPK,EILVGDVGQTVDDPYTTFVK,V to P,1,0.028,3,S2,hippocampus_2,b1,b2,y20,y19,b1,b2,y20,y19,359.21279599999997,472.296856,,,359.21279599999997,472.296856,,
70,GLATASTMDHAR,YLATASTMDHAR,Y to G,0,0.493,3,S2,hippocampus_2,b0,b1,y13,y12,b0,b1,y13,y12,,,,,,393.233536,,
71,HQGVMVGDGQK,HQGVMVGMGQK,M to D,0,0.99,3,S2,hippocampus_2,b0,b1,y12,y11,b0,b1,y12,y11,,367.229116,,,,367.229116,,
72,EPVVAAAEK,EGVVAAAEK,G to P,1,0.5,2,S2,hippocampus_2,b1,b2,y9,y8,b1,b2,y9,y8,,227.102626,,,359.21279599999997,416.23425599999996,,973.587931
73,AGFAGDSAPR,AGFAGDDAPR,D to S,0,1.0,2,S2,hippocampus_2,b0,b1,y11,y10,b0,b1,y11,y10,,301.207316,,,,301.207316,,
74,AILVDLEPGDMDSVR,AILVDLEPGTMDSVR,T to D,2,0.047,3,S2,hippocampus_2,b2,b3,y14,y13,b2,b3,y14,y13,414.29137599999996,527.375436,1574.773001,1461.6889409999999,414.29137599999996,527.375436,1560.793741,1447.709681
75,GDQPVQGTIHFEQK,GDGPVQGTIHFEQK,G to Q,0,0.02,3,S2,hippocampus_2,b0,b1,y15,y14,b0,b1,y15,y14,,287.191666,,,,287.191666,,
76,VLLFQTQSTEEMQGWINK,VLLFQTQSPEEMQGWINK,P to T,0,0.013,4,S2,hippocampus_2,b0,b1,y19,y18,b0,b1,y19,y18,,,,,,329.238616,,
77,APFVDLEPTVIDEVR,AVFVDLEPTVIDEVR,V to P,1,0.488,3,S2,hippocampus_2,b1,b2,y15,y14,b1,b2,y15,y14,,398.26007599999997,,,301.207316,400.275726,,1630.868621
78,LEQGQAIDDLMDAQK,LEQGQAIDDLMPAQK,P to D,1,0.328,3,S2,hippocampus_2,b1,b2,y15,y14,b1,b2,y15,y14,343.254266,472.296856,,1790.879171,343.254266,472.296856,,
79,DDMIFEDSGNVPSEPK,DDMIFEDCGNVPSEPK,C to S,1,0.98,3,S2,hippocampus_2,b1,b2,y16,y15,b1,b2,y16,y15,,460.224086,,,345.197146,460.224086,,
80,NLEAVETLGSTSTISSDK,NLEAVETLGSTSTICSDK,C to S,0,0.998,3,S2,hippocampus_2,b0,b1,y19,y18,b0,b1,y19,y18,,,,,,344.21313599999996,,
81,TSLLNETGDEPFQYKN,TCLLNETGDEPFQYKN,C to S,1,0.25,3,S2,hippocampus_2,b1,b2,y16,y15,b1,b2,y16,y15,331.21788599999996,,,,,491.248536,,
82,FEDQDLTLYQSNAILR,FEDGDLTLYQSNAILR,G to Q,3,0.017,3,S2,hippocampus_2,b3,b4,y14,y13,b3,b4,y14,y13,,,,,,,,
83,FEDENWILK,FEDENFILK,F to W,1,0.496,2,S2,hippocampus_2,b1,b2,y9,y8,b1,b2,y9,y8,377.238616,506.28120599999994,,1275.678211,377.238616,506.28120599999994,,1236.6673110000002
84,DLYANTVLSGGTTMYDGIADR,DLYANTVLSGGTTMYPGIADR,P to D,4,0.016,3,S2,hippocampus_2,b4,b5,y18,y17,b4,b5,y18,y17,692.381646,,,,692.381646,806.424576,,
85,GADWLVTEVENGGSLGSK,GADFLVTEVENGGSLGSK,F to W,3,0.125,3,S2,hippocampus_2,b3,b4,y16,y15,b3,b4,y16,y15,,,,,473.25571599999995,620.324126,,
86,AILVDLEPGAMDSVR,AILVDLEPGTMDSVR,T to A,2,0.2,2,S2,hippocampus_2,b2,b3,y14,y13,b2,b3,y14,y13,414.29137599999996,527.375436,1530.783171,1417.699111,414.29137599999996,527.375436,1560.793741,1447.709681
87,LGEHNIDVLEGNEQWINAAK,LGEHNIDVLEGNEQFINAAK,F to W,1,0.495,3,S2,hippocampus_2,b1,b2,y20,y19,,,,,343.254266,,,,,,,
88,LGEHNIDVLESNEQFINAAK,LGEHNIDVLEGNEQFINAAK,G to S,0,0.918,3,S2,hippocampus_2,b0,b1,y21,y20,,,,,,,,,,,,
89,DSYVGDDAQSK,DSYVGDEAQSK,E to D,6,0.014,3,S2,hippocampus_2,b6,b7,y6,y5,b6,b7,y6,y5,866.409316,981.436256,892.4573310000001,777.4303910000001,866.409316,995.451906,906.472981,791.446041
90,YNPNVLPVQSTGK,YNPNVLPVQCTGK,C to S,1,0.98,3,S2,hippocampus_2,b1,b2,y13,y12,b1,b2,y13,y12,,,,,,278.113536,,
91,SQTNDWEEHLAVK,SLTNDWEEHLAVK,L to Q,1,0.036,3,S2,hippocampus_2,b1,b2,y13,y12,b1,b2,y13,y12,,,,,317.20223599999997,430.28629599999994,,
92,EEEIAALVIDNGSGMSK,EEEIAALVIDNGSGMCK,C to S,0,0.977,3,S2,hippocampus_2,b0,b1,y18,y17,b0,b1,y18,y17,,,,,,,,
93,TSLLNETGDEPFQYK,TCLLNETGDEPFQYK,C to S,1,0.328,3,S2,hippocampus_2,b1,b2,y15,y14,b1,b2,y15,y14,331.21788599999996,,,,,491.248536,,
94,TSLLNETGDEPFQYKN,TCLLNETGDEPFQYKN,C to S,1,0.199,3,S2,hippocampus_2,b1,b2,y16,y15,b1,b2,y16,y15,331.21788599999996,,,,,491.248536,,
95,VGPEEHPVLLTEAPLNPK,VAPEEHPVLLTEAPLNPK,A to G,1,0.478,3,S2,hippocampus_2,b1,b2,y18,y17,b1,b2,y18,y17,329.238616,386.26007599999997,,,329.238616,400.275726,,
96,YTPSQQSGAAASESLFISNHAY,YTPSGQSGAAASESLFISNHAY,G to Q,3,0.134,3,S2,hippocampus_2,b3,b4,y20,y19,b3,b4,y20,y19,591.333976,,,,591.333976,678.3660060000001,,
97,AAVPSGASTGIYEALELRDDDK,AAVPSGASTGIYEALELRDGDK,G to D,0,0.5,3,S2,hippocampus_2,b0,b1,y23,y22,b0,b1,y23,y22,,301.207316,,,,301.207316,,
98,VPTPNVSVVDLTCFLEK,VPTPNVSVVDLTCRLEK,R to F,2,0.328,3,S2,hippocampus_2,b2,b3,y16,y15,b2,b3,y16,y15,,527.339056,,,,527.339056,,
99,YNLGAPVAGTCYQAEWDDYNPK,YNLGAPVAGTCYQAEWDDYVPK,V to N,4,0.01,3,S2,hippocampus_2,b4,b5,y19,y18,b4,b5,y19,y18,677.381986,748.419096,,,677.381986,748.419096,,
100,ILDLGITEPEGHVLSRPEEVEAEAVNR,ILDLGITGPEGHVLSRPEEVEAEAVNR,G to E,0,0.024,4,S2,hippocampus_2,b0,b1,y28,y27,b0,b1,y28,y27,,343.254266,,,,343.254266,,
101,GNVDQSQQAYQEAFEISK,GIVDQSQQAYQEAFEISK,I to N,1,0.024,3,S2,hippocampus_2,b1,b2,y18,y17,b1,b2,y18,y17,287.191666,,,,287.191666,400.27572599999996,,
102,ALTFWNEEIVPQIK,ALPFWNEEIVPQIK,P to T,0,0.307,3,S2,hippocampus_2,b0,b1,y15,y14,b0,b1,y15,y14,,301.207316,,,,,,
103,LDIDSAPIDAR,LDIDSAPITAR,T to D,2,0.823,2,S2,hippocampus_2,b2,b3,y10,y9,b2,b3,y10,y9,458.28120599999994,571.365266,1072.5269010000002,957.4999610000001,458.28120599999994,571.365266,1058.547641,943.5207010000001
104,LDIDSAPIDAR,LDIDSAPITAR,T to D,2,0.333,2,S2,hippocampus_2,b2,b3,y10,y9,b2,b3,y10,y9,458.28120599999994,571.365266,1072.5269010000002,957.4999610000001,458.28120599999994,571.365266,1058.547641,943.5207010000001
105,EEEIAALVIDNGSGMSK,EEEIAALVIDNGSGMCK,C to S,2,0.972,3,S2,hippocampus_2,b2,b3,y16,y15,b2,b3,y16,y15,,430.14564599999994,,,,430.14564599999994,,
106,VAPEEHPVLSTEAPLNPK,VAPEEHPVLLTEAPLNPK,L to S,0,0.327,3,S2,hippocampus_2,b0,b1,y19,y18,b0,b1,y19,y18,,329.238616,,,,329.238616,,
107,VAPEEHPVLLDEAPLNPK,VAPEEHPVLLTEAPLNPK,T to D,1,0.012,3,S2,hippocampus_2,b1,b2,y18,y17,b1,b2,y18,y17,329.238616,400.275726,,,329.238616,400.275726,,
108,VAPEEHPVLLDEAPLNPK,VAPEEHPVLLTEAPLNPK,T to D,1,0.037,3,S2,hippocampus_2,b1,b2,y18,y17,b1,b2,y18,y17,329.238616,400.275726,,,329.238616,400.275726,,
109,VAPEEHPPLLTEAPLNPK,VAPEEHPVLLTEAPLNPK,V to P,3,0.197,3,S2,hippocampus_2,b3,b4,y16,y15,b3,b4,y16,y15,,626.371076,,,,626.371076,,
110,VAPEEHPPLLTEAPLNPK,VAPEEHPVLLTEAPLNPK,V to P,1,0.301,3,S2,hippocampus_2,b1,b2,y18,y17,b1,b2,y18,y17,329.238616,400.275726,,,329.238616,400.275726,,
111,ILDLGITEPEGHVLSRPEEVEAEAVNR,ILDLGITGPEGHVLSRPEEVEAEAVNR,G to E,1,0.095,4,S2,hippocampus_2,b1,b2,y27,y26,b1,b2,y27,y26,343.254266,456.338326,,,343.254266,456.338326,,
112,QLQALTSDLESLRGTNESLER,QLQALTCDLESLRGTNESLER,C to S,1,0.938,3,S2,hippocampus_2,b1,b2,y21,y20,b1,b2,y21,y20,358.22878599999996,471.312846,,,358.22878599999996,471.312846,,
113,SGAPSVNPH,SGAPSVLPH,L to N,3,0.198,2,S2,hippocampus_2,b3,b4,y7,y6,b3,b4,y7,y6,445.26080599999995,,,650.3256410000001,445.26080599999995,,,649.3667710000001
114,ASGTQGIQQLLQAEK,ASQTQGIQQLLQAEK,Q to G,2,0.333,3,S2,hippocampus_2,b2,b3,y14,y13,b2,b3,y14,y13,,216.09787599999999,,,201.087016,329.145596,,
115,QLWHPEQLITGK,QLFHPEQLITGK,F to W,2,0.486,3,S2,hippocampus_2,b2,b3,y11,y10,b2,b3,y11,y10,471.312846,,,,471.312846,618.381256,1511.878301,1398.794241
116,QLWHPEQLITGK,QLFHPEQLITGK,F to W,2,0.455,3,S2,hippocampus_2,b2,b3,y11,y10,b2,b3,y11,y10,471.312846,,,,471.312846,618.381256,1511.878301,1398.794241
117,QLFHPEQLIDGK,QLFHPEQLITGK,T to D,1,0.013,3,S2,hippocampus_2,b1,b2,y12,y11,b1,b2,y12,y11,358.22878599999996,471.312846,,,358.22878599999996,471.312846,,1511.878301
118,QLWHPEQLITGK,QLFHPEQLITGK,F to W,2,0.331,3,S2,hippocampus_2,b2,b3,y11,y10,b2,b3,y11,y10,471.312846,,,,471.312846,618.381256,1511.878301,1398.794241
119,NDEAEYVSIAENK,NDEAEYVCIAENK,C to S,0,1.0,3,S2,hippocampus_2,b0,b1,y14,y13,b0,b1,y14,y13,,,,,,344.21313599999996,,
120,QLWHPEQLITGK,QLFHPEQLITGK,F to W,2,0.018,3,S2,hippocampus_2,b2,b3,y11,y10,b2,b3,y11,y10,471.312846,,,,471.312846,618.381256,1511.878301,1398.794241
121,QLWHPEQLITGK,QLFHPEQLITGK,F to W,2,0.25,3,S2,hippocampus_2,b2,b3,y11,y10,b2,b3,y11,y10,471.312846,,,,471.312846,618.381256,1511.878301,1398.794241
122,ADASSNTVDVTSPASK,ADASSLTVDVTSPASK,L to N,5,0.108,3,S2,hippocampus_2,b5,b6,y12,y11,b5,b6,y12,y11,,775.378356,,,661.335426,774.419486,,
123,DTFQNAYLELGGLGER,DAFQNAYLELGGLGER,A to T,1,0.492,3,S2,hippocampus_2,b1,b2,y16,y15,b1,b2,y16,y15,345.197146,,,,,416.234256,,
124,MPTDPENIIK,MATDPENIIK,A to P,1,0.5,2,S2,hippocampus_2,b1,b2,y10,y9,b1,b2,y10,y9,,245.095426,,,361.210696,432.247806,,1229.693861
125,MDEWQFVAVTSTNAAK,MDENQFVAVTSTNAAK,N to W,3,0.167,3,S2,hippocampus_2,b3,b4,y14,y13,b3,b4,y14,y13,,578.191506,,,,719.323156,,1579.864121
126,AIAELQIYPAVDPLDSTSR,AIAELGIYPAVDPLDSTSR,G to Q,5,0.062,3,S2,hippocampus_2,b5,b6,y15,y14,b5,b6,y15,y14,,855.5137159999999,,,,784.476596,,
127,QQAIVAVTGDGVNDSPALK,QGAIVAVTGDGVNDSPALK,G to Q,1,0.143,3,S2,hippocampus_2,b1,b2,y19,y18,b1,b2,y19,y18,,,,,,,,
128,GIGGGDDSFNTFFSETGAGK,TIGGGDDSFNTFFSETGAGK,T to G,0,0.318,3,S2,hippocampus_2,b0,b1,y21,y20,b0,b1,y21,y20,,,,,,331.21788599999996,,
129,GNDISSGTVLSDYVGSGPPSGDGLHR,GNDISSGTVLSDYVGSGPPSGTGLHR,T to D,3,0.164,3,S2,hippocampus_2,b3,b4,y24,y23,b3,b4,y24,y23,516.261536,629.345596,,,516.261536,629.345596,,
130,WGEAGSEYVVESTGVFTTMEK,WGEAGAEYVVESTGVFTTMEK,A to S,1,0.474,3,S2,hippocampus_2,b1,b2,y21,y20,b1,b2,y21,y20,,473.27097599999996,,,,473.27097599999996,,
131,YLSTASTMDHAR,YLATASTMDHAR,A to S,0,0.99,3,S2,hippocampus_2,b0,b1,y13,y12,b0,b1,y13,y12,,,,,,393.233536,,
132,YLATASTTDHAR,YLATASTMDHAR,M to T,0,1.0,3,S2,hippocampus_2,b0,b1,y13,y12,b0,b1,y13,y12,,,,,,393.233536,,
133,QLFHPEQLIDGK,QLFHPEQLITGK,T to D,0,0.497,3,S2,hippocampus_2,b0,b1,y13,y12,b0,b1,y13,y12,,358.22878599999996,,,,358.22878599999996,,
134,TVTATDVVYALK,TVTAMDVVYALK,M to T,4,0.167,3,S2,hippocampus_2,b4,b5,y9,y8,b4,b5,y9,y8,,703.418766,,1137.671671,602.371086,733.4115760000001,1238.701591,1167.664481
135,LQDVYVNDAFGTAHR,LGDVYVNDAFGTAHR,G to Q,1,0.249,3,S2,hippocampus_2,b1,b2,y15,y14,b1,b2,y15,y14,343.254266,,,,,,,
136,GDQALSWLK,GDQALSFLK,F to W,0,1.0,2,S2,hippocampus_2,b0,b1,y10,y9,b0,b1,y10,y9,,,,,,,,
137,GDQALSWLK,GDQALSFLK,F to W,0,0.999,2,S2,hippocampus_2,b0,b1,y10,y9,b0,b1,y10,y9,,,,,,,,
138,GDQALSWLK,GDQALSFLK,F to W,0,0.909,2,S2,hippocampus_2,b0,b1,y10,y9,b0,b1,y10,y9,,,,,,,,
139,GDQALSWLK,GDQALSFLK,F to W,0,1.0,2,S2,hippocampus_2,b0,b1,y10,y9,b0,b1,y10,y9,,,,,,,,
140,GLYDGPVSEVSVTPK,GLYDGPVCEVSVTPK,C to S,7,0.798,3,S2,hippocampus_2,b7,b8,y9,y8,b7,b8,y9,y8,931.508626,1018.540656,,,931.508626,1091.5392760000002,,1148.618261
141,GLYDGPVCEVSVDPK,GLYDGPVCEVSVTPK,T to D,2,0.063,3,S2,hippocampus_2,b2,b3,y14,y13,b2,b3,y14,y13,,563.339056,,,,563.339056,,
142,AAVPSQASTGIYEALELR,AAVPSGASTGIYEALELR,G to Q,5,0.012,3,S2,hippocampus_2,b5,b6,y14,y13,b5,b6,y14,y13,,783.4562060000001,,,655.3976260000001,712.419086,1466.748521,1379.7164910000001
143,ASADATLSQITNNIDPVGR,ACADATLSQITNNIDPVGR,C to S,1,0.141,3,S2,hippocampus_2,b1,b2,y19,y18,b1,b2,y19,y18,,,,,301.207316,461.237966,,
144,ASQLTEEQIAEFK,ADQLTEEQIAEFK,D to S,1,0.333,2,S2,hippocampus_2,b1,b2,y13,y12,b1,b2,y13,y12,,,,,,,,
145,TIGGGDDSWNTFFSETGAGK,TIGGGDDSFNTFFSETGAGK,F to W,6,0.141,3,S2,hippocampus_2,b6,b7,y15,y14,b6,b7,y15,y14,,,,,,,,1736.832871
146,TIGGGDDSFNDFFSETGAGK,TIGGGDDSFNTFFSETGAGK,T to D,1,0.263,3,S2,hippocampus_2,b1,b2,y20,y19,b1,b2,y20,y19,331.21788599999996,444.301946,,,331.21788599999996,444.301946,,
147,TIGGGDDSFNTWFSETGAGK,TIGGGDDSFNTFFSETGAGK,F to W,0,0.132,3,S2,hippocampus_2,b0,b1,y21,y20,b0,b1,y21,y20,,331.21788599999996,,,,331.21788599999996,,
148,TIGGGDDSFNTWFSETGAGK,TIGGGDDSFNTFFSETGAGK,F to W,0,0.978,3,S2,hippocampus_2,b0,b1,y21,y20,b0,b1,y21,y20,,331.21788599999996,,,,331.21788599999996,,
149,TIGGGMDSFNTFFSETGAGK,TIGGGDDSFNTFFSETGAGK,D to M,3,0.187,3,S2,hippocampus_2,b3,b4,y18,y17,b3,b4,y18,y17,,,,,,558.344866,,
150,TPGGGDDSFNTFFSETGAGK,TIGGGDDSFNTFFSETGAGK,I to P,1,0.01,3,S2,hippocampus_2,b1,b2,y20,y19,b1,b2,y20,y19,,241.118316,,,331.21788599999996,444.301946,,
151,LSYVALDFEQEMATAASSSSLEK,LCYVALDFEQEMATAASSSSLEK,C to S,1,0.33,3,S2,hippocampus_2,b1,b2,y23,y22,b1,b2,y23,y22,343.254266,430.28629599999994,,,343.254266,503.284916,,
152,ALSAGNIDDALQSYSEAIK,ALSAGNIDDALQCYSEAIK,C to S,0,0.995,3,S2,hippocampus_2,b0,b1,y20,y19,b0,b1,y20,y19,,,,,,301.207316,,
153,LAVEALSSLDGDLSNR,LAVEALSSLDGDLSGR,G to N,0,0.031,3,S2,hippocampus_2,b0,b1,y17,y16,b0,b1,y17,y16,,343.254266,,,,343.254266,,
154,LLLTGWCHLTVEDGPR,LLLPGWCHLTVEDGPR,P to T,0,0.333,3,S2,hippocampus_2,b0,b1,y17,y16,b0,b1,y17,y16,,,,,,343.254266,,
155,ATGYQELTDWPEEAPDPSVR,ATGYQELPDWPEEAPDPSVR,P to T,0,0.035,3,S2,hippocampus_2,b0,b1,y21,y20,b0,b1,y21,y20,,,,,,,,
156,SDPAPAASDSKPSSAEPAPSSK,SDAAPAASDSKPSSAEPAPSSK,A to P,2,0.333,3,S2,hippocampus_2,b2,b3,y21,y20,b2,b3,y21,y20,,,,,432.229176,503.266286,,
157,TKTIWTRNPDDITNEEYGEFYK,TKPIWTRNPDDITNEEYGEFYK,P to T,2,0.1,4,S2,hippocampus_2,b2,b3,y21,y20,b2,b3,y21,y20,688.475776,,,,,,,
158,FQMPDQGMTSADDFFQGAK,FQMPDQGMTSADDFFQGTK,T to A,0,0.035,3,S2,hippocampus_2,b0,b1,y20,y19,b0,b1,y20,y19,,377.238616,,,,377.238616,,
159,GANSSSGGPLVYLDVGADGQPLGR,GANSSSGNPLVYLDVGADGQPLGR,N to G,4,0.164,3,S2,hippocampus_2,b4,b5,y21,y20,b4,b5,y21,y20,,,,,559.3037360000001,,,
160,DDEEMNTWQQAISSAISSDK,DDEEMNTWIQAISSAISSDK,I to Q,8,0.111,3,S2,hippocampus_2,b8,b9,y13,y12,b8,b9,y13,y12,1266.514576,1394.5731560000002,1649.869601,,1266.514576,1379.598636,,
161,TIGGGDDSFTTFWCETGAGK,TIGGGDDSFTTFFCETGAGK,F to W,0,0.022,3,S2,hippocampus_2,b0,b1,y21,y20,b0,b1,y21,y20,,331.21788599999996,,,,331.21788599999996,,
162,LAVEANSSLDGDLSGR,LAVEALSSLDGDLSGR,L to N,1,0.022,2,S2,hippocampus_2,b1,b2,y16,y15,b1,b2,y16,y15,,414.29137599999996,,,343.254266,414.29137599999996,,1489.749241
163,GVFPSIVGRPR,AVFPSIVGRPR,A to G,0,0.986,3,S2,hippocampus_2,b0,b1,y12,y11,b0,b1,y12,y11,,287.191666,,,,301.207316,,
164,HQGPMVGMGQK,HQGVMVGMGQK,V to P,3,0.039,3,S2,hippocampus_2,b3,b4,y9,y8,b3,b4,y9,y8,,649.3619160000001,,,552.309156,651.377566,1135.616491,1078.595031
165,AVFVDLEPDVIDEVR,AVFVDLEPTVIDEVR,T to D,2,0.485,3,S2,hippocampus_2,b2,b3,y14,y13,b2,b3,y14,y13,400.275726,547.344136,1644.8478810000001,1545.779471,400.275726,547.344136,1630.868621,1531.800211
166,AVWVDLEPTVIDEVR,AVFVDLEPTVIDEVR,F to W,0,0.966,3,S2,hippocampus_2,b0,b1,y16,y15,b0,b1,y16,y15,,301.207316,,,,301.207316,,
167,AVFVDLEPDVIDEVR,AVFVDLEPTVIDEVR,T to D,1,0.333,3,S2,hippocampus_2,b1,b2,y15,y14,b1,b2,y15,y14,301.207316,400.275726,,1644.8478810000001,301.207316,400.275726,,1630.868621
168,AVWVDLEPTVIDEVR,AVFVDLEPTVIDEVR,F to W,2,0.879,3,S2,hippocampus_2,b2,b3,y14,y13,b2,b3,y14,y13,400.275726,586.355036,,,400.275726,547.344136,1630.868621,1531.800211
169,APFVDLEPTVIDEVR,AVFVDLEPTVIDEVR,V to P,1,0.012,3,S2,hippocampus_2,b1,b2,y15,y14,b1,b2,y15,y14,,398.26007599999997,,,301.207316,400.275726,,1630.868621
170,ALTVPELTQQVWDAK,ALTVPELTQQVFDAK,F to W,1,0.5,3,S2,hippocampus_2,b1,b2,y15,y14,b1,b2,y15,y14,,414.29137599999996,,,301.207316,414.29137599999996,,
171,QPDGLTALEATDNQAIK,GPDGLTALEATDNQAIK,G to Q,0,0.142,3,S2,hippocampus_2,b0,b1,y18,y17,b0,b1,y18,y17,,358.22878599999996,,,,287.191666,,
172,VQDAIPSVEVFEGEPGK,VGDAIPSVEVFEGEPGK,G to Q,1,0.125,3,S2,hippocampus_2,b1,b2,y17,y16,b1,b2,y17,y16,,,,,329.238616,,,
173,TTGIVMDSGDGVTHTVPIYEEYALPHAILR,TTGIVMDSGDGVTHTVPIYEGYALPHAILR,G to E,0,0.028,4,S2,hippocampus_2,b0,b1,y31,y30,b0,b1,y31,y30,,,,,,,,
174,VYEGSILEADSDILIPAASEK,VYEGSILEADCDILIPAASEK,C to S,0,0.498,3,S2,hippocampus_2,b0,b1,y22,y21,b0,b1,y22,y21,,329.238616,,,,,,
175,APFPSIVGRPR,AVFPSIVGRPR,V to P,1,0.141,3,S2,hippocampus_2,b1,b2,y11,y10,b1,b2,y11,y10,,398.26007599999997,,,301.207316,400.275726,,
176,EVSQAVEHINK,GVSQAVEHINK,G to E,0,0.027,3,S2,hippocampus_2,b0,b1,y12,y11,b0,b1,y12,y11,,,,,,287.191666,,
177,SFASLWSD,SFASLFSD,F to W,1,0.5,2,S2,hippocampus_2,b1,b2,y8,y7,b1,b2,y8,y7,,464.270646,,825.377731,317.20223599999997,464.270646,,786.366831
178,EYLPIGGLAEFSK,EYLPIGGLAEFCK,C to S,0,0.998,3,S2,hippocampus_2,b0,b1,y14,y13,b0,b1,y14,y13,,359.21279599999997,,,,359.21279599999997,,
179,AVWVDLEPTVIDEVR,AVFVDLEPTVIDEVR,F to W,2,0.927,3,S2,hippocampus_2,b2,b3,y14,y13,b2,b3,y14,y13,400.275726,586.355036,,,400.275726,547.344136,1630.868621,1531.800211
180,AVWVDLEPTVIDEVR,AVFVDLEPTVIDEVR,F to W,2,0.321,3,S2,hippocampus_2,b2,b3,y14,y13,b2,b3,y14,y13,400.275726,586.355036,,,400.275726,547.344136,1630.868621,1531.800211
181,APFVDLEPTVIDEVR,AVFVDLEPTVIDEVR,V to P,1,0.199,3,S2,hippocampus_2,b1,b2,y15,y14,b1,b2,y15,y14,,398.26007599999997,,,301.207316,400.275726,,1630.868621
182,DLYANTVLSGGTTMVPGIADR,DLYANTVLSGGTTMYPGIADR,Y to V,1,0.027,3,S2,hippocampus_2,b1,b2,y21,y20,b1,b2,y21,y20,345.197146,458.28120599999994,,,345.197146,458.28120599999994,,
183,TITLEVEPSDDIENVK,TITLEVEPSDTIENVK,T to D,3,0.011,3,S2,hippocampus_2,b3,b4,y14,y13,b3,b4,y14,y13,545.3496260000001,658.433686,,,545.3496260000001,658.433686,,
184,TITLEVEPSDDIENVK,TITLEVEPSDTIENVK,T to D,2,0.035,3,S2,hippocampus_2,b2,b3,y15,y14,b2,b3,y15,y14,444.301946,545.3496260000001,,,444.301946,545.3496260000001,,
185,VAPEEDPVLLTEAPLNPK,VAPEEHPVLLTEAPLNPK,H to D,3,0.476,3,S2,hippocampus_2,b3,b4,y16,y15,b3,b4,y16,y15,,626.371076,,,,626.371076,,
186,AMQIMNSFVNDIFER,AMGIMNSFVNDIFER,G to Q,2,0.2,3,S2,hippocampus_2,b2,b3,y14,y13,b2,b3,y14,y13,,576.3012860000001,,,,276.101236,,1557.736571
187,AALSHFIVDELNAK,AALCHFIVDELNAK,C to S,0,0.026,3,S2,hippocampus_2,b0,b1,y15,y14,b0,b1,y15,y14,,,,,,,,
188,TTEIVMDSGDGVTHTVPIYEGYALPHAILR,TTGIVMDSGDGVTHTVPIYEGYALPHAILR,G to E,2,0.229,4,S2,hippocampus_2,b2,b3,y29,y28,b2,b3,y29,y28,,332.145226,,,,489.287026,,
189,TTGIVMDSGDGVTHTVPIYEEYALPHAILR,TTGIVMDSGDGVTHTVPIYEGYALPHAILR,G to E,3,0.319,4,S2,hippocampus_2,b3,b4,y28,y27,b3,b4,y28,y27,489.287026,602.371086,,,489.287026,602.371086,,
190,AEGSDVANAVNDGADCIMLSGETAK,AEGSDVANAVLDGADCIMLSGETAK,L to N,10,0.048,3,S2,hippocampus_2,b10,b11,y16,y15,b10,b11,y16,y15,1143.584306,1257.627236,1925.914551,1826.846141,1143.584306,1256.6683659999999,1924.9556810000001,1825.887271
191,GVFVDLEPTVIDEVR,AVFVDLEPTVIDEVR,A to G,0,0.247,3,S2,hippocampus_2,b0,b1,y16,y15,b0,b1,y16,y15,,,,,,301.207316,,
192,NLHQSEFSLSGAQIDDNIPR,NLHQSGFSLSGAQIDDNIPR,G to E,2,0.011,3,S2,hippocampus_2,b2,b3,y19,y18,b2,b3,y19,y18,457.29719599999993,594.3561060000001,,,457.29719599999993,594.3561060000001,,
193,DATNVGDEGGFAPNNLENK,DATNVGDEGGFAPNILENK,I to N,6,0.142,3,S2,hippocampus_2,b6,b7,y14,y13,b6,b7,y14,y13,787.414736,902.441676,1690.823361,1633.801901,787.414736,902.441676,1689.864491,
194,HMALDMGNEIDAQNR,HMALDMGNEIDTQNR,T to A,0,0.25,3,S2,hippocampus_2,b0,b1,y16,y15,b0,b1,y16,y15,,367.229116,,,,367.229116,,
195,KLPVGFTFSFPSR,KLPVGFTFSFPCR,C to S,1,0.494,3,S2,hippocampus_2,b1,b2,y13,y12,b1,b2,y13,y12,587.428096,700.512156,,1354.715371,587.428096,700.512156,,1427.713991
196,GVFVDLEPTVIDEVR,AVFVDLEPTVIDEVR,A to G,0,0.497,3,S2,hippocampus_2,b0,b1,y16,y15,b0,b1,y16,y15,,,,,,301.207316,,
197,VLNNMEIGTSLYDEEQAK,VLNNMEIGTSLYDEEGAK,G to Q,5,0.036,3,S2,hippocampus_2,b5,b6,y14,y13,b5,b6,y14,y13,,946.486516,,,,946.486516,,1640.821631
198,NLHQSEFSLSGAQIDDNIPR,NLHQSGFSLSGAQIDDNIPR,G to E,3,0.247,3,S2,hippocampus_2,b3,b4,y18,y17,b3,b4,y18,y17,594.3561060000001,,,,594.3561060000001,722.4146860000001,,
199,DATNVGDEGGFGPNILENK,DATNVGDEGGFAPNILENK,A to G,0,0.33,3,S2,hippocampus_2,b0,b1,y20,y19,b0,b1,y20,y19,,,,,,345.197146,,
200,FWEVISDEHGIDPTDTYHGDSDLQLER,FWEVISDEHGIDPTGTYHGDSDLQLER,G to D,2,0.017,4,S2,hippocampus_2,b2,b3,y26,y25,b2,b3,y26,y25,,692.360516,,,563.317926,692.360516,,
201,SEQAAEEQPEPAPAPEQEAAAPGPAAGGEAPK,SEGAAEEQPEPAPAPEQEAAAPGPAAGGEAPK,G to Q,2,0.246,4,S2,hippocampus_2,b2,b3,y31,y30,b2,b3,y31,y30,,,,,446.24482599999993,,,
202,DAQSEETR,TAQSEETR,T to D,0,0.842,2,S2,hippocampus_2,b0,b1,y9,y8,b0,b1,y9,y8,,345.197146,,,,331.21788599999996,,
203,LHFFTPGFAPLTSR,LHFFMPGFAPLTSR,M to T,0,1.0,3,S2,hippocampus_2,b0,b1,y15,y14,b0,b1,y15,y14,,,,,,343.254266,,
204,LVINESDLERAEER,LVIIESDLERAEER,I to N,0,0.058,3,S2,hippocampus_2,b0,b1,y15,y14,b0,b1,y15,y14,,343.254266,,,,343.254266,,
205,LGYILTSPSNLGTGLR,LGYILTCPSNLGTGLR,C to S,0,0.999,3,S2,hippocampus_2,b0,b1,y17,y16,b0,b1,y17,y16,,,,,,343.254266,,
206,RGTGGVDTPATGSVFDISNLDR,RGTGGVDTAATGSVFDISNLDR,A to P,7,0.125,3,S2,hippocampus_2,b7,b8,y16,y15,b7,b8,y16,y15,,,,,872.478726,973.526406,1681.802741,1566.775801
207,YADLTEDQLPSSESLK,YADLTEDQLPSCESLK,C to S,2,0.332,3,S2,hippocampus_2,b2,b3,y15,y14,b2,b3,y15,y14,,,,,464.270646,,,
208,NLIPMDPMGLSDPYVK,NLIPMDPNGLSDPYVK,N to M,4,0.016,3,S2,hippocampus_2,b4,b5,y13,y12,b4,b5,y13,y12,,,,,,814.469406,,
209,FVEGLLINDFSR,FVEGLPINDFSR,P to I/L,0,0.257,2,S2,hippocampus_2,b0,b1,y13,y12,b0,b1,y13,y12,,377.238616,,,,377.238616,,
210,TTGIVMDSEDGVTHTVPIYEGYALPHAILR,TTGIVMDSGDGVTHTVPIYEGYALPHAILR,G to E,4,0.031,4,S2,hippocampus_2,b4,b5,y27,y26,b4,b5,y27,y26,602.371086,701.4394960000001,,,602.371086,701.4394960000001,,
211,QQVTEAAEK,QGVTEAAEK,G to Q,1,0.496,2,S2,hippocampus_2,b1,b2,y9,y8,b1,b2,y9,y8,358.22878599999996,486.28736599999996,,1104.609801,358.22878599999996,415.250246,,1033.5726809999999
212,GLSATVTGGAKGR,GLSATVTGGQKGR,Q to A,1,0.024,3,S2,hippocampus_2,b1,b2,y13,y12,b1,b2,y13,y12,287.191666,400.27572599999996,,,287.191666,400.27572599999996,,
213,SLGMSVEDLVAAK,SLGMAVEDLVAAK,A to S,0,0.964,3,S2,hippocampus_2,b0,b1,y14,y13,b0,b1,y14,y13,,,,,,317.20223599999997,,
214,IPIFSAAGLPHNEIAAQISR,IPIFSAAGLPHNEIAAQICR,C to S,2,0.478,3,S2,hippocampus_2,b2,b3,y19,y18,b2,b3,y19,y18,,553.391086,,,,553.391086,,
215,SGPFGQIFRPDNFVFGQSGAGNNDAK,SGPFGQIFRPDNFVFGQSGAGNNWAK,W to D,3,0.243,3,S2,hippocampus_2,b3,b4,y24,y23,b3,b4,y24,y23,,618.344866,,,,618.344866,,
216,HQQVMVGMGQK,HQGVMVGMGQK,G to Q,2,0.019,3,S2,hippocampus_2,b2,b3,y10,y9,b2,b3,y10,y9,,623.346276,,,495.2876959999999,552.309156,1263.6750710000001,1135.616491
217,YNPNVLPVQSTGKR,YNPNVLPVQCTGKR,C to S,0,0.248,3,S2,hippocampus_2,b0,b1,y15,y14,b0,b1,y15,y14,,393.233536,,,,393.233536,,
218,KAEGAGDEEEGTPK,KAEGAGTEEEGTPK,T to D,3,0.035,3,S2,hippocampus_2,b3,b4,y12,y11,b3,b4,y12,y11,,,1447.674961,1318.632371,787.507796,844.529256,1433.695701,1304.653111
219,QFGAQANVIGTWIQTK,QFGAQANVIGPWIQTK,P to T,0,0.333,3,S2,hippocampus_2,b0,b1,y17,y16,b0,b1,y17,y16,,358.22878599999996,,,,358.22878599999996,,
220,FWETISDEHGIDPTGSYHGDSDLQLER,FWEVISDEHGIDPTGSYHGDSDLQLER,V to T,3,0.018,4,S2,hippocampus_2,b3,b4,y25,y24,b3,b4,y25,y24,,,,,692.360516,791.428926,,
221,TTQIVMDSGDGVTHTVPIYEGYALPHAILR,TTGIVMDSGDGVTHTVPIYEGYALPHAILR,G to Q,2,0.331,4,S2,hippocampus_2,b2,b3,y29,y28,b2,b3,y29,y28,,560.324146,,,,489.287026,,
222,YLATASTTDHAR,YLATASTMDHAR,M to T,0,0.99,3,S2,hippocampus_2,b0,b1,y13,y12,b0,b1,y13,y12,,,,,,393.233536,,
223,AAQLCGSGMAAVVEK,AAQLCGAGMAAVVEK,A to S,1,0.335,3,S2,hippocampus_2,b1,b2,y15,y14,b1,b2,y15,y14,,,,,,,,
224,AQQVFLEELGNHK,AGQVFLEELGNHK,G to Q,1,0.33,3,S2,hippocampus_2,b1,b2,y13,y12,b1,b2,y13,y12,,,,,,,,1599.869191
225,VVLAYEPPWAIGTGK,VVLAYEPVWAIGTGK,V to P,2,0.317,3,S2,hippocampus_2,b2,b3,y14,y13,b2,b3,y14,y13,428.307026,541.391086,,1631.899421,428.307026,,,
226,AMYLPDTNSPADQLK,AMYLPDTLSPADQLK,L to N,3,0.245,3,S2,hippocampus_2,b3,b4,y13,y12,b3,b4,y13,y12,,724.3900960000001,,,,724.3900960000001,,
227,DLYANTVLSGGTTMPPGIADR,DLYANTVLSGGTTMYPGIADR,Y to P,1,0.197,3,S2,hippocampus_2,b1,b2,y21,y20,b1,b2,y21,y20,,458.28120599999994,,,345.197146,458.28120599999994,,
228,LCFVEQDLAMGTDAEGEK,LCRVEQDLAMGTDAEGEK,R to F,2,0.143,3,S2,hippocampus_2,b2,b3,y17,y16,b2,b3,y17,y16,,650.353326,,,503.284916,,,
229,GNDISSGTVLSDYVGSEPPSGTGLHR,GNDISSGTVLSDYVGSGPPSGTGLHR,G to E,0,0.01,3,S2,hippocampus_2,b0,b1,y27,y26,b0,b1,y27,y26,,,,,,287.191666,,
230,EQASHLGGAVFSEAGNIAAATGLVK,EQASHLGGAVFSGAGNIAAATGLVK,G to E,1,0.041,3,S2,hippocampus_2,b1,b2,y25,y24,b1,b2,y25,y24,359.21279599999997,487.271376,,,359.21279599999997,487.271376,,
231,RSQYVTEK,RCQYVTEK,C to S,1,0.975,3,S2,hippocampus_2,b1,b2,y8,y7,b1,b2,y8,y7,,,,1083.588351,386.271316,546.301966,,1156.586971
232,YLSTASTMDHAR,YLATASTMDHAR,A to S,0,0.984,3,S2,hippocampus_2,b0,b1,y13,y12,b0,b1,y13,y12,,,,,,393.233536,,
233,LGDPYVNDAFGTAHR,LGDVYVNDAFGTAHR,V to P,2,0.013,3,S2,hippocampus_2,b2,b3,y14,y13,b2,b3,y14,y13,,,,,,515.302666,,
234,QLFHPEQLITEK,QLFHPEQLITGK,G to E,1,0.013,3,S2,hippocampus_2,b1,b2,y12,y11,b1,b2,y12,y11,358.22878599999996,471.312846,,,358.22878599999996,471.312846,,1511.878301
235,VPINYQPPTVVPGGDLAK,VGINYQPPTVVPGGDLAK,G to P,1,0.166,3,S2,hippocampus_2,b1,b2,y18,y17,b1,b2,y18,y17,,,,,,,,
236,DLYANTVLSGGTTMPPGIADR,DLYANTVLSGGTTMYPGIADR,Y to P,1,0.199,3,S2,hippocampus_2,b1,b2,y21,y20,b1,b2,y21,y20,,458.28120599999994,,,345.197146,458.28120599999994,,
237,DLYANTVLSGGTTMPPGIADR,DLYANTVLSGGTTMYPGIADR,Y to P,0,0.828,3,S2,hippocampus_2,b0,b1,y22,y21,b0,b1,y22,y21,,,,,,345.197146,,
238,GTGIVMDSGDGVTHTVPIYEGYALPHAILR,TTGIVMDSGDGVTHTVPIYEGYALPHAILR,T to G,0,0.249,4,S2,hippocampus_2,b0,b1,y31,y30,b0,b1,y31,y30,,,,,,,,
239,GAFDEAIAELDTLSEESYK,TAFDEAIAELDTLSEESYK,T to G,0,0.166,3,S2,hippocampus_2,b0,b1,y20,y19,b0,b1,y20,y19,,,,,,331.21788599999996,,
240,TTQIVMDSGDGVTHTVPIYEGYALPHAILR,TTGIVMDSGDGVTHTVPIYEGYALPHAILR,G to Q,2,0.249,4,S2,hippocampus_2,b2,b3,y29,y28,b2,b3,y29,y28,,560.324146,,,,489.287026,,
241,ADQLTEEQIATFK,ADQLTEEQIAEFK,E to T,0,1.0,2,S2,hippocampus_2,b0,b1,y14,y13,b0,b1,y14,y13,,,,,,,,
242,EQASHLGGAVFSGAGNIAAADGLVK,EQASHLGGAVFSGAGNIAAATGLVK,T to D,9,0.029,3,S2,hippocampus_2,b9,b10,y17,y16,b9,b10,y17,y16,,1179.631926,,,1080.563516,1179.631926,,1704.984541
243,TLVMLDEQGEQLDR,TLVMLDEQGEQLER,E to D,0,0.985,3,S2,hippocampus_2,b0,b1,y15,y14,b0,b1,y15,y14,,331.21788599999996,,,,331.21788599999996,,
244,QRELPTAFDYVEFTR,GRELPTAFDYVEFTR,G to Q,0,0.331,3,S2,hippocampus_2,b0,b1,y16,y15,b0,b1,y16,y15,,,,,,287.191666,,
245,SIQFVDWSPTGFK,SIQFVDWCPTGFK,C to S,0,1.0,3,S2,hippocampus_2,b0,b1,y14,y13,b0,b1,y14,y13,,,,,,,,
246,QATVQDVNTDRPGLLDLK,QATVGDVNTDRPGLLDLK,G to Q,4,0.067,3,S2,hippocampus_2,b4,b5,y15,y14,b4,b5,y15,y14,,,,1813.001661,629.381986,686.403446,1841.032951,1741.964541
247,TIGGGDDSFTTFFSETGAGK,TIGGGDDSFTTFFCETGAGK,C to S,0,0.971,3,S2,hippocampus_2,b0,b1,y21,y20,b0,b1,y21,y20,,331.21788599999996,,,,331.21788599999996,,
248,PSSNQTAVGGFDTEPDEFSDFDRLR,PSSNGTAVGGFDTEPDEFSDFDRLR,G to Q,0,0.239,3,S2,hippocampus_2,b0,b1,y26,y25,b0,b1,y26,y25,,,,,,,,
249,EQASHLQGAVFSGAGNIAAATGLVK,EQASHLGGAVFSGAGNIAAATGLVK,G to Q,2,0.332,3,S2,hippocampus_2,b2,b3,y24,y23,b2,b3,y24,y23,,558.308486,,,487.271376,558.308486,,
