aa_sub	KW_stat	pval	FDR	Sig
P to T	6.0	0.4231900811268435	0.4231900811268442	ns
T to D	6.0	0.4231900811268435	0.4231900811268442	ns
W to D	6.0	0.4231900811268435	0.4231900811268442	ns
V to P	6.0	0.4231900811268435	0.4231900811268442	ns
A to S	6.0	0.4231900811268435	0.4231900811268442	ns
W to N	5.999999999999997	0.4231900811268441	0.4231900811268442	ns
T to N	5.999999999999997	0.4231900811268441	0.4231900811268442	ns
W to A	5.999999999999999	0.42319008112684375	0.4231900811268442	ns
H to D	5.999999999999998	0.42319008112684375	0.4231900811268442	ns
H to N	5.999999999999999	0.42319008112684375	0.4231900811268442	ns
E to D	5.999999999999997	0.4231900811268441	0.4231900811268442	ns
G to D	5.999999999999999	0.42319008112684375	0.4231900811268442	ns
A to V	5.999999999999997	0.4231900811268441	0.4231900811268442	ns
A to T	5.999999999999999	0.42319008112684375	0.4231900811268442	ns
E to T	5.9999999999999964	0.4231900811268442	0.4231900811268442	ns
