aa_sub	Kruskal_statistic	pval	n_observations	FDR
P to T	0.05496805057009624	0.9966284168886259	3344	0.9998792590653218
T to D	0.7037179219052584	0.8723291097847957	3120	0.9998792590653218
W to D	0.015977481396475923	0.9994654349531644	2992	0.9998792590653218
V to P	0.06859468028764774	0.9953190402498316	1232	0.9998792590653218
A to S	0.037702907393395435	0.9980748077090992	1008	0.9998792590653218
W to N	0.025680078895447878	0.9989138995888642	624	0.9998792590653218
T to N	0.5020790425703184	0.9184344182276183	560	0.9998792590653218
W to A	0.017771136521332664	0.9993732744277273	480	0.9998792590653218
H to D	0.00591385586267279	0.9998792590653218	432	0.9998792590653218
H to N	0.09038333434273227	0.9929659427235709	336	0.9998792590653218
E to D	2.520032359349102	0.47168166333825756	288	0.9998792590653218
G to D	2.6787653787005183	0.4438479656521478	288	0.9998792590653218
A to V	4.614246412937746	0.20232335339384852	256	0.9998792590653218
A to T	0.7015062621595689	0.8728496039030593	256	0.9998792590653218
E to T	0.8563520408163185	0.835946195091279	224	0.9998792590653218
