aa_sub	Kruskal_statistic	pval	n_observations	FDR
P to T	1413.8237223698125	2.460417144175896e-302	3344	3.690625716263844e-301
T to D	263.84237085704723	4.503395798030778e-54	3120	2.2516978990153886e-53
W to D	1168.6995940937486	2.843870769045419e-249	2992	2.132903076784064e-248
V to P	233.10279525096414	1.666587726894381e-47	1232	6.249703975853929e-47
A to S	88.98806171494743	4.915600097210935e-17	1008	7.373400145816402e-17
W to N	129.18457812241513	8.10577056087504e-28	624	1.7369508344732227e-27
T to N	198.78121439488996	3.4483155254483005e-40	560	1.0344946576344901e-39
W to A	188.83435375690715	9.435559284423909e-40	480	2.358889821105977e-39
H to D	31.567916954332077	1.3967347258333264e-07	432	1.4965014919642782e-07
H to N	66.1837266261598	1.4488956406945758e-13	336	1.8111195508682196e-13
E to D	116.94045473581593	7.151462728149598e-23	288	1.1919104546915997e-22
G to D	81.79529703118988	1.5204549679630473e-15	288	2.0733476835859736e-15
A to V	129.08330040126475	2.0045795740740028e-25	256	3.758586701388755e-25
A to T	51.65792953550579	6.340395585053418e-10	256	7.315841059677021e-10
E to T	25.982814980158764	9.616750891121357e-06	224	9.616750891121357e-06
