aa_sub	Age	Tissue_RAAS_range
P to T	t06mo	1.8377041186709673
P to T	t15mo	1.8128417861134947
P to T	t24mo	1.82505961760795
P to T	t30mo	1.7660221172630906
T to D	t06mo	1.1499666119606304
T to D	t15mo	1.1041077993712154
T to D	t24mo	1.403911381171835
T to D	t30mo	1.1670361948870782
W to D	t06mo	2.371783039521821
W to D	t15mo	2.3354544626205365
W to D	t24mo	2.3689847455835795
W to D	t30mo	2.3038605692357597
V to P	t06mo	0.7697676224786303
V to P	t15mo	0.7680832358057197
V to P	t24mo	0.7978633481309982
V to P	t30mo	0.6922021252919306
A to S	t06mo	1.0559755622538995
A to S	t15mo	1.090597871177271
A to S	t24mo	1.0765666552504507
A to S	t30mo	1.0697230843514085
W to N	t06mo	1.6315504663502558
W to N	t15mo	1.63070232998014
W to N	t24mo	1.5951579587614075
W to N	t30mo	1.5957776112758646
T to N	t06mo	2.3055853894714016
T to N	t15mo	2.145368467584185
T to N	t24mo	2.0455761034005775
T to N	t30mo	1.8981139609000466
W to A	t06mo	2.0433536524019065
W to A	t15mo	2.091095825791335
W to A	t24mo	2.055768352920354
W to A	t30mo	2.063769634767956
H to D	t06mo	0.7715969978587816
H to D	t15mo	0.7832224118688431
H to D	t24mo	0.8095612966755692
H to D	t30mo	0.7915654734722701
H to N	t06mo	1.5051938686588753
H to N	t15mo	1.5018676624050484
H to N	t24mo	1.4644121696936834
H to N	t30mo	1.4744800263475732
E to D	t06mo	3.9023542987615083
E to D	t15mo	4.1601857755775065
E to D	t24mo	4.097528534273352
E to D	t30mo	4.283896039678192
G to D	t06mo	0.7650999878957316
G to D	t15mo	0.7383873572027415
G to D	t24mo	0.772676895790875
G to D	t30mo	0.8203980870050551
A to V	t06mo	4.621150489429885
A to V	t15mo	4.735086565592753
A to V	t24mo	4.254381785321492
A to V	t30mo	4.5082377153222835
A to T	t06mo	0.8006110155777548
A to T	t15mo	0.6976850111524956
A to T	t24mo	0.7939028880934453
A to T	t30mo	0.8866678662583082
E to T	t06mo	0.2888784098708759
E to T	t15mo	0.2853941335908847
E to T	t24mo	0.33399827873504506
E to T	t30mo	0.25967694653470774
