,SAAP,BP,AAS,AAS index,Positional probability,charge,TMT set,Dataset,saap_b_left_frag,saap_b_left_frag_mass,saap_b_right_frag,saap_b_right_frag_mass,saap_y_left_frag,saap_y_left_frag_mass,saap_y_right_frag,saap_y_right_frag_mass,bp_b_left_frag,bp_b_left_frag_mass,bp_b_right_frag,bp_b_right_frag_mass,bp_y_left_frag,bp_y_left_frag_mass,bp_y_right_frag,bp_y_right_frag_mass
0,PATVSLPR,VATVSLPR,V to P,0,0.991,2,S1,Aorta,b0,b1,y9,y8,,,,,,402.267186,,,,,,
1,PFLENVIR,VFLENVIR,V to P,0,0.998,2,S1,Aorta,b0,b1,y9,y8,b0,b1,y9,y8,,402.267186,,,,404.28283600000003,,
2,PGDLGVDLTSK,AGDLGVDLTSK,A to P,0,0.333,2,S1,Aorta,b0,b1,y12,y11,b0,b1,y12,y11,,,,,,376.251536,,
3,LPGGTTPGK,LVGGTTPGK,V to P,1,0.012,2,S1,Aorta,b1,b2,y9,y8,b1,b2,y9,y8,418.29848599999997,515.3512460000001,,,418.29848599999997,517.366896,,1020.6008610000001
4,LEQEITTYR,LEQEIATYR,A to T,0,1.0,2,S1,Aorta,b0,b1,y10,y9,b0,b1,y10,y9,,418.29848599999997,,,,418.29848599999997,,
5,SIDDLEEK,TIDDLEEK,T to S,0,0.5,2,S1,Aorta,b0,b1,y9,y8,b0,b1,y9,y8,,392.246456,,,,406.262106,,
6,SIDDLEEK,TIDDLEEK,T to S,0,0.998,2,S1,Aorta,b0,b1,y9,y8,b0,b1,y9,y8,,392.246456,,,,406.262106,,
7,SIDDLEEK,TIDDLEEK,T to S,0,0.998,2,S1,Aorta,b0,b1,y9,y8,b0,b1,y9,y8,,392.246456,,,,406.262106,,
8,SIDDLEEK,TIDDLEEK,T to S,0,0.498,2,S1,Aorta,b0,b1,y9,y8,b0,b1,y9,y8,,392.246456,,,,406.262106,,
9,VVLEGPATWGFR,VVLEGPAPWGFR,P to T,0,0.2,2,S1,Aorta,b0,b1,y13,y12,b0,b1,y13,y12,,404.28283600000003,,,,404.28283600000003,,
10,VVLEGPATWGFR,VVLEGPAPWGFR,P to T,0,0.2,2,S1,Aorta,b0,b1,y13,y12,b0,b1,y13,y12,,404.28283600000003,,,,404.28283600000003,,
11,SADTLDGIQK,SADTLWGIQK,W to D,0,1.0,2,S1,Aorta,b0,b1,y11,y10,b0,b1,y11,y10,,392.246456,,,,392.246456,,
12,GTSQNDTNWVVR,GTSQNDPNWVVR,P to T,0,0.139,2,S1,Aorta,b0,b1,y13,y12,b0,b1,y13,y12,,362.235886,,,,362.235886,,
13,HDPSLQTWSASYDPGSAK,HDPSLQPWSASYDPGSAK,P to T,0,0.499,3,S1,Aorta,b0,b1,y19,y18,b0,b1,y19,y18,,442.27333600000003,,,,442.27333600000003,,
14,PALIGSPVDLTYR,VALIGSPVDLTYR,V to P,0,0.982,2,S1,Aorta,b0,b1,y14,y13,b0,b1,y14,y13,,402.267186,,,,404.28283600000003,,
15,PGVPTETGALTLNR,VGVPTETGALTLNR,V to P,0,0.977,2,S1,Aorta,b0,b1,y15,y14,b0,b1,y15,y14,,402.267186,,,,404.28283600000003,,
16,NQAPGQTGASQWGSR,NQAPGQPGASQWGSR,P to T,0,0.012,2,S1,Aorta,b0,b1,y16,y15,b0,b1,y16,y15,,419.257356,,,,419.257356,,
17,TVIIEQSDGSPK,TVIIEQSWGSPK,W to D,0,1.0,2,S1,Aorta,b0,b1,y13,y12,b0,b1,y13,y12,,406.262106,,,,406.262106,,
18,WTYAGTAEAIK,WPYAGTAEAIK,P to T,1,0.499,2,S1,Aorta,b1,b2,y11,y10,b1,b2,y11,y10,,592.341416,,,491.293736,588.3464960000001,,1324.743161
19,LGIGQLTAQEPK,LGIGQLTAQEVK,V to P,0,0.498,2,S1,Aorta,b0,b1,y13,y12,b0,b1,y13,y12,,418.29848599999997,,,,418.29848599999997,,
20,AFTAWADTSILSR,AFPAWADTSILSR,P to T,0,0.041,2,S1,Aorta,b0,b1,y14,y13,b0,b1,y14,y13,,376.251536,,,,376.251536,,
21,VFTAIADQTWAQR,VFTAIADQPWAQR,P to T,0,0.199,2,S1,Aorta,b0,b1,y14,y13,b0,b1,y14,y13,,404.28283600000003,,,,404.28283600000003,,
22,AENPTNPGTGGSGYWR,AENPTNPGPGGSGYWR,P to T,0,0.123,2,S1,Aorta,b0,b1,y17,y16,b0,b1,y17,y16,,376.251536,,,,376.251536,,
23,FDLNSTWEAFPAYR,FDLNSPWEAFPAYR,P to T,0,0.327,2,S1,Aorta,b0,b1,y15,y14,b0,b1,y15,y14,,452.28283600000003,,,,452.28283600000003,,
24,DVTAMDVVYALK,TVTAMDVVYALK,T to D,0,0.49,2,S1,Aorta,b0,b1,y13,y12,b0,b1,y13,y12,,420.241366,,,,406.262106,,
25,KGDDFQLNQLEGK,KGTDFQLNQLEGK,T to D,2,0.25,2,S1,Aorta,b2,b3,y12,y11,b2,b3,y12,y11,,,,,794.537996,895.585676,1653.876701,
26,WLSTSITEAQWQSSLAR,WLSTSIPEAQWQSSLAR,P to T,0,0.027,2,S1,Aorta,b0,b1,y18,y17,b0,b1,y18,y17,,491.293736,,,,491.293736,,
27,GPDLLDGDLPEQENVLQR,GPTLLDGDLPEQENVLQR,T to D,2,0.324,2,S1,Aorta,b2,b3,y17,y16,b2,b3,y17,y16,,,,,,560.3363260000001,1936.997411,1839.944651
28,AADEVDSGRR,AAWEVDSGRR,W to D,2,0.792,3,S1,Aorta,b2,b3,y9,y8,b2,b3,y9,y8,447.288646,562.315586,1004.4755410000001,933.438431,447.288646,633.367956,1075.5279110000001,1004.490801
29,SVFPSIVGRPR,AVFPSIVGRPR,A to S,0,0.99,3,S1,Aorta,b0,b1,y12,y11,b0,b1,y12,y11,,392.246456,,,,376.251536,,
30,PNVPVIGGHAGK,VNVPVIGGHAGK,V to P,0,0.496,3,S1,Aorta,b0,b1,y13,y12,b0,b1,y13,y12,,402.267186,,,,404.28283600000003,,
31,RQLEEAEEESQR,RQLEEAEEEAQR,A to S,0,0.996,3,S1,Aorta,b0,b1,y13,y12,b0,b1,y13,y12,,461.315536,,,,461.315536,,
32,LMEDTEDWRTRPGTGQSR,LMEDTEDWRPRPGTGQSR,P to T,2,0.011,4,S1,Aorta,b2,b3,y17,y16,b2,b3,y17,y16,565.333876,694.376466,,,549.338976,678.381566,2017.9144410000001,1886.873951
33,DIWTTRDEIQAVER,DIWPTRDEIQAVER,P to T,2,0.045,3,S1,Aorta,b2,b3,y13,y12,b2,b3,y13,y12,,,1616.839071,1503.755011,533.3254260000001,719.404736,,1499.760091
34,FSTVAGESGSADTVRDPR,FSTVTGESGSADTVRDPR,T to A,1,0.978,3,S1,Aorta,b1,b2,y18,y17,b1,b2,y18,y17,452.28283600000003,539.314866,,,452.28283600000003,539.314866,,
35,AAFQLGSTWR,AAFQLGSPWR,P to T,0,0.333,2,S1,Aorta,b0,b1,y11,y10,b0,b1,y11,y10,,376.251536,,,,376.251536,,
36,AAFQLGSTWR,AAFQLGSPWR,P to T,0,0.333,2,S1,Aorta,b0,b1,y11,y10,b0,b1,y11,y10,,376.251536,,,,376.251536,,
37,AASEVAEGK,AADEVAEGK,D to S,0,0.991,2,S1,Aorta,b0,b1,y10,y9,b0,b1,y10,y9,,376.251536,,,,376.251536,,
38,KYTYWPHQPIENL,KYPYWPHQPIENL,P to T,0,0.018,3,S1,Aorta,b0,b1,y14,y13,b0,b1,y14,y13,,737.5165360000001,,,,737.5165360000001,,
39,SIDDLEEK,TIDDLEEK,T to S,0,0.998,2,S1,Aorta,b0,b1,y9,y8,b0,b1,y9,y8,,392.246456,,,,406.262106,,
40,RVYADILNAGTNTDGSK,RVYATILNAGTNTDGSK,T to D,4,0.198,3,S1,Aorta,b4,b5,y14,y13,b4,b5,y14,y13,,909.511326,,,794.4843860000001,895.532066,,
41,HDPSLQTWSASYDPGSAK,HDPSLQPWSASYDPGSAK,P to T,0,0.248,3,S1,Aorta,b0,b1,y19,y18,b0,b1,y19,y18,,442.27333600000003,,,,442.27333600000003,,
42,ASEDFVDTWTVR,ASEDFVDPWTVR,P to T,0,0.495,2,S1,Aorta,b0,b1,y13,y12,b0,b1,y13,y12,,376.251536,,,,376.251536,,
43,GTTWEGGLFK,GTPWEGGLFK,P to T,0,0.5,2,S1,Aorta,b0,b1,y11,y10,b0,b1,y11,y10,,362.235886,,,,362.235886,,
44,LALFNPDVSDDR,LALFNPDVSWDR,W to D,2,0.33,2,S1,Aorta,b2,b3,y11,y10,b2,b3,y11,y10,489.335596,602.419656,1248.585481,1177.548371,489.335596,602.419656,1319.6378510000002,1248.600741
45,ASEDFVDTWTVR,ASEDFVDPWTVR,P to T,0,0.494,2,S1,Aorta,b0,b1,y13,y12,b0,b1,y13,y12,,376.251536,,,,376.251536,,
46,KGPNLPGAAVDLPAVSEK,KGVNLPGAAVDLPAVSEK,V to P,2,0.076,3,S1,Aorta,b2,b3,y17,y16,b2,b3,y17,y16,,,,,794.537996,893.6064060000001,1941.097561,
47,VGGTSDVEPNEK,VGGTSDVEVNEK,V to P,1,0.49,2,S1,Aorta,b1,b2,y12,y11,b1,b2,y12,y11,404.28283600000003,461.30429599999997,,1436.718801,404.28283600000003,461.30429599999997,,1438.734451
48,DFNDSQLQEGK,DFTDSQLQEGK,T to N,0,0.332,2,S1,Aorta,b0,b1,y12,y11,b0,b1,y12,y11,,420.241366,,,,420.241366,,
49,ALFQDVQKTSQDEWGK,ALFQDVQKPSQDEWGK,P to T,0,0.011,3,S1,Aorta,b0,b1,y17,y16,b0,b1,y17,y16,,376.251536,,,,376.251536,,
50,NMTWNVDTLSK,NMPWNVDTLSK,P to T,0,0.496,2,S1,Aorta,b0,b1,y12,y11,b0,b1,y12,y11,,419.257356,,,,419.257356,,
51,SETSPKTWIYGTSNLASGVPVR,SETSPKPWIYGTSNLASGVPVR,P to T,0,0.013,3,S1,Aorta,b0,b1,y23,y22,b0,b1,y23,y22,,392.246456,,,,392.246456,,
52,GLNNQFASFIDK,SLNNQFASFIDK,S to G,0,0.5,2,S1,Aorta,b0,b1,y13,y12,b0,b1,y13,y12,,362.235886,,,,392.246456,,
53,KDLYANNVLSGGDTMYPGIADR,KDLYANNVLSGGTTMYPGIADR,T to D,8,0.083,3,S1,Aorta,b8,b9,y15,y14,b8,b9,y15,y14,1526.882246,1639.966306,,1468.6736310000001,1526.882246,1639.966306,1537.767881,1438.6994710000001
54,DLNNQFASFIDK,TLNNQFASFIDK,T to D,0,0.5,2,S1,Aorta,b0,b1,y13,y12,,,,,,420.241366,,,,,,
55,TVNNQFASFIDK,TLNNQFASFIDK,L to V,1,0.5,2,S1,Aorta,b1,b2,y12,y11,,,,,,,,,,,,
56,VLTPTQVMNRTSSISWDGLDPGK,VLTPTQVMNRPSSISWDGLDPGK,P to T,4,0.1,3,S1,Aorta,b4,b5,y20,y19,b4,b5,y20,y19,,816.5150160000001,,,,,,
57,PNVPVIGGHAGK,VNVPVIGGHAGK,V to P,0,0.498,3,S1,Aorta,b0,b1,y13,y12,b0,b1,y13,y12,,402.267186,,,,404.28283600000003,,
58,TDSTSDGRTAWMR,TDSTSDGRPAWMR,P to T,0,0.2,3,S1,Aorta,b0,b1,y14,y13,b0,b1,y14,y13,,406.262106,,,,406.262106,,
59,RQLEEAEEESQR,RQLEEAEEEAQR,A to S,0,0.996,3,S1,Aorta,b0,b1,y13,y12,b0,b1,y13,y12,,461.315536,,,,461.315536,,
60,DLHTLILPNNK,DLHTLILVNNK,V to P,0,0.045,3,S1,Aorta,b0,b1,y12,y11,b0,b1,y12,y11,,,,,,,,
61,STSWQRPNQAAPSTGR,SPSWQRPNQAAPSTGR,P to T,0,0.16,3,S1,Aorta,b0,b1,y17,y16,b0,b1,y17,y16,,392.246456,,,,392.246456,,
62,PNADEVGGEALGR,VNADEVGGEALGR,V to P,0,0.499,2,S1,Aorta,b0,b1,y14,y13,b0,b1,y14,y13,,402.267186,,,,404.28283600000003,,
63,DTLLQEQGTK,WTLLQEQGTK,W to D,0,0.994,2,S1,Aorta,b0,b1,y11,y10,,,,,,420.241366,,,,,,
64,DTLLQEQGTK,WTLLQEQGTK,W to D,0,0.99,2,S1,Aorta,b0,b1,y11,y10,,,,,,420.241366,,,,,,
65,SSYVGDEAQSK,DSYVGDEAQSK,D to S,0,0.991,2,S1,Aorta,b0,b1,y12,y11,b0,b1,y12,y11,,392.246456,,,,420.241366,,
66,DFNDSQLQEGK,DFTDSQLQEGK,T to N,2,0.2,2,S1,Aorta,b2,b3,y10,y9,b2,b3,y10,y9,567.309776,,1469.755531,1322.6871210000002,567.309776,668.3574560000001,1456.760281,1309.691871
67,DFNDSQLQEGK,DFTDSQLQEGK,T to N,0,0.333,2,S1,Aorta,b0,b1,y12,y11,b0,b1,y12,y11,,420.241366,,,,420.241366,,
68,DFNDSQLQEGK,DFTDSQLQEGK,T to N,0,0.331,2,S1,Aorta,b0,b1,y12,y11,b0,b1,y12,y11,,420.241366,,,,420.241366,,
69,APWMEQEGTEYWER,APWMEQEGPEYWER,P to T,4,0.209,2,S1,Aorta,b4,b5,y11,y10,b4,b5,y11,y10,,,,1326.559671,790.4240960000001,919.466686,1453.605241,1322.5647510000001
70,FAPPQPAETWSFVK,FAPPQPAEPWSFVK,P to T,0,0.498,2,S1,Aorta,b0,b1,y15,y14,b0,b1,y15,y14,,452.28283600000003,,,,452.28283600000003,,
71,DDTVTAGNASGVSDGAGAVIIASEDAVKK,DGTVTAGNASGVSDGAGAVIIASEDAVKK,G to D,1,0.331,3,S1,Aorta,b1,b2,y29,y28,b1,b2,y29,y28,,231.06115599999998,,,420.241366,477.26282599999996,,
72,FAPPQPAETWSFVK,FAPPQPAEPWSFVK,P to T,0,0.482,2,S1,Aorta,b0,b1,y15,y14,b0,b1,y15,y14,,452.28283600000003,,,,452.28283600000003,,
73,DVGIDDLTGEPLIQR,TVGIDDLTGEPLIQR,T to D,0,0.971,2,S1,Aorta,b0,b1,y16,y15,b0,b1,y16,y15,,420.241366,,,,406.262106,,
74,TMDEMGQEIPSDATWK,TMDEMGQEIPSDAPWK,P to T,0,0.491,2,S1,Aorta,b0,b1,y17,y16,b0,b1,y17,y16,,406.262106,,,,406.262106,,
75,AANEAGYFNEEMAPIEPK,AANEAGYFNEEMAPIEVK,V to P,0,0.258,2,S1,Aorta,b0,b1,y19,y18,b0,b1,y19,y18,,376.251536,,,,376.251536,,
76,RTWFAGDK,RPWFAGDK,P to T,0,0.022,3,S1,Aorta,b0,b1,y9,y8,b0,b1,y9,y8,,461.315536,,,,461.315536,,
77,RTWFAGDK,RPWFAGDK,P to T,0,0.041,3,S1,Aorta,b0,b1,y9,y8,b0,b1,y9,y8,,461.315536,,,,461.315536,,
78,RTWFAGDK,RPWFAGDK,P to T,0,0.014,3,S1,Aorta,b0,b1,y9,y8,b0,b1,y9,y8,,461.315536,,,,461.315536,,
79,PNADEVGGEALGR,VNADEVGGEALGR,V to P,0,0.5,2,S1,Aorta,b0,b1,y14,y13,b0,b1,y14,y13,,402.267186,,,,404.28283600000003,,
80,QQQEILAAKTWTK,QQQEILAAKPWTK,P to T,0,0.498,3,S1,Aorta,b0,b1,y14,y13,b0,b1,y14,y13,,433.273006,,,,433.273006,,
81,KLTEIINTQNENVK,KLTEIINTQHENVK,H to N,0,0.999,3,S1,Aorta,b0,b1,y15,y14,b0,b1,y15,y14,,737.5165360000001,,,,737.5165360000001,,
82,KLDEIINTQHENVK,KLTEIINTQHENVK,T to D,2,0.25,3,S1,Aorta,b2,b3,y13,y12,b2,b3,y13,y12,,965.6275360000001,,,850.600596,951.6482760000001,,1729.940371
83,PAPEEHPVLLTEAPLNPK,VAPEEHPVLLTEAPLNPK,V to P,0,0.498,3,S1,Aorta,b0,b1,y19,y18,b0,b1,y19,y18,,402.267186,,,,404.28283600000003,,
84,APQPSTPTLVEAAR,APQVSTPTLVEAAR,V to P,3,0.011,2,S1,Aorta,b3,b4,y12,y11,b3,b4,y12,y11,,698.4156360000001,,,601.3628760000001,700.431286,1271.695371,1143.6367910000001
85,AQQVSTPTLVEAAR,APQVSTPTLVEAAR,P to Q,1,0.012,2,S1,Aorta,b1,b2,y14,y13,b1,b2,y14,y13,,504.310116,,,376.251536,473.304296,,1368.748131
86,EADQAVLDKPETLSSDASTR,EATQAVLDKPETLSSDASTR,T to D,2,0.014,3,S1,Aorta,b2,b3,y19,y18,b2,b3,y19,y18,,,,,505.294126,606.3418060000001,,2223.178751
87,ESAGLIPSTELQEWR,ESAGLIPSPELQEWR,P to T,0,0.099,2,S1,Aorta,b0,b1,y16,y15,b0,b1,y16,y15,,434.25701599999996,,,,434.25701599999996,,
88,IEDGNDFGVAVQEK,IEDGNDFGVAIQEK,I to V,0,1.0,2,S1,Aorta,b0,b1,y15,y14,b0,b1,y15,y14,,418.29848599999997,,,,418.29848599999997,,
89,FAPPQPAEPDSFVK,FAPPQPAEPWSFVK,W to D,0,0.983,2,S1,Aorta,b0,b1,y15,y14,b0,b1,y15,y14,,452.28283600000003,,,,452.28283600000003,,
90,SLFSSAENEPPVPLVGNSRPPQPVK,SLFSSAENEPPVPLVGNWRPPQPVK,W to S,2,0.284,3,S1,Aorta,b2,b3,y24,y23,b2,b3,y24,y23,505.330516,652.3989260000001,,,505.330516,652.3989260000001,,
91,SLFSSAENEPPVPLVGNARPPQPVK,SLFSSAENEPPVPLVGNWRPPQPVK,W to A,2,0.242,3,S1,Aorta,b2,b3,y24,y23,b2,b3,y24,y23,505.330516,652.3989260000001,,,505.330516,652.3989260000001,,
92,SLFSSAENEPPVPLVGNDRPPQPVK,SLFSSAENEPPVPLVGNWRPPQPVK,W to D,2,0.328,3,S1,Aorta,b2,b3,y24,y23,b2,b3,y24,y23,505.330516,652.3989260000001,,,505.330516,652.3989260000001,,
93,FAPPQPAETWSFVK,FAPPQPAEPWSFVK,P to T,0,0.498,2,S1,Aorta,b0,b1,y15,y14,b0,b1,y15,y14,,452.28283600000003,,,,452.28283600000003,,
94,SLFSSAENEPPVPLQGNWRPPQPVK,SLFSSAENEPPVPLVGNWRPPQPVK,V to Q,2,0.012,3,S1,Aorta,b2,b3,y24,y23,b2,b3,y24,y23,505.330516,652.3989260000001,,,505.330516,652.3989260000001,,
95,SLFSSAENEPPVPLQGNWRPPQPVK,SLFSSAENEPPVPLVGNWRPPQPVK,V to Q,2,0.012,3,S1,Aorta,b2,b3,y24,y23,b2,b3,y24,y23,505.330516,652.3989260000001,,,505.330516,652.3989260000001,,
96,FAPPQPAETWSFVK,FAPPQPAEPWSFVK,P to T,0,0.498,2,S1,Aorta,b0,b1,y15,y14,b0,b1,y15,y14,,452.28283600000003,,,,452.28283600000003,,
97,DGAIVDVPVGEELLGR,TGAIVDVPVGEELLGR,T to D,0,0.977,2,S1,Aorta,b0,b1,y17,y16,b0,b1,y17,y16,,420.241366,,,,406.262106,,
98,GPVPLAGTNGETTTQGLDGLSER,GVVPLAGTNGETTTQGLDGLSER,V to P,1,0.5,2,S1,Aorta,b1,b2,y23,y22,b1,b2,y23,y22,,459.288646,,,362.235886,461.30429599999997,,
99,EADQAVLDKPETLSSDASTR,EATQAVLDKPETLSSDASTR,T to D,2,0.014,2,S1,Aorta,b2,b3,y19,y18,b2,b3,y19,y18,,,,,505.294126,606.3418060000001,,2223.178751
100,DLYANDVLSGGTTMYPGIADR,DLYANTVLSGGTTMYPGIADR,T to D,1,0.933,2,S1,Aorta,b1,b2,y21,y20,b1,b2,y21,y20,420.241366,533.3254260000001,,,420.241366,533.3254260000001,,
101,DLYANDVLSGGTTMYPGIADR,DLYANTVLSGGTTMYPGIADR,T to D,1,0.495,2,S1,Aorta,b1,b2,y21,y20,b1,b2,y21,y20,420.241366,533.3254260000001,,,420.241366,533.3254260000001,,
102,KTEDWDEEMDGEWEPPVIQNPEYK,KPEDWDEEMDGEWEPPVIQNPEYK,P to T,1,0.027,3,S1,Aorta,b1,b2,y24,y23,b1,b2,y24,y23,737.5165360000001,,,,737.5165360000001,,,
103,VDIDVPDVNIEGPDSK,VDIDVPDVNIEGPDTK,T to S,0,0.495,2,S1,Aorta,b0,b1,y17,y16,b0,b1,y17,y16,,404.28283600000003,,,,404.28283600000003,,
104,VDIDVPDVNIEGPDSK,VDIDVPDVNIEGPDTK,T to S,3,0.954,2,S1,Aorta,b3,b4,y14,y13,b3,b4,y14,y13,632.393836,747.420776,,,632.393836,747.420776,,
105,DADNVGDEGGFAPNILENK,DATNVGDEGGFAPNILENK,T to D,2,0.012,2,S1,Aorta,b2,b3,y18,y17,b2,b3,y18,y17,,606.305416,,,491.278476,592.3261560000001,,
106,VDHTVGWTLDR,VDHTVGWPLDR,P to T,2,0.011,3,S1,Aorta,b2,b3,y10,y9,b2,b3,y10,y9,519.309776,656.368686,1199.580341,1084.5534010000001,519.309776,656.368686,1195.585421,1080.558481
107,AHVVTWETAADVR,AHVVPWETAADVR,P to T,0,0.015,3,S1,Aorta,b0,b1,y14,y13,b0,b1,y14,y13,,376.251536,,,,376.251536,,
108,GNKTWISLPR,GNKPWISLPR,P to T,0,0.499,3,S1,Aorta,b0,b1,y11,y10,b0,b1,y11,y10,,362.235886,,,,362.235886,,
109,QGSGSGQSPNR,QGSGSGQSPSR,S to N,1,0.333,2,S1,Aorta,b1,b2,y11,y10,,,,,433.273006,490.294466,,946.4336910000001,,,,
110,AAVSGLDGK,AAVSGLWGK,W to D,0,1.0,2,S1,Aorta,b0,b1,y10,y9,b0,b1,y10,y9,,376.251536,,,,376.251536,,
111,DLLDIDNTR,TLLDIDNTR,T to D,0,0.966,2,S1,Aorta,b0,b1,y10,y9,,,,,,420.241366,,,,,,
112,PLDPFTIKPLDR,VLDPFTIKPLDR,V to P,0,0.437,3,S1,Aorta,b0,b1,y13,y12,b0,b1,y13,y12,,402.267186,,,,404.28283600000003,,
113,KFDLNSTWEAFPAYR,KFDLNSPWEAFPAYR,P to T,0,0.164,3,S1,Aorta,b0,b1,y16,y15,b0,b1,y16,y15,,,,,,,,
114,SNTIGISLIK,ANTIGISLIK,A to S,0,0.994,2,S1,Aorta,b0,b1,y11,y10,b0,b1,y11,y10,,392.246456,,,,376.251536,,
115,SNTIGISLIK,ANTIGISLIK,A to S,0,0.994,2,S1,Aorta,b0,b1,y11,y10,b0,b1,y11,y10,,392.246456,,,,376.251536,,
116,SNTIGISLIK,ANTIGISLIK,A to S,0,0.994,2,S1,Aorta,b0,b1,y11,y10,b0,b1,y11,y10,,392.246456,,,,376.251536,,
117,PLQPTIFPVVPR,VLQPTIFPVVPR,V to P,0,0.5,2,S1,Aorta,b0,b1,y13,y12,b0,b1,y13,y12,,402.267186,,,,404.28283600000003,,
118,EMGIVTSWGGTSR,EMGIVPSWGGTSR,P to T,0,0.034,2,S1,Aorta,b0,b1,y14,y13,b0,b1,y14,y13,,434.25701599999996,,,,434.25701599999996,,
119,NLQEAEEAYK,NLQEAEEWYK,W to A,0,0.998,2,S1,Aorta,b0,b1,y11,y10,b0,b1,y11,y10,,419.257356,,,,419.257356,,
120,ALDPALDTIQK,ALDPALWTIQK,W to D,0,1.0,2,S1,Aorta,b0,b1,y12,y11,b0,b1,y12,y11,,376.251536,,,,376.251536,,
121,ALDPALDTIQK,ALDPALWTIQK,W to D,0,1.0,2,S1,Aorta,b0,b1,y12,y11,b0,b1,y12,y11,,376.251536,,,,376.251536,,
122,NLQEAEEDYK,NLQEAEEWYK,W to D,0,0.983,2,S1,Aorta,b0,b1,y11,y10,b0,b1,y11,y10,,419.257356,,,,419.257356,,
123,SVDEAADALLK,AVDEAADALLK,A to S,0,0.993,2,S1,Aorta,b0,b1,y12,y11,b0,b1,y12,y11,,392.246456,,,,376.251536,,
124,TTQQIVLQGPGTWGFR,TTQQIVLQGPGPWGFR,P to T,0,0.199,2,S1,Aorta,b0,b1,y17,y16,b0,b1,y17,y16,,144.065556,,,,,,
125,DPMLENQTPELFQDVNKPK,DAMLENQTPELFQDVNKPK,A to P,1,0.498,3,S1,Aorta,b1,b2,y19,y18,b1,b2,y19,y18,,213.086976,,,420.241366,491.278476,,
126,DDGLFSGDTNWFPK,DDGLFSGDPNWFPK,P to T,0,0.324,2,S1,Aorta,b0,b1,y15,y14,b0,b1,y15,y14,,420.241366,,,,420.241366,,
127,DLEQQNQVLQTK,FLEQQNQVLQTK,F to D,0,0.496,2,S1,Aorta,b0,b1,y13,y12,b0,b1,y13,y12,,420.241366,,,,452.28283600000003,,
128,DAEMPATEKDLAEDATWK,DAEMPATEKDLAEDAPWK,P to T,0,0.118,3,S1,Aorta,b0,b1,y19,y18,b0,b1,y19,y18,,420.241366,,,,420.241366,,
129,DAEMPATEKDLAEDATWK,DAEMPATEKDLAEDAPWK,P to T,0,0.214,3,S1,Aorta,b0,b1,y19,y18,b0,b1,y19,y18,,420.241366,,,,420.241366,,
130,KTEDWDEEMDGEWEPPVIQNPEYK,KPEDWDEEMDGEWEPPVIQNPEYK,P to T,1,0.019,4,S1,Aorta,b1,b2,y24,y23,b1,b2,y24,y23,737.5165360000001,,,,737.5165360000001,,,
131,DEMLENQTPELFQDVNKPK,DAMLENQTPELFQDVNKPK,A to E,1,0.496,3,S1,Aorta,b1,b2,y19,y18,b1,b2,y19,y18,,287.087406,,,420.241366,491.278476,,
132,DVTAMDVVYALK,TVTAMDVVYALK,T to D,0,0.199,2,S1,Aorta,b0,b1,y13,y12,b0,b1,y13,y12,,420.241366,,,,406.262106,,
133,GTNTGVDVGVSGSEASEALSR,GTNTGVWVGVSGSEASEALSR,W to D,0,0.999,2,S1,Aorta,b0,b1,y22,y21,b0,b1,y22,y21,,362.235886,,,,362.235886,,
134,KTEDWDEEMDGEWEPPVIQNPEYK,KPEDWDEEMDGEWEPPVIQNPEYK,P to T,1,0.071,3,S1,Aorta,b1,b2,y24,y23,b1,b2,y24,y23,737.5165360000001,,,,737.5165360000001,,,
135,KTEDWDEEMDGEWEPPVIQNPEYK,KPEDWDEEMDGEWEPPVIQNPEYK,P to T,1,0.015,3,S1,Aorta,b1,b2,y24,y23,b1,b2,y24,y23,737.5165360000001,,,,737.5165360000001,,,
136,TSLSSTPWQEVVLPDPVEETR,TSLSSPPWQEVVLPDPVEETR,P to T,0,0.2,2,S1,Aorta,b0,b1,y22,y21,b0,b1,y22,y21,,406.262106,,,,406.262106,,
137,VVAGVANALAHK,VVAGVAAALAHK,A to N,0,1.0,3,S1,Aorta,b0,b1,y13,y12,b0,b1,y13,y12,,404.28283600000003,,,,404.28283600000003,,
138,PVEIAPATHLDPQLR,VVEIAPATHLDPQLR,V to P,0,0.492,3,S1,Aorta,b0,b1,y16,y15,b0,b1,y16,y15,,402.267186,,,,404.28283600000003,,
139,DDNQSPIELHTK,GDNQSPIELHTK,G to D,0,0.199,3,S1,Aorta,b0,b1,y13,y12,b0,b1,y13,y12,,116.034216,,,,362.235886,,
140,GEALPTWPR,GEALPPWPR,P to T,0,0.498,2,S1,Aorta,b0,b1,y10,y9,b0,b1,y10,y9,,362.235886,,,,362.235886,,
141,FDESFFGVHPK,FDASFFGVHPK,A to E,2,0.249,3,S1,Aorta,b2,b3,y10,y9,b2,b3,y10,y9,,392.14521599999995,,,567.309776,638.346886,,1293.7274510000002
142,AAVSGLDGK,AAVSGLWGK,W to D,0,1.0,2,S1,Aorta,b0,b1,y10,y9,b0,b1,y10,y9,,376.251536,,,,376.251536,,
143,AAVSGLDGK,AAVSGLWGK,W to D,0,1.0,2,S1,Aorta,b0,b1,y10,y9,b0,b1,y10,y9,,376.251536,,,,376.251536,,
144,DLYDAGVK,ELYDAGVK,E to D,0,0.995,2,S1,Aorta,b0,b1,y9,y8,b0,b1,y9,y8,,420.241366,,,,434.25701599999996,,
145,GDVLAADSGIRPLVTDPK,GDVLAAWSGIRPLVTDPK,W to D,2,0.94,3,S1,Aorta,b2,b3,y17,y16,b2,b3,y17,y16,477.26282599999996,576.331236,,1956.144851,477.26282599999996,576.331236,,
146,PGVPTETGALTLNR,VGVPTETGALTLNR,V to P,0,0.993,2,S1,Aorta,b0,b1,y15,y14,b0,b1,y15,y14,,402.267186,,,,404.28283600000003,,
147,DAESWFNQK,DAEEWFNQK,E to S,0,0.497,2,S1,Aorta,b0,b1,y10,y9,b0,b1,y10,y9,,420.241366,,,,420.241366,,
148,LINSLYPEGQAPPKK,LINSLYPEGQAPVKK,V to P,1,0.018,3,S1,Aorta,b1,b2,y15,y14,b1,b2,y15,y14,418.29848599999997,531.382546,,2150.246491,418.29848599999997,531.382546,,
149,QNISPDKITWSALK,QNISPDKIPWSALK,P to T,0,0.495,3,S1,Aorta,b0,b1,y15,y14,b0,b1,y15,y14,,433.273006,,,,433.273006,,
150,GDVLAAWSGIRTLVTDPK,GDVLAAWSGIRPLVTDPK,P to T,5,0.082,3,S1,Aorta,b5,b6,y14,y13,b5,b6,y14,y13,760.4524060000001,831.4895160000001,,,760.4524060000001,831.4895160000001,1815.0447510000001,1744.007641
151,SGAGSATLSMAYAGAR,AGAGSATLSMAYAGAR,A to S,0,0.908,2,S1,Aorta,b0,b1,y17,y16,b0,b1,y17,y16,,392.246456,,,,376.251536,,
152,MDINAPDMDVQGTDWHLK,MDINAPDMDVQGPDWHLK,P to T,0,0.16,3,S1,Aorta,b0,b1,y19,y18,b0,b1,y19,y18,,436.25491600000004,,,,436.25491600000004,,
153,EATQALLDKPETLSSDASTR,EATQAVLDKPETLSSDASTR,V to I/L,0,0.999,3,S1,Aorta,b0,b1,y21,y20,b0,b1,y21,y20,,434.25701599999996,,,,434.25701599999996,,
154,NVVIGDENYGEGSSR,WVVIGDENYGEGSSR,W to N,0,0.995,2,S1,Aorta,b0,b1,y16,y15,b0,b1,y16,y15,,419.257356,,,,491.293736,,
155,DVVIGDENYGEGSSR,WVVIGDENYGEGSSR,W to D,0,0.5,2,S1,Aorta,b0,b1,y16,y15,b0,b1,y16,y15,,420.241366,,,,491.293736,,
156,SQLQEAPTEWK,SQLQEAPPEWK,P to T,0,0.023,2,S1,Aorta,b0,b1,y12,y11,b0,b1,y12,y11,,392.246456,,,,392.246456,,
157,QTMQVDENARPQTTLEQLQK,QTMQVDEHARPQTTLEQLQK,H to N,0,0.328,3,S1,Aorta,b0,b1,y21,y20,b0,b1,y21,y20,,433.273006,,,,433.273006,,
158,AAATQPDGKDTPDETWAFPAR,AAATQPDGKDTPDEPWAFPAR,P to T,1,0.481,3,S1,Aorta,b1,b2,y21,y20,b1,b2,y21,y20,376.251536,447.288646,,,376.251536,447.288646,,
159,GNDMQVGDYIEK,GNDMQVGTYIEK,T to D,1,0.131,2,S1,Aorta,b1,b2,y12,y11,b1,b2,y12,y11,362.235886,476.278816,,,362.235886,476.278816,,
160,WNVIGDENYGEGSSR,WVVIGDENYGEGSSR,V to N,1,0.013,2,S1,Aorta,b1,b2,y15,y14,b1,b2,y15,y14,,605.336666,,,491.293736,590.362146,,1481.686651
161,WTVIGDENYGEGSSR,WVVIGDENYGEGSSR,V to T,1,0.011,2,S1,Aorta,b1,b2,y15,y14,b1,b2,y15,y14,,592.341416,,,491.293736,590.362146,,1481.686651
162,DFDPAAQAAFQK,DFTPAAQAAFQK,T to D,2,0.013,2,S1,Aorta,b2,b3,y11,y10,b2,b3,y11,y10,,682.336716,,,567.309776,668.3574560000001,1483.822811,1336.7544010000001
163,QDMQVDEHARPQTTLEQLQK,QTMQVDEHARPQTTLEQLQK,T to D,1,0.492,3,S1,Aorta,b1,b2,y20,y19,b1,b2,y20,y19,433.273006,,,,433.273006,534.320686,,
164,ASNTSEVYFDGPK,ASNTSEVYFDGVK,V to P,1,0.403,2,S1,Aorta,b1,b2,y13,y12,b1,b2,y13,y12,376.251536,463.283566,,,376.251536,463.283566,,1649.834171
165,ATYSTNSTVWEEAFR,ATYSTNSPVWEEAFR,P to T,0,0.327,2,S1,Aorta,b0,b1,y16,y15,b0,b1,y16,y15,,376.251536,,,,376.251536,,
166,QDMQVDEHARPQTTLEQLQK,QTMQVDEHARPQTTLEQLQK,T to D,1,0.032,3,S1,Aorta,b1,b2,y20,y19,b1,b2,y20,y19,433.273006,,,,433.273006,534.320686,,
167,NLETEWAAAATEVK,NLEPEWAAAATEVK,P to T,0,0.333,2,S1,Aorta,b0,b1,y15,y14,b0,b1,y15,y14,,419.257356,,,,419.257356,,
168,ATYSTNSTVWEEAFR,ATYSTNSPVWEEAFR,P to T,0,0.246,2,S1,Aorta,b0,b1,y16,y15,b0,b1,y16,y15,,376.251536,,,,376.251536,,
169,EDNLESLPLVDTHSK,ETNLESLPLVDTHSK,T to D,1,0.021,2,S1,Aorta,b1,b2,y15,y14,b1,b2,y15,y14,434.25701599999996,549.283956,,,434.25701599999996,535.304696,,1858.024091
170,AVDDSYNVQPDTVATIWNLR,AVDDSYNVQPDTVAPIWNLR,P to T,0,0.321,2,S1,Aorta,b0,b1,y21,y20,b0,b1,y21,y20,,376.251536,,,,376.251536,,
171,TDDITVWDQEFLK,TDDIPVWDQEFLK,P to T,0,0.246,2,S1,Aorta,b0,b1,y14,y13,b0,b1,y14,y13,,406.262106,,,,406.262106,,
172,DGDVTAGNASGVSDGAGAVIIASEDAVKK,DGTVTAGNASGVSDGAGAVIIASEDAVKK,T to D,2,0.32,3,S1,Aorta,b2,b3,y28,y27,b2,b3,y28,y27,,592.2897660000001,,,477.26282599999996,578.310506,,
173,VVLAYETVWAIGTGK,VVLAYEPVWAIGTGK,P to T,0,0.021,2,S1,Aorta,b0,b1,y16,y15,b0,b1,y16,y15,,404.28283600000003,,,,404.28283600000003,,
174,PATVSLPR,VATVSLPR,V to P,0,0.997,2,S1,Aorta,b0,b1,y9,y8,,,,,,402.267186,,,,,,
175,APFPSIVGR,AVFPSIVGR,V to P,1,0.015,2,S1,Aorta,b1,b2,y9,y8,b1,b2,y9,y8,,473.304296,,,376.251536,475.319946,,874.5144910000001
176,DTAGDTHLGGEDFDNR,ATAGDTHLGGEDFDNR,A to D,0,0.495,3,S1,Aorta,b0,b1,y17,y16,b0,b1,y17,y16,,420.241366,,,,376.251536,,
177,PFLENVIR,VFLENVIR,V to P,0,0.99,2,S1,Aorta,b0,b1,y9,y8,b0,b1,y9,y8,,402.267186,,,,404.28283600000003,,
178,GVVLFTWQAR,GVVLFPWQAR,P to T,0,0.2,2,S1,Aorta,b0,b1,y11,y10,b0,b1,y11,y10,,362.235886,,,,362.235886,,
179,AQIGGPEAAK,AQIGGPEAGK,G to A,0,1.0,2,S1,Aorta,b0,b1,y11,y10,b0,b1,y11,y10,,376.251536,,,,376.251536,,
180,YSLPIIPK,YSLVIIPK,V to P,0,0.248,2,S1,Aorta,b0,b1,y9,y8,b0,b1,y9,y8,,468.277756,,,,468.277756,,
181,VPVYETTAGWR,VPVYETPAGWR,P to T,0,0.2,2,S1,Aorta,b0,b1,y12,y11,b0,b1,y12,y11,,404.28283600000003,,,,404.28283600000003,,
182,AMTGVEQWTYR,AMTGVEQWPYR,P to T,2,0.413,2,S1,Aorta,b2,b3,y10,y9,b2,b3,y10,y9,523.286926,624.334606,,1139.5479910000001,523.286926,624.334606,1282.588461,1135.553071
183,HDPSLQTWSASYDPGSAK,HDPSLQPWSASYDPGSAK,P to T,0,0.329,3,S1,Aorta,b0,b1,y19,y18,b0,b1,y19,y18,,442.27333600000003,,,,442.27333600000003,,
184,NGNPNGGGLPHWTEYDQK,NGNPNGGGLPHWPEYDQK,P to T,1,0.498,3,S1,Aorta,b1,b2,y18,y17,b1,b2,y18,y17,419.257356,476.278816,,,419.257356,476.278816,,
185,TKTWNYTYNPQTK,TKPWNYTYNPQTK,P to T,2,0.426,3,S1,Aorta,b2,b3,y12,y11,b2,b3,y12,y11,838.564216,,,,838.564216,,,1715.871241
186,PAGHPDVVINNAAGNFISPSER,VAGHPDVVINNAAGNFISPSER,V to P,0,0.485,3,S1,Aorta,b0,b1,y23,y22,b0,b1,y23,y22,,402.267186,,,,404.28283600000003,,
187,EVTQAVLDKPETLSSDASTR,EATQAVLDKPETLSSDASTR,A to V,0,0.196,3,S1,Aorta,b0,b1,y21,y20,b0,b1,y21,y20,,,,,,434.25701599999996,,
188,TDESQTWVLPVVR,TDESQPWVLPVVR,P to T,0,0.5,2,S1,Aorta,b0,b1,y14,y13,b0,b1,y14,y13,,406.262106,,,,406.262106,,
189,PDFPQDQLATLTGR,VDFPQDQLATLTGR,V to P,0,0.5,2,S1,Aorta,b0,b1,y15,y14,b0,b1,y15,y14,,402.267186,,,,404.28283600000003,,
190,EHTWEVMPDLYFYRDPEEIEKEEQAAAEK,EHPWEVMPDLYFYRDPEEIEKEEQAAAEK,P to T,0,0.499,5,S1,Aorta,b0,b1,y30,y29,b0,b1,y30,y29,,434.25701599999996,,,,434.25701599999996,,
191,IMLTWDPSGK,IMLPWDPSGK,P to T,0,0.015,2,S1,Aorta,b0,b1,y11,y10,b0,b1,y11,y10,,418.29848599999997,,,,418.29848599999997,,
192,DVVIGDENYGEGSSR,WVVIGDENYGEGSSR,W to D,0,0.988,2,S1,Aorta,b0,b1,y16,y15,b0,b1,y16,y15,,420.241366,,,,491.293736,,
193,PGLEQGSDAGYLAESQK,AGLEQGSDAGYLAESQK,A to P,0,0.498,2,S1,Aorta,b0,b1,y18,y17,b0,b1,y18,y17,,,,,,376.251536,,
194,WNVIGDENYGEGSSR,WVVIGDENYGEGSSR,V to N,1,0.019,2,S1,Aorta,b1,b2,y15,y14,b1,b2,y15,y14,,605.336666,,,491.293736,590.362146,,1481.686651
195,WTVIGDENYGEGSSR,WVVIGDENYGEGSSR,V to T,1,0.015,2,S1,Aorta,b1,b2,y15,y14,b1,b2,y15,y14,,592.341416,,,491.293736,590.362146,,1481.686651
196,GAIVPAQEVPPPTVTMDYSWAR,GAIVPAQEVPPPTVPMDYSWAR,P to T,0,0.124,2,S1,Aorta,b0,b1,y23,y22,b0,b1,y23,y22,,362.235886,,,,362.235886,,
197,TNLAMMNPSLTGWK,TNLAMMNPSLPGWK,P to T,0,0.241,2,S1,Aorta,b0,b1,y15,y14,b0,b1,y15,y14,,406.262106,,,,406.262106,,
198,ETVVEVPQVNWEDIGGLEDVKR,ETVVEVPQVTWEDIGGLEDVKR,T to N,0,0.485,3,S1,Aorta,b0,b1,y23,y22,b0,b1,y23,y22,,434.25701599999996,,,,434.25701599999996,,
199,RIPLAEDESR,RIPLAEWESR,W to D,0,0.999,3,S1,Aorta,b0,b1,y11,y10,b0,b1,y11,y10,,461.315536,,,,461.315536,,
200,PATVSLPR,VATVSLPR,V to P,0,0.992,2,S1,Aorta,b0,b1,y9,y8,,,,,,402.267186,,,,,,
201,IGGHGAEDGAEALER,IGGHGAEYGAEALER,Y to D,0,1.0,3,S1,Aorta,b0,b1,y16,y15,b0,b1,y16,y15,,418.29848599999997,,,,418.29848599999997,,
202,IGGHGAEDGAEALER,IGGHGAEYGAEALER,Y to D,0,1.0,3,S1,Aorta,b0,b1,y16,y15,b0,b1,y16,y15,,418.29848599999997,,,,418.29848599999997,,
203,IGGHGAEDGAEALER,IGGHGAEYGAEALER,Y to D,0,0.996,3,S1,Aorta,b0,b1,y16,y15,b0,b1,y16,y15,,418.29848599999997,,,,418.29848599999997,,
204,AAVSGLDGK,AAVSGLWGK,W to D,0,1.0,2,S1,Aorta,b0,b1,y10,y9,b0,b1,y10,y9,,376.251536,,,,376.251536,,
205,ENPTTFMGNYLHEVAR,ENPTTFMGHYLHEVAR,H to N,1,0.949,3,S1,Aorta,b1,b2,y16,y15,b1,b2,y16,y15,434.25701599999996,548.2999460000001,,,434.25701599999996,548.2999460000001,,
206,PGAGSATLSMAYAGAR,AGAGSATLSMAYAGAR,A to P,0,0.498,2,S1,Aorta,b0,b1,y17,y16,b0,b1,y17,y16,,,,,,376.251536,,
207,LLVVYPDTQR,LLVVYPWTQR,W to D,0,0.995,2,S1,Aorta,b0,b1,y11,y10,b0,b1,y11,y10,,418.29848599999997,,,,418.29848599999997,,
208,VPVYETTAGWR,VPVYETPAGWR,P to T,0,0.2,2,S1,Aorta,b0,b1,y12,y11,b0,b1,y12,y11,,404.28283600000003,,,,404.28283600000003,,
209,NTFWDVDGSMVTPEWHR,NTFWDVDGSMVPPEWHR,P to T,8,0.011,3,S1,Aorta,b8,b9,y10,y9,b8,b9,y10,y9,1239.596506,,1215.557491,,1239.596506,1326.628536,1195.567671,1138.546211
210,LLVVYTWTQR,LLVVYPWTQR,P to T,0,0.481,2,S1,Aorta,b0,b1,y11,y10,b0,b1,y11,y10,,418.29848599999997,,,,418.29848599999997,,
211,LLVVYTWTQR,LLVVYPWTQR,P to T,0,0.012,2,S1,Aorta,b0,b1,y11,y10,b0,b1,y11,y10,,418.29848599999997,,,,418.29848599999997,,
212,LLVVYPWDQR,LLVVYPWTQR,T to D,4,0.017,2,S1,Aorta,b4,b5,y7,y6,b4,b5,y7,y6,729.519366,892.5826959999999,963.4682810000002,864.3998710000001,729.519366,892.5826959999999,949.4890210000001,850.4206110000001
213,LLVVYTWTQR,LLVVYPWTQR,P to T,0,0.498,2,S1,Aorta,b0,b1,y11,y10,b0,b1,y11,y10,,418.29848599999997,,,,418.29848599999997,,
214,LLVVYPWDQR,LLVVYPWTQR,T to D,3,0.036,2,S1,Aorta,b3,b4,y8,y7,b3,b4,y8,y7,630.4509560000001,729.519366,1062.536691,963.4682810000002,630.4509560000001,729.519366,1048.5574310000002,949.4890210000001
215,LLVVYTWTQR,LLVVYPWTQR,P to T,0,0.2,2,S1,Aorta,b0,b1,y11,y10,b0,b1,y11,y10,,418.29848599999997,,,,418.29848599999997,,
216,LVNTVPSATAEPQDSDKR,LVNTVPSATAEPGDSDKR,G to Q,1,0.04,3,S1,Aorta,b1,b2,y18,y17,b1,b2,y18,y17,418.29848599999997,517.366896,,,418.29848599999997,517.366896,,
217,HDPSLQTWSASYDPGSAK,HDPSLQPWSASYDPGSAK,P to T,1,0.485,3,S1,Aorta,b1,b2,y18,y17,b1,b2,y18,y17,442.27333600000003,557.300276,,,442.27333600000003,557.300276,,
218,DAEMPATEKDLAEDATWKK,DAEMPATEKDLAEDAPWKK,P to T,0,0.49,4,S1,Aorta,b0,b1,y20,y19,,,,,,420.241366,,,,,,
219,MDINAPDMDVQGTDWHLK,MDINAPDMDVQGPDWHLK,P to T,0,0.023,3,S1,Aorta,b0,b1,y19,y18,b0,b1,y19,y18,,436.25491600000004,,,,436.25491600000004,,
220,TSEGSAEPFASGK,TSEGSWEPFASGK,W to A,0,0.999,2,S1,Aorta,b0,b1,y14,y13,b0,b1,y14,y13,,406.262106,,,,406.262106,,
221,FSGSGSGTSYSLTVSR,FSGSGSGTSYSLTISR,I to V,0,0.978,2,S1,Aorta,b0,b1,y17,y16,b0,b1,y17,y16,,452.28283600000003,,,,452.28283600000003,,
222,ALGQNPTNAENLK,ALGQNPTNAEVLK,V to N,0,0.496,2,S1,Aorta,b0,b1,y14,y13,b0,b1,y14,y13,,376.251536,,,,376.251536,,
223,PGLEQGSDAGYLAESQK,AGLEQGSDAGYLAESQK,A to P,0,0.499,2,S1,Aorta,b0,b1,y18,y17,b0,b1,y18,y17,,,,,,376.251536,,
224,PGLEQGSDAGYLAESQK,AGLEQGSDAGYLAESQK,A to P,0,0.499,2,S1,Aorta,b0,b1,y18,y17,b0,b1,y18,y17,,,,,,376.251536,,
225,LPSSENFDDYMK,LVSSENFDDYMK,V to P,1,0.5,2,S1,Aorta,b1,b2,y12,y11,b1,b2,y12,y11,,515.3512460000001,,,418.29848599999997,517.366896,,1638.764051
226,PDFPQDQLATLTGR,VDFPQDQLATLTGR,V to P,0,0.986,2,S1,Aorta,b0,b1,y15,y14,b0,b1,y15,y14,,402.267186,,,,404.28283600000003,,
227,IDFEDVIAEPEGTHSFDGIDK,IDFEDVIAEPEGTHSFDGIWK,W to D,0,0.987,3,S1,Aorta,b0,b1,y22,y21,b0,b1,y22,y21,,418.29848599999997,,,,418.29848599999997,,
228,NLEAVQDLLEQGR,TLEAVQDLLEQGR,T to N,0,0.981,2,S1,Aorta,b0,b1,y14,y13,b0,b1,y14,y13,,419.257356,,,,406.262106,,
229,KADLQAEQLSNELATER,KATLQAEQLSNELATER,T to D,2,0.015,2,S1,Aorta,b2,b3,y16,y15,b2,b3,y16,y15,,923.580586,,,808.5536460000001,909.6013260000001,1773.897711,1702.860601
230,ELDSITPDITTGWK,ELDSITPDITPGWK,P to T,0,0.332,2,S1,Aorta,b0,b1,y15,y14,b0,b1,y15,y14,,434.25701599999996,,,,434.25701599999996,,
231,GINVEIPGAQAESLGPLQVAR,GIHVEIPGAQAESLGPLQVAR,H to N,0,0.976,2,S1,Aorta,b0,b1,y22,y21,b0,b1,y22,y21,,362.235886,,,,362.235886,,
232,DEVLSTSWDSLFSGSQGQLQPGAR,DEVLSPSWDSLFSGSQGQLQPGAR,P to T,0,0.331,2,S1,Aorta,b0,b1,y25,y24,b0,b1,y25,y24,,420.241366,,,,420.241366,,
233,GVAHIQTVQHK,TVAHIQTVQHK,T to G,0,0.5,4,S1,Aorta,b0,b1,y12,y11,b0,b1,y12,y11,,362.235886,,,,406.262106,,
234,PVPGYGHAVLR,VVPGYGHAVLR,V to P,0,0.991,3,S1,Aorta,b0,b1,y12,y11,b0,b1,y12,y11,,402.267186,,,,404.28283600000003,,
235,DLGATWTVLGHSER,DLGATWVVLGHSER,V to T,1,0.019,3,S1,Aorta,b1,b2,y14,y13,b1,b2,y14,y13,420.241366,533.3254260000001,,,420.241366,533.3254260000001,,1424.764441
236,SGFAGDDAPR,AGFAGDDAPR,A to S,0,0.972,2,S1,Aorta,b0,b1,y11,y10,b0,b1,y11,y10,,392.246456,,,,376.251536,,
237,QFLFRTWDVTK,QFLFRPWDVTK,P to T,0,0.435,3,S1,Aorta,b0,b1,y12,y11,b0,b1,y12,y11,,433.273006,,,,433.273006,,
238,VSLDVNHFAPDELTVK,VSLDVNHFAPEELTVK,E to D,1,0.497,3,S1,Aorta,b1,b2,y16,y15,b1,b2,y16,y15,404.28283600000003,491.314866,,,404.28283600000003,491.314866,,
239,NPTAIQGPGGK,NVTAIQGPGGK,V to P,1,0.5,2,S1,Aorta,b1,b2,y11,y10,b1,b2,y11,y10,,516.3101160000001,,,419.257356,518.325766,,1231.732931
240,NELLQQVDTSTR,WELLQQVDTSTR,W to N,0,0.99,2,S1,Aorta,b0,b1,y13,y12,,,,,,419.257356,,,,,,
241,DELLQQVDTSTR,WELLQQVDTSTR,W to D,0,0.993,2,S1,Aorta,b0,b1,y13,y12,,,,,,420.241366,,,,,,
242,VVSPDNSEDAK,VVSPWNSEDAK,W to D,0,0.996,2,S1,Aorta,b0,b1,y12,y11,b0,b1,y12,y11,,404.28283600000003,,,,404.28283600000003,,
243,NPETMNYADIER,NVETMNYADIER,V to P,1,0.488,2,S1,Aorta,b1,b2,y12,y11,b1,b2,y12,y11,,516.3101160000001,,,419.257356,518.325766,,1356.609981
244,APQPSTPTLVEAAR,APQVSTPTLVEAAR,V to P,3,0.011,2,S1,Aorta,b3,b4,y12,y11,b3,b4,y12,y11,,698.4156360000001,,,601.3628760000001,700.431286,1271.695371,1143.6367910000001
245,LPQEVTDFAK,LVQEVTDFAK,V to P,1,0.332,2,S1,Aorta,b1,b2,y10,y9,b1,b2,y10,y9,418.29848599999997,515.3512460000001,,1338.7224310000001,418.29848599999997,517.366896,,1340.738081
246,LLVVYTWTQR,LLVVYPWTQR,P to T,0,0.2,2,S1,Aorta,b0,b1,y11,y10,b0,b1,y11,y10,,418.29848599999997,,,,418.29848599999997,,
247,LLVVYTWTQR,LLVVYPWTQR,P to T,1,0.167,2,S1,Aorta,b1,b2,y10,y9,b1,b2,y10,y9,418.29848599999997,531.382546,,1165.6364110000002,418.29848599999997,531.382546,,1161.641491
248,LLVVYTWTQR,LLVVYPWTQR,P to T,0,0.2,2,S1,Aorta,b0,b1,y11,y10,b0,b1,y11,y10,,418.29848599999997,,,,418.29848599999997,,
249,GETGPAGPSGAPGPAGLR,GETGPAGPSGAPGPAGSR,S to I/L,6,0.125,2,S1,Aorta,b6,b7,y13,y12,,,,,817.437486,874.458946,1107.5904910000002,1036.553381,,,,
250,ASDTSITDNNLK,ASDTSITWNNLK,W to D,0,0.993,2,S1,Aorta,b0,b1,y13,y12,b0,b1,y13,y12,,376.251536,,,,376.251536,,
251,TTDIVLDSGDGVTHNVPIYEGYALPHAIMR,TTGIVLDSGDGVTHNVPIYEGYALPHAIMR,G to D,2,0.1,4,S1,Aorta,b2,b3,y29,y28,b2,b3,y29,y28,,360.140176,,,507.309786,564.3312460000001,,
252,FAPPQPAETWSFVK,FAPPQPAEPWSFVK,P to T,0,0.493,2,S1,Aorta,b0,b1,y15,y14,b0,b1,y15,y14,,452.28283600000003,,,,452.28283600000003,,
253,DLLLDTAWEK,DLLLDPAWEK,P to T,0,0.012,2,S1,Aorta,b0,b1,y11,y10,b0,b1,y11,y10,,420.241366,,,,420.241366,,
254,GSAQNIIPASTGAAK,GAAQNIIPASTGAAK,A to S,1,0.495,2,S1,Aorta,b1,b2,y15,y14,b1,b2,y15,y14,362.235886,449.267916,,,362.235886,433.272996,,
255,FLEQQNQVLQDK,FLEQQNQVLQTK,T to D,2,0.016,2,S1,Aorta,b2,b3,y11,y10,b2,b3,y11,y10,565.366896,694.409486,,,565.366896,694.409486,,1519.839941
256,GDGTWYQFPTPEK,GDGPWYQFPTPEK,P to T,0,0.098,2,S1,Aorta,b0,b1,y14,y13,b0,b1,y14,y13,,362.235886,,,,362.235886,,
257,DNVLGHLQQGGAPTPFDR,TNVLGHLQQGGAPTPFDR,T to D,0,0.333,2,S1,Aorta,b0,b1,y19,y18,b0,b1,y19,y18,,420.241366,,,,406.262106,,
258,DNVLGHLQQGGAPTPFDR,TNVLGHLQQGGAPTPFDR,T to D,0,0.975,2,S1,Aorta,b0,b1,y19,y18,b0,b1,y19,y18,,420.241366,,,,406.262106,,
259,LSQTLPNADFAEITK,LSQTFPNADFAEITK,F to I/L,1,0.986,2,S1,Aorta,b1,b2,y15,y14,b1,b2,y15,y14,418.29848599999997,505.330516,,,418.29848599999997,505.330516,,1872.966241
260,TLMALGSLAVDK,TLMALGSLAVTK,T to D,0,0.5,2,S1,Aorta,b0,b1,y13,y12,b0,b1,y13,y12,,406.262106,,,,406.262106,,
261,GPDEVTIVNILTNR,GVDEVTIVNILTNR,V to P,1,0.324,2,S1,Aorta,b1,b2,y14,y13,b1,b2,y14,y13,,,,,362.235886,461.30429599999997,,
262,SGFAGDDAPR,AGFAGDDAPR,A to S,0,0.993,2,S1,Aorta,b0,b1,y11,y10,b0,b1,y11,y10,,392.246456,,,,376.251536,,
263,SGFAGDDAPR,AGFAGDDAPR,A to S,0,0.953,2,S1,Aorta,b0,b1,y11,y10,b0,b1,y11,y10,,392.246456,,,,376.251536,,
264,KDVDGAFMTK,KDVDGAYMTK,Y to F,2,0.249,3,S1,Aorta,b2,b3,y9,y8,,,,,852.543476,951.611886,1303.652291,1188.625351,,,,
265,LKAEFQEEAK,LKAEYQEEAK,Y to F,0,1.0,3,S1,Aorta,b0,b1,y11,y10,b0,b1,y11,y10,,418.29848599999997,,,,418.29848599999997,,
266,SADEVAEGK,AADEVAEGK,A to S,0,0.996,2,S1,Aorta,b0,b1,y10,y9,b0,b1,y10,y9,,392.246456,,,,376.251536,,
267,LEDTLDAGLTDQHVK,LEDTLWAGLTDQHVK,W to D,0,0.5,3,S1,Aorta,b0,b1,y16,y15,b0,b1,y16,y15,,418.29848599999997,,,,418.29848599999997,,
268,DFAPAAQAAFQK,DFTPAAQAAFQK,T to A,2,0.333,2,S1,Aorta,b2,b3,y11,y10,b2,b3,y11,y10,,334.13973599999997,,,567.309776,668.3574560000001,1483.822811,1336.7544010000001
269,LLVVYTWTQR,LLVVYPWTQR,P to T,0,0.395,2,S1,Aorta,b0,b1,y11,y10,b0,b1,y11,y10,,418.29848599999997,,,,418.29848599999997,,
270,PNADEVGGEALGR,VNADEVGGEALGR,V to P,0,0.955,2,S1,Aorta,b0,b1,y14,y13,b0,b1,y14,y13,,402.267186,,,,404.28283600000003,,
271,VNADELGGEALGR,VNADEVGGEALGR,V to I/L,0,1.0,2,S1,Aorta,b0,b1,y14,y13,b0,b1,y14,y13,,404.28283600000003,,,,404.28283600000003,,
272,QLEEAEEESQR,QLEEAEEEAQR,A to S,0,0.993,2,S1,Aorta,b0,b1,y12,y11,b0,b1,y12,y11,,433.273006,,,,433.273006,,
273,GDGTWYQFPTPEKEFIDHSPK,GDGPWYQFPTPEKEFIDHSPK,P to T,0,0.488,4,S1,Aorta,b0,b1,y22,y21,b0,b1,y22,y21,,362.235886,,,,362.235886,,
274,GDGTWYQFPTPEKEFIDHSPK,GDGPWYQFPTPEKEFIDHSPK,P to T,0,0.495,4,S1,Aorta,b0,b1,y22,y21,b0,b1,y22,y21,,362.235886,,,,362.235886,,
275,ASDTSITDNNLK,ASDTSITWNNLK,W to D,0,1.0,2,S1,Aorta,b0,b1,y13,y12,b0,b1,y13,y12,,376.251536,,,,376.251536,,
276,DSPSQWAAVPGK,DSPSVWAAVPGK,V to Q,0,0.024,2,S1,Aorta,b0,b1,y13,y12,b0,b1,y13,y12,,420.241366,,,,420.241366,,
277,DFTPAAQTAFQK,DFTPAAQAAFQK,A to T,0,0.986,2,S1,Aorta,b0,b1,y13,y12,b0,b1,y13,y12,,420.241366,,,,420.241366,,
278,EVQLQQSGPDLVKPGASVK,EVQLQQSGPELVKPGASVK,E to D,1,0.5,3,S1,Aorta,b1,b2,y19,y18,b1,b2,y19,y18,434.25701599999996,533.3254260000001,,,434.25701599999996,533.3254260000001,,
279,VQPIYGGDNEIMK,VQPIYGGTNEIMK,T to D,5,0.18,2,S1,Aorta,b5,b6,y9,y8,b5,b6,y9,y8,,,,,905.5415660000001,962.563026,1316.683951,1153.620621
280,GDGTWYQFPTPEK,GDGPWYQFPTPEK,P to T,1,0.402,2,S1,Aorta,b1,b2,y13,y12,b1,b2,y13,y12,362.235886,477.26282599999996,,,362.235886,477.26282599999996,,
281,GPDLVLNSLAEEK,GVDLVLNSLAEEK,V to P,1,0.475,2,S1,Aorta,b1,b2,y13,y12,b1,b2,y13,y12,362.235886,459.288646,,,362.235886,461.30429599999997,,
282,KDVDGAFMTK,KDVDGAYMTK,Y to F,1,0.069,3,S1,Aorta,b1,b2,y10,y9,,,,,737.5165360000001,852.543476,,1303.652291,,,,
283,TIWDGQK,TIWDGSK,S to Q,0,1.0,2,S1,Aorta,b0,b1,y8,y7,b0,b1,y8,y7,,406.262106,,,,406.262106,,
284,TIWDGQK,TIWDGSK,S to Q,0,1.0,2,S1,Aorta,b0,b1,y8,y7,b0,b1,y8,y7,,406.262106,,,,406.262106,,
285,LLVVYTWTQR,LLVVYPWTQR,P to T,0,0.437,2,S1,Aorta,b0,b1,y11,y10,b0,b1,y11,y10,,418.29848599999997,,,,418.29848599999997,,
286,LLVVYPWNQR,LLVVYPWTQR,T to N,2,0.093,2,S1,Aorta,b2,b3,y9,y8,b2,b3,y9,y8,,630.4509560000001,1174.636741,1061.5526810000001,531.382546,630.4509560000001,1161.641491,1048.5574310000002
287,IPLPTSWTDNPR,IPLPPSWTDNPR,P to T,0,0.01,2,S1,Aorta,b0,b1,y13,y12,b0,b1,y13,y12,,418.29848599999997,,,,418.29848599999997,,
288,GDGTWYQFPTPEKEFIDHSPK,GDGPWYQFPTPEKEFIDHSPK,P to T,0,0.495,4,S1,Aorta,b0,b1,y22,y21,b0,b1,y22,y21,,362.235886,,,,362.235886,,
289,DFTPAAQAAFGK,DFTPAAQAAFQK,Q to G,0,0.5,2,S1,Aorta,b0,b1,y13,y12,b0,b1,y13,y12,,420.241366,,,,420.241366,,
290,ALEESNYEAEGK,ALEESNYELEGK,L to A,0,1.0,2,S1,Aorta,b0,b1,y13,y12,b0,b1,y13,y12,,376.251536,,,,376.251536,,
291,DFDPAAQAAFQK,DFTPAAQAAFQK,T to D,2,0.012,2,S1,Aorta,b2,b3,y11,y10,b2,b3,y11,y10,,682.336716,,,567.309776,668.3574560000001,1483.822811,1336.7544010000001
292,FLEQQNQPLQTK,FLEQQNQVLQTK,V to P,6,0.012,2,S1,Aorta,b6,b7,y7,y6,b6,b7,y7,y6,,,1132.664541,,1064.569576,1192.628156,1134.6801910000001,1020.6372610000001
293,AATITATSTGALWGLDR,AATITATSPGALWGLDR,P to T,0,0.195,2,S1,Aorta,b0,b1,y18,y17,b0,b1,y18,y17,,376.251536,,,,376.251536,,
294,FLEQQNQVLQDK,FLEQQNQVLQTK,T to D,0,0.022,2,S1,Aorta,b0,b1,y13,y12,b0,b1,y13,y12,,452.28283600000003,,,,452.28283600000003,,
295,FLEQQNQVLQDK,FLEQQNQVLQTK,T to D,0,0.984,2,S1,Aorta,b0,b1,y13,y12,b0,b1,y13,y12,,452.28283600000003,,,,452.28283600000003,,
296,AATITATSTGALWGLDR,AATITATSPGALWGLDR,P to T,0,0.083,2,S1,Aorta,b0,b1,y18,y17,b0,b1,y18,y17,,376.251536,,,,376.251536,,
297,YISPDQLADLYK,YITPDQLADLYK,T to S,0,0.999,2,S1,Aorta,b0,b1,y13,y12,b0,b1,y13,y12,,468.277756,,,,468.277756,,
298,DETNVGDEGGFAPNILENK,DATNVGDEGGFAPNILENK,A to E,1,0.499,2,S1,Aorta,b1,b2,y19,y18,b1,b2,y19,y18,,287.087406,,,420.241366,491.278476,,
299,LNPAPVSDIIEIK,LNVAPVSDIIEIK,V to P,2,0.011,2,S1,Aorta,b2,b3,y12,y11,b2,b3,y12,y11,532.341416,629.394176,1599.927661,1485.884731,532.341416,631.4098260000001,1601.943311,1487.900381
300,LSQTFPNADFAEIDK,LSQTFPNADFAEITK,T to D,1,0.494,2,S1,Aorta,b1,b2,y15,y14,b1,b2,y15,y14,418.29848599999997,505.330516,,,418.29848599999997,505.330516,,1872.966241
0,AAGGEPQVQFK,AAQGEPQVQFK,Q to G,2,0.331,2,S2,Brain,b2,b3,y10,y9,b2,b3,y10,y9,,242.11355599999996,,,185.09209599999997,313.150676,,
1,LENEIQDYR,LENEIQTYR,T to D,0,0.333,2,S2,Brain,b0,b1,y10,y9,b0,b1,y10,y9,,418.29848599999997,,,,418.29848599999997,,
2,TVTEQGAELSNEER,AVTEQGAELSNEER,A to T,0,0.5,2,S2,Brain,b0,b1,y15,y14,b0,b1,y15,y14,,,,,,376.251536,,
3,YDMGDAPDFDR,YTMGDAPDFDR,T to D,1,0.494,2,S2,Brain,b1,b2,y11,y10,b1,b2,y11,y10,,583.3046960000001,,,468.277756,569.3254360000001,,1140.462581
4,TLVMLDEQGEQVER,TLVMLDEQGEQLER,L to V,0,0.011,2,S2,Brain,b0,b1,y15,y14,b0,b1,y15,y14,,406.262106,,,,406.262106,,
5,TVNDLEDSYGQQDTYEQR,TVNDLEDSYGQQWTYEQR,W to D,1,0.943,2,S2,Brain,b1,b2,y18,y17,b1,b2,y18,y17,406.262106,505.330516,,,406.262106,505.330516,,
6,TVNDLEDSYGQQDTYEQR,TVNDLEDSYGQQWTYEQR,W to D,3,0.947,2,S2,Brain,b3,b4,y16,y15,b3,b4,y16,y15,619.3734460000001,734.400386,,,619.3734460000001,734.400386,,1917.824951
7,DNLTLWNSDQQDEEAGEGN,DNLTLWTSDQQDEEAGEGN,T to N,2,0.011,2,S2,Brain,b2,b3,y18,y17,b2,b3,y18,y17,534.284296,647.3683560000001,,,534.284296,647.3683560000001,,
8,DNLTLWNSDQQDDDGGEGNN,DNLTLWTSDQQDDDGGEGNN,T to N,2,0.014,2,S2,Brain,b2,b3,y19,y18,b2,b3,y19,y18,534.284296,647.3683560000001,,,534.284296,647.3683560000001,,
9,DNLTLWNSENQGDEGDAGEGEN,DNLTLWTSENQGDEGDAGEGEN,T to N,2,0.013,2,S2,Brain,b2,b3,y21,y20,b2,b3,y21,y20,534.284296,647.3683560000001,,,534.284296,647.3683560000001,,
10,LEQEITTYR,LEQEIATYR,A to T,0,1.0,2,S2,Brain,b0,b1,y10,y9,b0,b1,y10,y9,,418.29848599999997,,,,418.29848599999997,,
11,SIDDLEEK,TIDDLEEK,T to S,0,0.998,2,S2,Brain,b0,b1,y9,y8,b0,b1,y9,y8,,392.246456,,,,406.262106,,
12,LPVEALSSLDGDLSGR,LAVEALSSLDGDLSGR,A to P,1,0.5,2,S2,Brain,b1,b2,y16,y15,b1,b2,y16,y15,,211.144096,,,418.29848599999997,489.335596,,1489.749241
13,LPVEALSSLDGDLSGR,LAVEALSSLDGDLSGR,A to P,1,0.5,2,S2,Brain,b1,b2,y16,y15,b1,b2,y16,y15,,211.144096,,,418.29848599999997,489.335596,,1489.749241
14,LPVEALSSLDGDLSGR,LAVEALSSLDGDLSGR,A to P,1,0.5,2,S2,Brain,b1,b2,y16,y15,b1,b2,y16,y15,,211.144096,,,418.29848599999997,489.335596,,1489.749241
15,LPELEEFINGPNNAHIQQVGDR,LAELEEFINGPNNAHIQQVGDR,A to P,1,0.5,3,S2,Brain,b1,b2,y22,y21,b1,b2,y22,y21,,211.144096,,,418.29848599999997,489.335596,,
16,VAEEELDTEDRTAWNSK,VAEEELDTEDRPAWNSK,P to T,0,0.331,3,S2,Brain,b0,b1,y18,y17,b0,b1,y18,y17,,404.28283600000003,,,,404.28283600000003,,
17,GLEGTWERPPPLDEPQRDGNSEDQVEGR,GLEGPWERPPPLDEPQRDGNSEDQVEGR,P to T,1,0.246,4,S2,Brain,b1,b2,y28,y27,b1,b2,y28,y27,362.235886,475.319946,,,362.235886,475.319946,,
18,PVFVDLEPTVIDEIR,AVFVDLEPTVIDEIR,A to P,0,0.5,2,S2,Brain,b0,b1,y16,y15,b0,b1,y16,y15,,,,,,376.251536,,
19,LEVEALSSLDGDLSGR,LAVEALSSLDGDLSGR,A to E,1,0.5,2,S2,Brain,b1,b2,y16,y15,b1,b2,y16,y15,,243.13392599999997,,,418.29848599999997,489.335596,,1489.749241
20,PDNSSLTGESEPQTR,VDNSSLTGESEPQTR,V to P,0,0.986,2,S2,Brain,b0,b1,y16,y15,b0,b1,y16,y15,,402.267186,,,,404.28283600000003,,
21,ETPPASEAPSSAAK,ETPAASEAPSSAAK,A to P,3,0.248,2,S2,Brain,b3,b4,y12,y11,b3,b4,y12,y11,,425.203066,,,,703.394566,1390.749701,1293.6969410000002
22,EVDEQMLNPQNK,EVDEQMLNVQNK,V to P,1,0.249,2,S2,Brain,b1,b2,y12,y11,b1,b2,y12,y11,434.25701599999996,533.3254260000001,,,434.25701599999996,533.3254260000001,,1621.853871
23,QGPIVAVTGDGVNDSPALK,QGAIVAVTGDGVNDSPALK,A to P,2,0.332,2,S2,Brain,b2,b3,y18,y17,b2,b3,y18,y17,,283.140076,,,490.294466,561.331576,,
24,ELQNAPDAIPESGVEPPPLDTAWQEATR,ELQNAPDAIPESGVEPPPLDTAWVEATR,V to Q,3,0.124,3,S2,Brain,b3,b4,y26,y25,b3,b4,y26,y25,675.399656,789.4425860000001,,,675.399656,789.4425860000001,,
25,ELQNAPDAIPESGVEPPPLDNAWVEATR,ELQNAPDAIPESGVEPPPLDTAWVEATR,T to N,0,0.125,3,S2,Brain,b0,b1,y29,y28,b0,b1,y29,y28,,434.25701599999996,,,,434.25701599999996,,
26,DPTNVGDEGGFAPNILENSEALELVK,DATNVGDEGGFAPNILENSEALELVK,A to P,1,0.5,3,S2,Brain,b1,b2,y26,y25,b1,b2,y26,y25,,213.086976,,,420.241366,491.278476,,
27,QPADMILLDDNFASIVTGVEEGR,QAADMILLDDNFASIVTGVEEGR,A to P,1,0.5,2,S2,Brain,b1,b2,y23,y22,b1,b2,y23,y22,,226.118616,,,433.273006,504.310116,,
28,TRLEQEITTYR,TRLEQEIATYR,A to T,0,1.0,3,S2,Brain,b0,b1,y12,y11,b0,b1,y12,y11,,406.262106,,,,406.262106,,
29,DGQDNIPVLK,GGQDNIPVLK,G to D,0,0.499,2,S2,Brain,b0,b1,y11,y10,b0,b1,y11,y10,,116.034216,,,,362.235886,,
30,NVIPHDIGDPDDETWLR,NVIPHDIGDPDDEPWLR,P to T,0,0.331,3,S2,Brain,b0,b1,y18,y17,b0,b1,y18,y17,,419.257356,,,,419.257356,,
31,ELIVDAEDTAIR,ELIVDAEDTWIR,W to A,1,0.332,2,S2,Brain,b1,b2,y12,y11,b1,b2,y12,y11,434.25701599999996,547.341076,,1215.657911,434.25701599999996,547.341076,,1330.700111
32,PSVDELFAEIVR,ASVDELFAEIVR,A to P,0,0.5,2,S2,Brain,b0,b1,y13,y12,b0,b1,y13,y12,,,,,,376.251536,,
33,VPDGQISTEVSEAPVASDKPK,VADGQISTEVSEAPVASDKPK,A to P,1,0.5,3,S2,Brain,b1,b2,y21,y20,b1,b2,y21,y20,,197.128446,,,404.28283600000003,475.319946,,
34,NQYDNDVTQWSPQGR,NQYDNDVTVWSPQGR,V to Q,0,0.146,2,S2,Brain,b0,b1,y16,y15,b0,b1,y16,y15,,419.257356,,,,419.257356,,
35,TVNDLEDSYGQQWNYEQR,TVNDLEDSYGQQWTYEQR,T to N,4,0.011,2,S2,Brain,b4,b5,y15,y14,b4,b5,y15,y14,734.400386,847.4844459999999,,,734.400386,847.4844459999999,1917.824951,1802.798011
36,QGQDVPPPPNPGDQIFNK,QGQDVAPPPNPGDQIFNK,A to P,5,0.167,2,S2,Brain,b5,b6,y14,y13,b5,b6,y14,y13,,625.2940060000001,,,832.448396,903.485506,,
37,TTTNEELEDMLEGGK,TTTNEELEDMLESGK,S to G,2,0.14,2,S2,Brain,b2,b3,y14,y13,b2,b3,y14,y13,507.309786,608.357466,,,507.309786,608.357466,,1798.8699609999999
38,AAPPDLQDEPLSLGSTGSQWFGGR,AAPPDLQDEPLSLGSPGSQWFGGR,P to T,0,0.196,2,S2,Brain,b0,b1,y25,y24,b0,b1,y25,y24,,,,,,,,
39,DMEDLIPLVNR,GMEDLIPLVNR,G to D,0,0.5,2,S2,Brain,b0,b1,y12,y11,b0,b1,y12,y11,,,,,,362.235886,,
40,PTLTPEEEAR,VTLTPEEEAR,V to P,0,0.991,2,S2,Brain,b0,b1,y11,y10,b0,b1,y11,y10,,402.267186,,,,404.28283600000003,,
41,TVEIDGEK,TVEIEGEK,E to D,0,1.0,2,S2,Brain,b0,b1,y9,y8,b0,b1,y9,y8,,406.262106,,,,406.262106,,
42,TVEIDGEK,TVEIEGEK,E to D,0,1.0,2,S2,Brain,b0,b1,y9,y8,b0,b1,y9,y8,,406.262106,,,,406.262106,,
43,LVDALGNAIDGK,VVDALGNAIDGK,V to I/L,0,0.5,2,S2,Brain,b0,b1,y13,y12,b0,b1,y13,y12,,,,,,404.28283600000003,,
44,VPPEEHPVLLTEAPLNPK,VAPEEHPVLLTEAPLNPK,A to P,1,0.5,3,S2,Brain,b1,b2,y18,y17,b1,b2,y18,y17,,197.128446,,,404.28283600000003,475.319946,,
45,PNADEVGGEALGR,VNADEVGGEALGR,V to P,0,0.995,2,S2,Brain,b0,b1,y14,y13,b0,b1,y14,y13,,402.267186,,,,404.28283600000003,,
46,WNNDNTLGTEITVEDQLAR,WNTDNTLGTEITVEDQLAR,T to N,2,0.249,3,S2,Brain,b2,b3,y18,y17,b2,b3,y18,y17,,719.379596,,,605.336666,706.384346,,1875.929401
47,ASEDFVDTWTVR,ASEDFVDPWTVR,P to T,0,0.49,2,S2,Brain,b0,b1,y13,y12,b0,b1,y13,y12,,376.251536,,,,376.251536,,
48,ASEDFVDTWTVR,ASEDFVDPWTVR,P to T,0,0.292,2,S2,Brain,b0,b1,y13,y12,b0,b1,y13,y12,,376.251536,,,,376.251536,,
49,DFNDSQLQEGK,DFTDSQLQEGK,T to N,2,0.166,2,S2,Brain,b2,b3,y10,y9,b2,b3,y10,y9,567.309776,,,,567.309776,668.3574560000001,1456.760281,1309.691871
50,EEAGLPAAGEDENSWTER,EEAGLPAAGEDETSWTER,T to N,0,0.324,2,S2,Brain,b0,b1,y19,y18,b0,b1,y19,y18,,434.25701599999996,,,,434.25701599999996,,
51,TETDEAYKDPSNLQGK,TATDEAYKDPSNLQGK,A to E,1,0.493,2,S2,Brain,b1,b2,y16,y15,b1,b2,y16,y15,,231.09754599999997,,,406.262106,477.299216,,
52,ANTDNTLGTEITVEDQLAR,WNTDNTLGTEITVEDQLAR,W to A,0,0.489,2,S2,Brain,b0,b1,y20,y19,b0,b1,y20,y19,,376.251536,,,,491.293736,,
53,PDDGRPFPQVIK,ADDGRPFPQVIK,A to P,0,0.5,3,S2,Brain,b0,b1,y13,y12,b0,b1,y13,y12,,,,,,376.251536,,
54,DAVDYTEHAK,DAVTYTEHAK,T to D,0,0.013,3,S2,Brain,b0,b1,y11,y10,b0,b1,y11,y10,,420.241366,,,,420.241366,,
55,PGQVFLEELGNHK,AGQVFLEELGNHK,A to P,0,0.333,3,S2,Brain,b0,b1,y14,y13,b0,b1,y14,y13,,,,,,376.251536,,
56,REELITNDEQIR,REELITNWEQIR,W to D,0,0.996,3,S2,Brain,b0,b1,y13,y12,b0,b1,y13,y12,,,,,,461.315536,,
57,SPDTLWDIQK,SADTLWDIQK,A to P,1,0.5,2,S2,Brain,b1,b2,y10,y9,b1,b2,y10,y9,,185.092066,,,392.246456,463.283566,,
58,DVEDEETDIR,DVEDEETWIR,W to D,0,0.992,2,S2,Brain,b0,b1,y11,y10,b0,b1,y11,y10,,420.241366,,,,420.241366,,
59,QVELALWDNAGQEDYDR,QVELALWDTAGQEDYDR,T to N,2,0.328,3,S2,Brain,b2,b3,y16,y15,b2,b3,y16,y15,532.3414160000001,661.384006,,,532.3414160000001,661.384006,1880.866061,
60,GLEGTWERPPPLDEPQR,GLEGPWERPPPLDEPQR,P to T,1,0.325,3,S2,Brain,b1,b2,y17,y16,b1,b2,y17,y16,362.235886,475.319946,,,362.235886,475.319946,,1915.9660410000001
61,QVELALWDNAGQEDYDR,QVELALWDTAGQEDYDR,T to N,2,0.332,3,S2,Brain,b2,b3,y16,y15,b2,b3,y16,y15,532.3414160000001,661.384006,,,532.3414160000001,661.384006,1880.866061,
62,VPPEEHPVLLTEAPLNPK,VAPEEHPVLLTEAPLNPK,A to P,1,0.5,3,S2,Brain,b1,b2,y18,y17,b1,b2,y18,y17,,197.128446,,,404.28283600000003,475.319946,,
63,QVELALWDNAGQEDYDR,QVELALWDTAGQEDYDR,T to N,2,0.33,3,S2,Brain,b2,b3,y16,y15,b2,b3,y16,y15,532.3414160000001,661.384006,,,532.3414160000001,661.384006,1880.866061,
64,VPPEEHPVLLTEAPLNPK,VAPEEHPVLLTEAPLNPK,A to P,1,0.5,3,S2,Brain,b1,b2,y18,y17,b1,b2,y18,y17,,197.128446,,,404.28283600000003,475.319946,,
65,DPEGILEDLQSYR,DAEGILEDLQSYR,A to P,1,0.5,2,S2,Brain,b1,b2,y13,y12,b1,b2,y13,y12,,213.086976,,,420.241366,491.278476,,1393.6957610000002
66,DPVLNAWAEDVDLR,DAVLNAWAEDVDLR,A to P,1,0.5,2,S2,Brain,b1,b2,y14,y13,b1,b2,y14,y13,,213.086976,,,420.241366,491.278476,,1471.753931
67,DPVLNAWAEDVDLR,DAVLNAWAEDVDLR,A to P,1,0.5,2,S2,Brain,b1,b2,y14,y13,b1,b2,y14,y13,,213.086976,,,420.241366,491.278476,,1471.753931
68,AAESSAMAAAEK,AAESSAMAATEK,T to A,2,0.067,2,S2,Brain,b2,b3,y11,y10,b2,b3,y11,y10,447.288646,576.331236,,,447.288646,576.331236,1399.705801,1328.668691
69,DAVLNAAAEDVDLR,DAVLNAWAEDVDLR,W to A,1,0.33,2,S2,Brain,b1,b2,y14,y13,b1,b2,y14,y13,420.241366,491.278476,,1356.711731,420.241366,491.278476,,1471.753931
70,EMNDAAMFYDNR,EMNDAAMFYTNR,T to D,2,0.01,2,S2,Brain,b2,b3,y11,y10,b2,b3,y11,y10,581.292406,,,1216.505141,565.2975060000001,679.3404360000001,1333.5663710000001,1202.525881
71,DAVLNADAEDVDLR,DAVLNAWAEDVDLR,W to D,1,0.499,2,S2,Brain,b1,b2,y14,y13,b1,b2,y14,y13,420.241366,491.278476,,,420.241366,491.278476,,1471.753931
72,PGAESDGQFQFTGIK,AGAESDGQFQFTGIK,A to P,0,0.333,2,S2,Brain,b0,b1,y16,y15,b0,b1,y16,y15,,,,,,376.251536,,
73,ADGNNQDGVVASQPAR,AWGNNQDGVVASQPAR,W to D,0,0.993,2,S2,Brain,b0,b1,y17,y16,b0,b1,y17,y16,,376.251536,,,,376.251536,,
74,SWGNNQDGVVASQPAR,AWGNNQDGVVASQPAR,A to S,0,0.99,2,S2,Brain,b0,b1,y17,y16,b0,b1,y17,y16,,,,,,376.251536,,
75,EVSEQMLNVQNK,EVDEQMLNVQNK,D to S,0,0.987,2,S2,Brain,b0,b1,y13,y12,b0,b1,y13,y12,,434.25701599999996,,,,434.25701599999996,,
76,NYELPDGQVITIGNER,SYELPDGQVITIGNER,S to N,0,0.977,2,S2,Brain,b0,b1,y17,y16,b0,b1,y17,y16,,115.050206,,,,392.246456,,
77,QVELALDDTAGQEDYDR,QVELALWDTAGQEDYDR,W to D,0,0.991,2,S2,Brain,b0,b1,y18,y17,b0,b1,y18,y17,,433.273006,,,,433.273006,,
78,GDGGVDTAAVGGVFDVSNADR,GTGGVDTAAVGGVFDVSNADR,T to D,1,0.5,2,S2,Brain,b1,b2,y21,y20,b1,b2,y21,y20,,477.26282599999996,,,362.235886,463.283566,,1907.9093110000001
79,GDGGVDTAAVGGVFDVSNADR,GTGGVDTAAVGGVFDVSNADR,T to D,1,0.5,2,S2,Brain,b1,b2,y21,y20,b1,b2,y21,y20,,477.26282599999996,,,362.235886,463.283566,,1907.9093110000001
80,PGEASAESTGAADGAAPEEGEAK,AGEASAESTGAADGAAPEEGEAK,A to P,0,0.499,2,S2,Brain,b0,b1,y24,y23,b0,b1,y24,y23,,,,,,376.251536,,
81,PREEYPDR,IREEYPDR,I to P,0,0.963,3,S2,Brain,b0,b1,y9,y8,b0,b1,y9,y8,,402.267186,,,,418.29848599999997,,
82,PVFPSIVGR,AVFPSIVGR,A to P,0,0.5,2,S2,Brain,b0,b1,y10,y9,b0,b1,y10,y9,,,,,,376.251536,,
83,YLADASTMDHAR,YLATASTMDHAR,T to D,3,0.029,3,S2,Brain,b3,b4,y10,y9,b3,b4,y10,y9,652.3989260000001,767.425866,,,652.3989260000001,753.446606,1060.484011,989.4469010000001
84,NLDIERPDYTNLNR,NLDIERPTYTNLNR,T to D,0,0.496,3,S2,Brain,b0,b1,y15,y14,b0,b1,y15,y14,,419.257356,,,,419.257356,,
85,DDGILDSIGR,DTGILDSIGR,T to D,1,0.022,2,S2,Brain,b1,b2,y10,y9,b1,b2,y10,y9,,535.268306,,,420.241366,521.2890460000001,,931.520701
86,IAGDYVSEETWYR,IAGDYVSEEVWYR,V to T,0,0.272,2,S2,Brain,b0,b1,y14,y13,b0,b1,y14,y13,,418.29848599999997,,,,418.29848599999997,,
87,ESEPFAVIGSNTVVEAK,ESAPFAVIGSNTVVEAK,A to E,2,0.199,2,S2,Brain,b2,b3,y16,y15,b2,b3,y16,y15,,388.135086,,,521.2890460000001,592.3261560000001,,
88,GDGGVDTAATGSVFDISNLDR,GTGGVDTAATGSVFDISNLDR,T to D,1,0.5,2,S2,Brain,b1,b2,y21,y20,b1,b2,y21,y20,,477.26282599999996,,,362.235886,463.283566,,
89,PGEASAESTGAADGAAPEEGEAK,AGEASAESTGAADGAAPEEGEAK,A to P,0,0.499,2,S2,Brain,b0,b1,y24,y23,b0,b1,y24,y23,,,,,,376.251536,,
90,AGDLPDRDDWK,AGDLPDRDTWK,T to D,0,0.073,3,S2,Brain,b0,b1,y12,y11,b0,b1,y12,y11,,376.251536,,,,376.251536,,
91,GAVNEVK,GAVTEVK,T to N,0,0.998,2,S2,Brain,b0,b1,y8,y7,b0,b1,y8,y7,,,,,,362.235886,,
92,DTAGDTHLGGEDFDNR,ATAGDTHLGGEDFDNR,A to D,0,0.5,3,S2,Brain,b0,b1,y17,y16,b0,b1,y17,y16,,420.241366,,,,376.251536,,
93,DNDILGK,DSDILGK,S to N,0,0.994,2,S2,Brain,b0,b1,y8,y7,b0,b1,y8,y7,,420.241366,,,,420.241366,,
94,PEGAGTEEEGTPK,AEGAGTEEEGTPK,A to P,0,0.5,2,S2,Brain,b0,b1,y14,y13,b0,b1,y14,y13,,,,,,376.251536,,
95,MLDAEDIVVTARPDEK,MLDAEDIVNTARPDEK,N to V,0,0.332,3,S2,Brain,b0,b1,y17,y16,b0,b1,y17,y16,,436.25491600000004,,,,436.25491600000004,,
96,MLDAEDIVVTARPDEK,MLDAEDIVNTARPDEK,N to V,0,0.307,3,S2,Brain,b0,b1,y17,y16,b0,b1,y17,y16,,436.25491600000004,,,,436.25491600000004,,
97,DHYTEGAELVDSVLDVVR,GHYTEGAELVDSVLDVVR,G to D,0,0.25,3,S2,Brain,b0,b1,y19,y18,b0,b1,y19,y18,,,,,,362.235886,,
98,TDGFQLHTNVNDGTEFGGSIYQK,TDEFQLHTNVNDGTEFGGSIYQK,E to G,2,0.333,3,S2,Brain,b2,b3,y22,y21,b2,b3,y22,y21,521.2890460000001,578.310506,,,521.2890460000001,650.3316360000001,,
99,VDKGVVPLAGTDGETTTQGLDGSLER,VDKGVVPLAGTDGETTTQGLDGLLER,L to S,1,0.023,3,S2,Brain,b1,b2,y26,y25,b1,b2,y26,y25,404.28283600000003,519.309776,,,404.28283600000003,519.309776,,
100,VDINYQPPTVVPGGDLAK,VGINYQPPTVVPGGDLAK,G to D,1,0.491,2,S2,Brain,b1,b2,y18,y17,b1,b2,y18,y17,,215.102626,,,404.28283600000003,461.30429599999997,,
101,FWETISDEHGIDPSGNYVGDSDLQLER,FWEVISDEHGIDPSGNYVGDSDLQLER,V to T,3,0.012,3,S2,Brain,b3,b4,y25,y24,b3,b4,y25,y24,,,,,767.404736,866.473146,,
102,TTDIVMDSGDGVTHTVPIYEGYALPHAILR,TTGIVMDSGDGVTHTVPIYEGYALPHAILR,G to D,2,0.332,3,S2,Brain,b2,b3,y29,y28,b2,b3,y29,y28,,318.129576,,,507.309786,564.3312460000001,,
103,EPTESFASDPILYRPVAVALDTK,EATESFASDPILYRPVAVALDTK,A to P,1,0.5,3,S2,Brain,b1,b2,y23,y22,b1,b2,y23,y22,,227.102626,,,434.25701599999996,505.294126,,
104,DGPNALTPPPTTTEWVK,DGPNALTPPPTTPEWVK,P to T,0,0.33,2,S2,Brain,b0,b1,y18,y17,b0,b1,y18,y17,,420.241366,,,,420.241366,,
105,DGPNALTPPPTDPEWVK,DGPNALTPPPTTPEWVK,T to D,0,0.247,2,S2,Brain,b0,b1,y18,y17,b0,b1,y18,y17,,420.241366,,,,420.241366,,
106,TAGAQVVLTDQELQLWTSDLDKPSASEGLPPGSR,TAGAQVVLTDQELQLWPSDLDKPSASEGLPPGSR,P to T,2,0.013,3,S2,Brain,b2,b3,y33,y32,b2,b3,y33,y32,477.299216,534.320676,,,477.299216,534.320676,,
107,TIWDGQK,TIWDGSK,S to Q,0,1.0,2,S2,Brain,b0,b1,y8,y7,b0,b1,y8,y7,,406.262106,,,,406.262106,,
108,QGVDDAFYTLVR,QGVEDAFYTLVR,E to D,0,1.0,2,S2,Brain,b0,b1,y13,y12,b0,b1,y13,y12,,433.273006,,,,433.273006,,
109,DKPTYDEIFYTLSPVDGK,DKPMYDEIFYTLSPVDGK,M to T,1,0.488,3,S2,Brain,b1,b2,y18,y17,b1,b2,y18,y17,420.241366,852.543476,,,420.241366,852.543476,,
110,TIWDGQK,TIWDGSK,S to Q,0,0.996,2,S2,Brain,b0,b1,y8,y7,b0,b1,y8,y7,,406.262106,,,,406.262106,,
111,PDDPTMGEGPDK,ADDPTMGEGPDK,A to P,0,0.496,2,S2,Brain,b0,b1,y13,y12,b0,b1,y13,y12,,,,,,376.251536,,
112,LLVVYPDTQR,LLVVYPWTQR,W to D,1,0.988,2,S2,Brain,b1,b2,y10,y9,b1,b2,y10,y9,418.29848599999997,531.382546,,1090.5891210000002,418.29848599999997,531.382546,,1161.641491
113,LLVVYTWTQR,LLVVYPWTQR,P to T,0,0.5,2,S2,Brain,b0,b1,y11,y10,b0,b1,y11,y10,,418.29848599999997,,,,418.29848599999997,,
114,PDNSSLTGESEPQTR,VDNSSLTGESEPQTR,V to P,0,0.986,2,S2,Brain,b0,b1,y16,y15,b0,b1,y16,y15,,402.267186,,,,404.28283600000003,,
115,VDKGVVPLAGTDGETTTQGLDGLSER,VDKGVVPLAGTDGETTTQGLDGLLER,L to S,0,0.975,3,S2,Brain,b0,b1,y27,y26,b0,b1,y27,y26,,404.28283600000003,,,,404.28283600000003,,
116,TTNDLEDSYGQEDTYEQR,TTNDLEDSYGQEWTYEQR,W to D,1,0.956,2,S2,Brain,b1,b2,y18,y17,b1,b2,y18,y17,406.262106,,,,406.262106,507.309786,,
117,GVVPLAGTDGETTTQGLDGLSER,GVVPLAGTDGETTTQGLDGLLER,L to S,0,0.983,2,S2,Brain,b0,b1,y24,y23,b0,b1,y24,y23,,362.235886,,,,362.235886,,
118,EDMAALEKDYEEVGVDSVEGEGEEEGEEE,EDMAALEKDYEEVGVDSVEGEGEEEGEEY,Y to E,12,0.077,3,S2,Brain,b12,b13,y18,y17,b12,b13,y18,y17,2033.0028759999998,2132.071286,,,2033.0028759999998,2132.071286,,
119,EDMAALEKDYEEVGVDSVEGEGEEEGEEE,EDMAALEKDYEEVGVDSVEGEGEEEGEEY,Y to E,9,0.1,3,S2,Brain,b9,b10,y21,y20,b9,b10,y21,y20,1611.854366,1774.9176960000002,,,1611.854366,1774.9176960000002,,
120,PLVLDDTNHER,VLVLDDTNHER,V to P,0,0.997,3,S2,Brain,b0,b1,y12,y11,b0,b1,y12,y11,,402.267186,,,,404.28283600000003,,
121,PDFSEAYK,ADFSEAYK,A to P,0,0.5,2,S2,Brain,b0,b1,y9,y8,b0,b1,y9,y8,,,,,,376.251536,,
122,IDGHGAEYGAEALER,IGGHGAEYGAEALER,G to D,1,0.361,3,S2,Brain,b1,b2,y15,y14,b1,b2,y15,y14,,229.11827599999998,,,418.29848599999997,475.319946,,1416.650191
123,AAFAGDDAPR,AGFAGDDAPR,G to A,1,0.478,2,S2,Brain,b1,b2,y10,y9,b1,b2,y10,y9,,447.288646,,,376.251536,433.272996,,905.411141
124,PYGENIGYSEK,AYGENIGYSEK,A to P,0,0.5,2,S2,Brain,b0,b1,y12,y11,b0,b1,y12,y11,,,,,,376.251536,,
125,PYGENIGYSEK,AYGENIGYSEK,A to P,0,0.5,2,S2,Brain,b0,b1,y12,y11,b0,b1,y12,y11,,,,,,376.251536,,
126,LLVVYTWTQR,LLVVYPWTQR,P to T,0,0.2,2,S2,Brain,b0,b1,y11,y10,b0,b1,y11,y10,,418.29848599999997,,,,418.29848599999997,,
127,LLVVYTWTQR,LLVVYPWTQR,P to T,0,0.2,2,S2,Brain,b0,b1,y11,y10,b0,b1,y11,y10,,418.29848599999997,,,,418.29848599999997,,
128,PNADEVGGEALGR,VNADEVGGEALGR,V to P,0,0.992,2,S2,Brain,b0,b1,y14,y13,b0,b1,y14,y13,,402.267186,,,,404.28283600000003,,
129,VNTDEVGGEALGR,VNADEVGGEALGR,A to T,0,0.992,2,S2,Brain,b0,b1,y14,y13,b0,b1,y14,y13,,404.28283600000003,,,,404.28283600000003,,
130,LLVVYPWNQR,LLVVYPWTQR,T to N,2,0.249,2,S2,Brain,b2,b3,y9,y8,b2,b3,y9,y8,531.382546,630.4509560000001,,1061.5526810000001,531.382546,630.4509560000001,1161.641491,1048.5574310000002
131,PILVDLEPGTMDSVR,AILVDLEPGTMDSVR,A to P,0,0.5,2,S2,Brain,b0,b1,y16,y15,b0,b1,y16,y15,,,,,,376.251536,,
132,DILVDLEPGTMDSVR,AILVDLEPGTMDSVR,A to D,0,0.5,2,S2,Brain,b0,b1,y16,y15,b0,b1,y16,y15,,,,,,376.251536,,
133,DVEDEILDVGER,DVEDEILWVGER,W to D,0,0.999,2,S2,Brain,b0,b1,y13,y12,b0,b1,y13,y12,,420.241366,,,,420.241366,,
134,DILVDLEPGTMDSVR,AILVDLEPGTMDSVR,A to D,0,0.5,2,S2,Brain,b0,b1,y16,y15,b0,b1,y16,y15,,,,,,376.251536,,
135,NEWEAATPAVAETPDIK,TEWEAATPAVAETPDIK,T to N,0,0.332,2,S2,Brain,b0,b1,y18,y17,b0,b1,y18,y17,,,,,,,,
136,NEWEAATPAVAETPDIK,TEWEAATPAVAETPDIK,T to N,0,0.333,2,S2,Brain,b0,b1,y18,y17,b0,b1,y18,y17,,,,,,,,
137,NEWEAATPAVAETPDIK,TEWEAATPAVAETPDIK,T to N,0,0.332,2,S2,Brain,b0,b1,y18,y17,b0,b1,y18,y17,,,,,,,,
138,SPADIIALAR,SAADIIALAR,A to P,1,0.5,2,S2,Brain,b1,b2,y10,y9,b1,b2,y10,y9,,185.092066,,,392.246456,463.283566,,913.546511
139,DLHWTEEEFGK,DLHWPEEEFGK,P to T,4,0.011,3,S2,Brain,b4,b5,y8,y7,b4,b5,y8,y7,,957.511326,1329.664581,,856.4636459999999,953.516406,1325.6696610000001,1139.590351
140,DLHWTEEEFGK,DLHWPEEEFGK,P to T,1,0.135,3,S2,Brain,b1,b2,y11,y10,b1,b2,y11,y10,420.241366,533.3254260000001,,,420.241366,533.3254260000001,,
141,SGFAGDDAPR,AGFAGDDAPR,A to S,0,0.993,2,S2,Brain,b0,b1,y11,y10,b0,b1,y11,y10,,392.246456,,,,376.251536,,
142,SGFAGDDAPR,AGFAGDDAPR,A to S,0,0.981,2,S2,Brain,b0,b1,y11,y10,b0,b1,y11,y10,,392.246456,,,,376.251536,,
143,DPDETKEWIEEK,DADETKEWIEEK,A to P,1,0.5,3,S2,Brain,b1,b2,y12,y11,b1,b2,y12,y11,,213.086976,,,420.241366,491.278476,,
144,AAGAEEYAQQEPVKR,AAGAEEYAQQEVVKR,V to P,1,0.094,3,S2,Brain,b1,b2,y15,y14,b1,b2,y15,y14,376.251536,447.288646,,1879.983281,376.251536,447.288646,,1881.998931
145,PDDPTMGEGPDK,ADDPTMGEGPDK,A to P,0,0.498,2,S2,Brain,b0,b1,y13,y12,b0,b1,y13,y12,,,,,,376.251536,,
146,PVFVDLEPTVIDEVR,AVFVDLEPTVIDEVR,A to P,0,0.5,2,S2,Brain,b0,b1,y16,y15,b0,b1,y16,y15,,,,,,376.251536,,
147,PSLYNAVTTEDVEK,ASLYNAVTTEDVEK,A to P,0,0.2,2,S2,Brain,b0,b1,y15,y14,b0,b1,y15,y14,,,,,,376.251536,,
148,PSAELALGENNEVLK,ASAELALGENNEVLK,A to P,0,0.332,2,S2,Brain,b0,b1,y16,y15,b0,b1,y16,y15,,,,,,376.251536,,
149,DADDAVYELDSK,DADDAVYELDGK,G to S,0,0.993,2,S2,Brain,b0,b1,y13,y12,b0,b1,y13,y12,,420.241366,,,,420.241366,,
150,TPFDDAIAELDTLNEDSYK,TAFDDAIAELDTLNEDSYK,A to P,1,0.495,2,S2,Brain,b1,b2,y19,y18,b1,b2,y19,y18,,199.10771599999998,,,406.262106,477.299216,,
151,EPYPGDVFYLHSR,EAYPGDVFYLHSR,A to P,1,0.5,3,S2,Brain,b1,b2,y13,y12,b1,b2,y13,y12,,227.102626,,,434.25701599999996,505.294126,,1424.695701
152,DPTNNVHYENYR,DVTNNVHYENYR,V to P,1,0.5,3,S2,Brain,b1,b2,y12,y11,b1,b2,y12,y11,420.241366,517.294126,,,420.241366,519.309776,,1408.660401
153,PMDTLGVEYGDKER,AMDTLGVEYGDKER,A to P,0,0.5,3,S2,Brain,b0,b1,y15,y14,b0,b1,y15,y14,,,,,,376.251536,,
154,EPAENSLVAYK,EAAENSLVAYK,A to P,1,0.499,2,S2,Brain,b1,b2,y11,y10,b1,b2,y11,y10,,227.102626,,,434.25701599999996,505.294126,,1369.764631
155,EPAENSLVAYK,EAAENSLVAYK,A to P,1,0.5,2,S2,Brain,b1,b2,y11,y10,b1,b2,y11,y10,,227.102626,,,434.25701599999996,505.294126,,1369.764631
156,EEAENSLVAYK,EAAENSLVAYK,A to E,1,0.498,2,S2,Brain,b1,b2,y11,y10,b1,b2,y11,y10,,301.103056,,,434.25701599999996,505.294126,,1369.764631
157,DVTEQGAELSNEER,AVTEQGAELSNEER,A to D,0,0.5,2,S2,Brain,b0,b1,y15,y14,b0,b1,y15,y14,,,,,,376.251536,,
158,VNVDEVGGEALGR,VNADEVGGEALGR,A to V,0,1.0,2,S2,Brain,b0,b1,y14,y13,b0,b1,y14,y13,,404.28283600000003,,,,404.28283600000003,,
159,LSELDDRPDALQAGASQFETSAAK,LSELDDRADALQAGASQFETSAAK,A to P,7,0.111,3,S2,Brain,b7,b8,y18,y17,b7,b8,y18,y17,,,,,1133.6121560000001,,2126.116081,
160,PILVDLEPGTMDSVR,AILVDLEPGTMDSVR,A to P,0,0.5,2,S2,Brain,b0,b1,y16,y15,b0,b1,y16,y15,,,,,,376.251536,,
161,EPFQNAYLELGGLGER,EAFQNAYLELGGLGER,A to P,1,0.5,2,S2,Brain,b1,b2,y16,y15,b1,b2,y16,y15,,227.102626,,,434.25701599999996,505.294126,,1637.8281610000001
162,PDALQAGASQFETSAAK,ADALQAGASQFETSAAK,A to P,0,0.499,2,S2,Brain,b0,b1,y18,y17,b0,b1,y18,y17,,,,,,376.251536,,
163,PDALQAGASQFETSAAK,ADALQAGASQFETSAAK,A to P,0,0.498,2,S2,Brain,b0,b1,y18,y17,b0,b1,y18,y17,,,,,,376.251536,,
164,ALFVDLEPTVIDEVR,AVFVDLEPTVIDEVR,V to I/L,1,0.494,2,S2,Brain,b1,b2,y15,y14,b1,b2,y15,y14,,,,,376.251536,475.319946,,1630.868621
165,PVFVDLEPTVIDEIR,AVFVDLEPTVIDEIR,A to P,0,0.5,2,S2,Brain,b0,b1,y16,y15,b0,b1,y16,y15,,,,,,376.251536,,
166,EILVDLEPGTMDSVR,AILVDLEPGTMDSVR,A to E,0,0.5,2,S2,Brain,b0,b1,y16,y15,b0,b1,y16,y15,,172.06046599999996,,,,376.251536,,
167,SDEAPAASDSKPSSAEPAPSSK,SDAAPAASDSKPSSAEPAPSSK,A to E,2,0.181,2,S2,Brain,b2,b3,y21,y20,b2,b3,y21,y20,,332.108836,,,507.273396,578.310506,,
168,NQEEYVLSYEPVNQQEVNYTR,GQEEYVLSYEPVNQQEVNYTR,G to N,0,0.498,2,S2,Brain,b0,b1,y22,y21,b0,b1,y22,y21,,,,,,362.235886,,
0,GDHGGAGANTAR,GDHGGAGANTWR,W to A,2,0.95,3,S3,Heart,b2,b3,y11,y10,b2,b3,y11,y10,477.26282599999996,614.3217360000001,,911.4441810000001,477.26282599999996,614.3217360000001,1141.5133210000001,1026.486381
1,GDHGGAGANTNR,GDHGGAGANTWR,W to N,2,0.332,3,S3,Heart,b2,b3,y11,y10,b2,b3,y11,y10,,614.3217360000001,,954.450001,477.26282599999996,614.3217360000001,1141.5133210000001,1026.486381
2,GDHGGAGANTDR,GDHGGAGANTWR,W to D,1,0.837,3,S3,Heart,b1,b2,y12,y11,b1,b2,y12,y11,,,,,,477.26282599999996,,1141.5133210000001
3,GDHGGAGANNWR,GDHGGAGANTWR,T to N,1,0.332,3,S3,Heart,b1,b2,y12,y11,b1,b2,y12,y11,362.235886,477.26282599999996,,,,477.26282599999996,,1141.5133210000001
4,SGFAGDDAPR,AGFAGDDAPR,A to S,0,0.993,2,S3,Heart,b0,b1,y11,y10,b0,b1,y11,y10,,392.246456,,,,376.251536,,
5,FFQEEVIPHHTEDEK,FFQEEVIPHHTEWEK,W to D,0,0.981,4,S3,Heart,b0,b1,y16,y15,b0,b1,y16,y15,,452.28283600000003,,,,452.28283600000003,,
6,FFQEEVIPHHNEWEK,FFQEEVIPHHTEWEK,T to N,0,0.332,4,S3,Heart,b0,b1,y16,y15,b0,b1,y16,y15,,452.28283600000003,,,,452.28283600000003,,
7,ITDSNPPAQGAR,ITWSNPPAQGAR,W to D,0,1.0,2,S3,Heart,b0,b1,y13,y12,b0,b1,y13,y12,,418.29848599999997,,,,418.29848599999997,,
8,EEGPSAFNK,EEGPSAFWK,W to N,0,1.0,2,S3,Heart,b0,b1,y10,y9,b0,b1,y10,y9,,434.25701599999996,,,,434.25701599999996,,
9,HPNGTQETILLNHTFNETQIENFR,HPNGTQETILLNHTFNETQIEWFR,W to N,1,0.958,4,S3,Heart,b1,b2,y24,y23,b1,b2,y24,y23,442.27333600000003,,,,442.27333600000003,539.326096,,
10,DFNDNLEK,DFWDNLEK,W to N,0,0.999,2,S3,Heart,b0,b1,y9,y8,b0,b1,y9,y8,,420.241366,,,,420.241366,,
11,INWSNPPAQGAR,ITWSNPPAQGAR,T to N,1,0.018,2,S3,Heart,b1,b2,y12,y11,b1,b2,y12,y11,418.29848599999997,,,1197.575931,418.29848599999997,519.346166,,1184.5806810000001
12,GAGSIAGASASPK,GAGAIAGASASPK,A to S,0,0.997,2,S3,Heart,b0,b1,y14,y13,b0,b1,y14,y13,,362.235886,,,,362.235886,,
13,ANWTFGDQVLEEGDRVK,ATWTFGDQVLEEGDRVK,T to N,1,0.017,3,S3,Heart,b1,b2,y17,y16,b1,b2,y17,y16,376.251536,,,,376.251536,477.299216,,2184.125581
14,SLNPELGTDADKEQNK,SLNPELGTDADKEQWK,W to N,1,0.491,3,S3,Heart,b1,b2,y16,y15,b1,b2,y16,y15,392.246456,505.330516,,,392.246456,505.330516,,
15,TTGIVLDSGDGVTHNVPIYEGYALQHAIMR,TTGIVLDSGDGVTHNVPIYEGYALPHAIMR,P to Q,1,0.161,4,S3,Heart,b1,b2,y30,y29,b1,b2,y30,y29,406.262106,507.309786,,,406.262106,507.309786,,
16,TTGIVLDSGDGVTHNVPIYEGYALQHAIMR,TTGIVLDSGDGVTHNVPIYEGYALPHAIMR,P to Q,0,0.166,4,S3,Heart,b0,b1,y31,y30,b0,b1,y31,y30,,406.262106,,,,406.262106,,
17,VAPAPAAAPAAAPAAAPEPERPK,AAPAPAAAPAAAPAAAPEPERPK,A to V,0,0.496,3,S3,Heart,b0,b1,y24,y23,b0,b1,y24,y23,,404.28283600000003,,,,376.251536,,
18,IDEGDLSQLTASIR,ITEGDLSQLTASIR,T to D,1,0.494,2,S3,Heart,b1,b2,y14,y13,b1,b2,y14,y13,,533.3254260000001,,,418.29848599999997,519.346166,,1390.717231
19,TSEGSNEPFASGK,TSEGSWEPFASGK,W to N,1,0.949,2,S3,Heart,b1,b2,y13,y12,b1,b2,y13,y12,406.262106,493.29413600000004,,,406.262106,493.29413600000004,,1585.781731
20,GGAEVQIFAPDVDQMHVIDHTK,GGAEVQIFAPDVPQMHVIDHTK,P to D,1,0.2,3,S3,Heart,b1,b2,y22,y21,b1,b2,y22,y21,362.235886,,,,362.235886,419.257346,,
21,GGAEVQIFAPDVPQMHVIDDTK,GGAEVQIFAPDVPQMHVIDHTK,H to D,0,0.995,3,S3,Heart,b0,b1,y23,y22,b0,b1,y23,y22,,,,,,362.235886,,
22,GGAEVQIFAPDVPQMNVIDHTK,GGAEVQIFAPDVPQMHVIDHTK,H to N,4,0.166,3,S3,Heart,b4,b5,y19,y18,b4,b5,y19,y18,619.3370460000001,718.405456,,,619.3370460000001,718.405456,,
23,DLEEATLQDEATAAALR,DLEEATLQHEATAAALR,H to D,0,0.985,2,S3,Heart,b0,b1,y18,y17,b0,b1,y18,y17,,420.241366,,,,420.241366,,
24,ELDSITPDITPGNK,ELDSITPDITPGWK,W to N,0,0.996,2,S3,Heart,b0,b1,y15,y14,b0,b1,y15,y14,,434.25701599999996,,,,434.25701599999996,,
25,DLEEATLQNEATAAALR,DLEEATLQHEATAAALR,H to N,0,0.996,2,S3,Heart,b0,b1,y18,y17,b0,b1,y18,y17,,420.241366,,,,420.241366,,
26,ELDSITPDITPGDK,ELDSITPDITPGWK,W to D,2,0.868,2,S3,Heart,b2,b3,y13,y12,b2,b3,y13,y12,547.341076,662.3680160000001,,,547.341076,662.3680160000001,,
27,DLEEATLQDEATAAALR,DLEEATLQHEATAAALR,H to D,0,0.995,2,S3,Heart,b0,b1,y18,y17,b0,b1,y18,y17,,420.241366,,,,420.241366,,
28,LTQEGIMDLENDKLQLEEK,LTQESIMDLENDKLQLEEK,S to G,1,0.198,3,S3,Heart,b1,b2,y19,y18,b1,b2,y19,y18,,,,,418.29848599999997,519.346166,,2787.457731
29,LTQEGIMDLENDKLQLEEK,LTQESIMDLENDKLQLEEK,S to G,1,0.197,3,S3,Heart,b1,b2,y19,y18,b1,b2,y19,y18,,,,,418.29848599999997,519.346166,,2787.457731
30,DLEEATLQHEADAAALR,DLEEATLQHEATAAALR,T to D,3,0.246,2,S3,Heart,b3,b4,y15,y14,b3,b4,y15,y14,662.3680160000001,791.410606,1624.7925010000001,1495.749911,662.3680160000001,791.410606,1610.813241,1481.770651
31,LTQTSIMDLENDKLQLEEK,LTQESIMDLENDKLQLEEK,E to T,0,0.974,3,S3,Heart,b0,b1,y20,y19,b0,b1,y20,y19,,,,,,418.29848599999997,,
32,TSVSLADSVPEDEGGSK,TSVSLAWSVPEDEGGSK,W to D,0,0.992,2,S3,Heart,b0,b1,y18,y17,b0,b1,y18,y17,,406.262106,,,,406.262106,,
33,DTGIVLDSGDGVTHNVPIYEGYALPHAIMR,TTGIVLDSGDGVTHNVPIYEGYALPHAIMR,T to D,0,0.482,3,S3,Heart,b0,b1,y31,y30,b0,b1,y31,y30,,420.241366,,,,406.262106,,
34,DVTNAVVTVPAYFNDSQR,TVTNAVVTVPAYFNDSQR,T to D,0,0.326,2,S3,Heart,b0,b1,y19,y18,b0,b1,y19,y18,,420.241366,,,,406.262106,,
35,DVTNAVVTVPAYFNDSQR,TVTNAVVTVPAYFNDSQR,T to D,0,0.5,2,S3,Heart,b0,b1,y19,y18,b0,b1,y19,y18,,420.241366,,,,406.262106,,
36,DLLGDVPVVADPTVPNVTVTR,TLLGDVPVVADPTVPNVTVTR,T to D,0,0.43,2,S3,Heart,b0,b1,y22,y21,b0,b1,y22,y21,,420.241366,,,,406.262106,,
37,DLEGPVPLEVIVIDQNDNRPIFR,TLEGPVPLEVIVIDQNDNRPIFR,T to D,0,0.986,3,S3,Heart,b0,b1,y24,y23,b0,b1,y24,y23,,420.241366,,,,406.262106,,
38,PVPGYGHAVLR,VVPGYGHAVLR,V to P,0,0.5,3,S3,Heart,b0,b1,y12,y11,b0,b1,y12,y11,,402.267186,,,,404.28283600000003,,
39,NASEPEHDHR,WASEPEHDHR,W to N,0,0.997,3,S3,Heart,b0,b1,y11,y10,b0,b1,y11,y10,,419.257356,,,,491.293736,,
40,DASEPEHDHR,WASEPEHDHR,W to D,0,0.5,3,S3,Heart,b0,b1,y11,y10,b0,b1,y11,y10,,420.241366,,,,491.293736,,
41,GHPETLDKFDK,THPETLDKFDK,T to G,0,0.5,4,S3,Heart,b0,b1,y12,y11,b0,b1,y12,y11,,362.235886,,,,406.262106,,
42,GADSNVLR,GAWSNVLR,W to D,0,0.993,2,S3,Heart,b0,b1,y9,y8,b0,b1,y9,y8,,362.235886,,,,362.235886,,
43,SGFAGDDAPR,AGFAGDDAPR,A to S,0,0.975,2,S3,Heart,b0,b1,y11,y10,b0,b1,y11,y10,,392.246456,,,,376.251536,,
44,SAEEVEAK,AAEEVEAK,A to S,0,0.993,2,S3,Heart,b0,b1,y9,y8,b0,b1,y9,y8,,392.246456,,,,376.251536,,
45,TNPETLDKFDK,THPETLDKFDK,H to N,1,0.5,3,S3,Heart,b1,b2,y11,y10,b1,b2,y11,y10,406.262106,520.3050360000001,,,406.262106,543.3210160000001,,1838.030351
46,TDPETLDKFDK,THPETLDKFDK,H to D,1,0.5,3,S3,Heart,b1,b2,y11,y10,b1,b2,y11,y10,406.262106,521.2890460000001,,,406.262106,543.3210160000001,,1838.030351
47,SQQALVQK,AQQALVQK,A to S,0,0.994,2,S3,Heart,b0,b1,y9,y8,b0,b1,y9,y8,,392.246456,,,,376.251536,,
48,ITNSNPPAQGAR,ITWSNPPAQGAR,W to N,0,0.999,2,S3,Heart,b0,b1,y13,y12,b0,b1,y13,y12,,418.29848599999997,,,,418.29848599999997,,
49,ITDSNPPAQGAR,ITWSNPPAQGAR,W to D,0,0.999,2,S3,Heart,b0,b1,y13,y12,b0,b1,y13,y12,,418.29848599999997,,,,418.29848599999997,,
50,ITDSNPPAQGAR,ITWSNPPAQGAR,W to D,0,0.999,2,S3,Heart,b0,b1,y13,y12,b0,b1,y13,y12,,418.29848599999997,,,,418.29848599999997,,
51,ESFEVQDK,ESFEVQWK,W to D,0,1.0,2,S3,Heart,b0,b1,y9,y8,b0,b1,y9,y8,,434.25701599999996,,,,434.25701599999996,,
52,VSLDVNHFAPDELTVK,VSLDVNHFAPEELTVK,E to D,1,0.497,3,S3,Heart,b1,b2,y16,y15,b1,b2,y16,y15,404.28283600000003,491.314866,,,404.28283600000003,491.314866,,2003.076841
53,NAASGQDLQAK,NWASGQDLQAK,W to A,0,0.992,2,S3,Heart,b0,b1,y12,y11,b0,b1,y12,y11,,419.257356,,,,419.257356,,
54,VDLSTSTDNK,VDLSTSTDWK,W to N,0,1.0,2,S3,Heart,b0,b1,y11,y10,b0,b1,y11,y10,,404.28283600000003,,,,404.28283600000003,,
55,SADTLDDIQK,SADTLWDIQK,W to D,0,1.0,2,S3,Heart,b0,b1,y11,y10,b0,b1,y11,y10,,392.246456,,,,392.246456,,
56,SADTLDDIQK,SADTLWDIQK,W to D,0,0.996,2,S3,Heart,b0,b1,y11,y10,b0,b1,y11,y10,,392.246456,,,,392.246456,,
57,SADTLADIQK,SADTLWDIQK,W to A,0,0.696,2,S3,Heart,b0,b1,y11,y10,b0,b1,y11,y10,,392.246456,,,,392.246456,,
58,NNASGQDLQAK,NWASGQDLQAK,W to N,0,0.978,2,S3,Heart,b0,b1,y12,y11,b0,b1,y12,y11,,419.257356,,,,419.257356,,
59,NDASGQDLQAK,NWASGQDLQAK,W to D,0,0.986,2,S3,Heart,b0,b1,y12,y11,b0,b1,y12,y11,,419.257356,,,,419.257356,,
60,SLNPELGTDADKEQAK,SLNPELGTDADKEQWK,W to A,1,0.956,3,S3,Heart,b1,b2,y16,y15,b1,b2,y16,y15,392.246456,,,,392.246456,505.330516,,
61,VVSPDNSEDAK,VVSPWNSEDAK,W to D,0,0.997,2,S3,Heart,b0,b1,y12,y11,b0,b1,y12,y11,,404.28283600000003,,,,404.28283600000003,,
62,SLNPELGTDADKEQNK,SLNPELGTDADKEQWK,W to N,1,0.974,3,S3,Heart,b1,b2,y16,y15,b1,b2,y16,y15,392.246456,505.330516,,,392.246456,505.330516,,
63,SLNPELGTDADKEQDK,SLNPELGTDADKEQWK,W to D,1,0.981,3,S3,Heart,b1,b2,y16,y15,b1,b2,y16,y15,392.246456,505.330516,,2281.216701,392.246456,505.330516,,
64,NTDTSVVVSNEESR,NTDTSVVVSWEESR,W to N,1,0.333,2,S3,Heart,b1,b2,y14,y13,b1,b2,y14,y13,419.257356,520.3050360000001,,1422.670681,419.257356,520.3050360000001,,1494.707061
65,VVSTWNSEDAK,VVSPWNSEDAK,P to T,0,0.277,2,S3,Heart,b0,b1,y12,y11,b0,b1,y12,y11,,404.28283600000003,,,,404.28283600000003,,
66,DGEAGAEYVVESTGVFTTMEK,WGEAGAEYVVESTGVFTTMEK,W to D,0,0.332,3,S3,Heart,b0,b1,y22,y21,b0,b1,y22,y21,,420.241366,,,,491.293736,,
67,LNDLEEALQQSK,LQDLEEALQQSK,Q to N,0,0.991,2,S3,Heart,b0,b1,y13,y12,,,,,,418.29848599999997,,,,,,
68,FLEQQNQALETK,FLEQQNQVLETK,V to A,2,0.2,2,S3,Heart,b2,b3,y11,y10,b2,b3,y11,y10,565.366896,694.409486,1605.8767110000001,1492.792651,565.366896,694.409486,1633.908011,1520.823951
69,APSSSSVGISEDLDQK,APSSSSVGISEWLDQK,W to D,0,0.978,2,S3,Heart,b0,b1,y17,y16,b0,b1,y17,y16,,376.251536,,,,376.251536,,
70,APSSSSVGISENLDQK,APSSSSVGISEWLDQK,W to N,2,0.94,2,S3,Heart,b2,b3,y15,y14,b2,b3,y15,y14,,560.3363260000001,,,,560.3363260000001,1923.998271,
71,APSSSSVGISEDLDQK,APSSSSVGISEWLDQK,W to D,0,0.998,2,S3,Heart,b0,b1,y17,y16,b0,b1,y17,y16,,376.251536,,,,376.251536,,
72,APSSSSVGISEALDQK,APSSSSVGISEWLDQK,W to A,0,0.995,2,S3,Heart,b0,b1,y17,y16,b0,b1,y17,y16,,376.251536,,,,376.251536,,
73,DSVSITDEPPLLDGGSK,DSVSITWEPPLLDGGSK,W to D,0,0.996,2,S3,Heart,b0,b1,y18,y17,b0,b1,y18,y17,,420.241366,,,,420.241366,,
74,TTGIVLDSGDGVTHNVPIYEGYALPDAIMR,TTGIVLDSGDGVTHNVPIYEGYALPHAIMR,H to D,1,0.162,3,S3,Heart,b1,b2,y30,y29,b1,b2,y30,y29,406.262106,,,,406.262106,507.309786,,
75,TTGIVLDSGDGVTDNVPIYEGYALPHAIMR,TTGIVLDSGDGVTHNVPIYEGYALPHAIMR,H to D,0,0.461,3,S3,Heart,b0,b1,y31,y30,b0,b1,y31,y30,,406.262106,,,,406.262106,,
76,LTQESIMDLTNDKLQLEEK,LTQESIMDLENDKLQLEEK,E to T,1,0.25,3,S3,Heart,b1,b2,y19,y18,b1,b2,y19,y18,418.29848599999997,519.346166,,,418.29848599999997,519.346166,,2787.457731
77,LTQESIMDLTNDKLQLEEK,LTQESIMDLENDKLQLEEK,E to T,1,0.249,3,S3,Heart,b1,b2,y19,y18,b1,b2,y19,y18,418.29848599999997,519.346166,,,418.29848599999997,519.346166,,2787.457731
78,DVTNAVVTVPAYFNDSQR,TVTNAVVTVPAYFNDSQR,T to D,0,0.333,2,S3,Heart,b0,b1,y19,y18,b0,b1,y19,y18,,420.241366,,,,406.262106,,
79,GDLEDQIIQANPALEAFGNAK,GTLEDQIIQANPALEAFGNAK,T to D,1,0.498,3,S3,Heart,b1,b2,y21,y20,b1,b2,y21,y20,,477.26282599999996,,,362.235886,463.283566,,
80,FDLAVSPVDPPGTPDYIDVTR,FTLAVSPVDPPGTPDYIDVTR,T to D,1,0.484,2,S3,Heart,b1,b2,y21,y20,b1,b2,y21,y20,,567.309776,,,452.28283600000003,553.330516,,
81,DLGATNVVLGHSER,DLGATWVVLGHSER,W to N,0,1.0,3,S3,Heart,b0,b1,y15,y14,b0,b1,y15,y14,,420.241366,,,,420.241366,,
82,DLGATDVVLGHSER,DLGATWVVLGHSER,W to D,0,1.0,3,S3,Heart,b0,b1,y15,y14,b0,b1,y15,y14,,420.241366,,,,420.241366,,
83,DLGATAVVLGHSER,DLGATWVVLGHSER,W to A,1,0.988,3,S3,Heart,b1,b2,y14,y13,b1,b2,y14,y13,420.241366,533.3254260000001,,1309.7222410000002,420.241366,533.3254260000001,,
84,SFLVNVNEEDHLR,SFLVWVNEEDHLR,W to N,0,1.0,3,S3,Heart,b0,b1,y14,y13,b0,b1,y14,y13,,392.246456,,,,392.246456,,
85,SFLVDVNEEDHLR,SFLVWVNEEDHLR,W to D,0,1.0,3,S3,Heart,b0,b1,y14,y13,b0,b1,y14,y13,,392.246456,,,,392.246456,,
86,ENGSGSDTLR,EWGSGSDTLR,W to N,1,0.985,2,S3,Heart,b1,b2,y10,y9,b1,b2,y10,y9,434.25701599999996,548.2999460000001,,906.4275410000001,434.25701599999996,620.3363260000001,,978.463921
87,VTTGVAAEDK,VTTGVAAEWK,W to D,0,1.0,2,S3,Heart,b0,b1,y11,y10,b0,b1,y11,y10,,404.28283600000003,,,,404.28283600000003,,
88,VSLDVNHFAPDELTVK,VSLDVNHFAPEELTVK,E to D,1,0.963,3,S3,Heart,b1,b2,y16,y15,b1,b2,y16,y15,404.28283600000003,491.314866,,,404.28283600000003,491.314866,,2003.076841
89,DLTIDAIQFQR,TLTIDAIQFQR,T to D,0,0.979,2,S3,Heart,b0,b1,y12,y11,b0,b1,y12,y11,,420.241366,,,,406.262106,,
90,DLTIDAIQFQR,TLTIDAIQFQR,T to D,0,0.972,2,S3,Heart,b0,b1,y12,y11,b0,b1,y12,y11,,420.241366,,,,406.262106,,
91,VVSPANSEDAK,VVSPWNSEDAK,W to A,1,0.924,2,S3,Heart,b1,b2,y11,y10,b1,b2,y11,y10,404.28283600000003,503.351246,,1321.691861,404.28283600000003,503.351246,,1436.734061
92,NETIDEMIK,NEEIDEMIK,E to T,0,0.972,2,S3,Heart,b0,b1,y10,y9,b0,b1,y10,y9,,419.257356,,,,419.257356,,
93,DELLQQVDTSTR,WELLQQVDTSTR,W to D,0,0.497,2,S3,Heart,b0,b1,y13,y12,,,,,,420.241366,,,,,,
94,DELLQQVDTSTR,WELLQQVDTSTR,W to D,0,0.499,2,S3,Heart,b0,b1,y13,y12,,,,,,420.241366,,,,,,
95,DSDVGDEAQSK,DSYVGDEAQSK,Y to D,0,0.998,2,S3,Heart,b0,b1,y12,y11,b0,b1,y12,y11,,420.241366,,,,420.241366,,
96,VVSPNNSEDAK,VVSPWNSEDAK,W to N,0,0.992,2,S3,Heart,b0,b1,y12,y11,b0,b1,y12,y11,,404.28283600000003,,,,404.28283600000003,,
97,VVSPDNSEDAK,VVSPWNSEDAK,W to D,1,0.988,2,S3,Heart,b1,b2,y11,y10,b1,b2,y11,y10,404.28283600000003,503.351246,,1365.681691,404.28283600000003,503.351246,,1436.734061
98,VVSPDNSEDAK,VVSPWNSEDAK,W to D,0,0.99,2,S3,Heart,b0,b1,y12,y11,b0,b1,y12,y11,,404.28283600000003,,,,404.28283600000003,,
99,SEDYAFPDYADR,SEDYAFPTYADR,T to D,1,0.033,2,S3,Heart,b1,b2,y12,y11,b1,b2,y12,y11,392.246456,521.2890460000001,,1361.564411,392.246456,521.2890460000001,,1347.585151
100,LLGQNPTQAEVLR,ALGQNPTQAEVLR,A to I/L,0,0.977,2,S3,Heart,b0,b1,y14,y13,b0,b1,y14,y13,,418.29848599999997,,,,376.251536,,
101,IGGDGAEYGAEALER,IGGHGAEYGAEALER,H to D,0,0.997,2,S3,Heart,b0,b1,y16,y15,b0,b1,y16,y15,,418.29848599999997,,,,418.29848599999997,,
102,VVSTWNSEDAK,VVSPWNSEDAK,P to T,0,0.498,2,S3,Heart,b0,b1,y12,y11,b0,b1,y12,y11,,404.28283600000003,,,,404.28283600000003,,
103,VVSTWNSEDAK,VVSPWNSEDAK,P to T,1,0.473,2,S3,Heart,b1,b2,y11,y10,b1,b2,y11,y10,404.28283600000003,503.351246,,1440.728981,404.28283600000003,503.351246,,1436.734061
104,VVSTWNSEDAK,VVSPWNSEDAK,P to T,0,0.498,2,S3,Heart,b0,b1,y12,y11,b0,b1,y12,y11,,404.28283600000003,,,,404.28283600000003,,
105,EDNDLYHEMIESGVINLK,EGNDLYHEMIESGVINLK,G to D,1,0.166,3,S3,Heart,b1,b2,y18,y17,b1,b2,y18,y17,,,,,434.25701599999996,491.278476,,
106,EDNDLYHEMIESGVINLK,EGNDLYHEMIESGVINLK,G to D,1,0.01,3,S3,Heart,b1,b2,y18,y17,b1,b2,y18,y17,,,,,434.25701599999996,491.278476,,
107,SQDTAELFFEDVR,AQDTAELFFEDVR,A to S,0,0.99,2,S3,Heart,b0,b1,y14,y13,b0,b1,y14,y13,,392.246456,,,,376.251536,,
108,ASDTSITDNNLK,ASDTSITWNNLK,W to D,0,1.0,2,S3,Heart,b0,b1,y13,y12,b0,b1,y13,y12,,376.251536,,,,376.251536,,
109,ASDTSITDNNLK,ASDTSITWNNLK,W to D,0,1.0,2,S3,Heart,b0,b1,y13,y12,b0,b1,y13,y12,,376.251536,,,,376.251536,,
110,PAEIDSLDEISK,PAEIDSLWEISK,W to D,0,1.0,2,S3,Heart,b0,b1,y13,y12,b0,b1,y13,y12,,,,,,,,
111,LLQEAHQQALDDLQAEEDKVNTLTK,ALQEAHQQALDDLQAEEDKVNTLTK,A to I/L,0,0.499,4,S3,Heart,b0,b1,y26,y25,b0,b1,y26,y25,,418.29848599999997,,,,376.251536,,
112,ASDTSINWNNLK,ASDTSITWNNLK,T to N,0,0.015,2,S3,Heart,b0,b1,y13,y12,b0,b1,y13,y12,,376.251536,,,,376.251536,,
113,STIGIAMGSGTAVAK,SEIGIAMGSGTAVAK,E to T,1,0.333,2,S3,Heart,b1,b2,y15,y14,b1,b2,y15,y14,392.246456,493.29413600000004,,,392.246456,521.2890460000001,,1624.8898809999998
114,LQNEITDLMVDVER,LQNEIEDLMVDVER,E to T,0,0.82,2,S3,Heart,b0,b1,y15,y14,b0,b1,y15,y14,,418.29848599999997,,,,418.29848599999997,,
115,DLKDDVLYETETPPDLEK,WLKDDVLYETETPPDLEK,W to D,0,0.25,3,S3,Heart,b0,b1,y19,y18,b0,b1,y19,y18,,420.241366,,,,491.293736,,
116,GDGTWYQFPTPEK,GDGPWYQFPTPEK,P to T,0,0.498,2,S3,Heart,b0,b1,y14,y13,b0,b1,y14,y13,,362.235886,,,,362.235886,,
117,ATPYNYPVPVRDDGNMPDVPSHPQDPLGTSLDWLK,ATPYNYPVPVRDDGNMPDVPSHPQDPLGPSLDWLK,P to T,0,0.013,4,S3,Heart,b0,b1,y36,y35,b0,b1,y36,y35,,376.251536,,,,376.251536,,
118,GDGGVDTAAVADVYDISNIDR,GTGGVDTAAVADVYDISNIDR,T to D,1,0.494,2,S3,Heart,b1,b2,y21,y20,b1,b2,y21,y20,,477.26282599999996,,,362.235886,463.283566,,
119,GDGGVDTAAVADVYDISNIDR,GTGGVDTAAVADVYDISNIDR,T to D,1,0.49,2,S3,Heart,b1,b2,y21,y20,b1,b2,y21,y20,,477.26282599999996,,,362.235886,463.283566,,
120,NLAIPDHSR,WLAIPDHSR,W to N,0,0.5,3,S3,Heart,b0,b1,y10,y9,b0,b1,y10,y9,,419.257356,,,,491.293736,,
121,DLAIPDHSR,WLAIPDHSR,W to D,0,0.5,3,S3,Heart,b0,b1,y10,y9,b0,b1,y10,y9,,420.241366,,,,491.293736,,
122,GINHNDNK,GIWHNDNK,W to N,2,0.523,3,S3,Heart,b2,b3,y7,y6,b2,b3,y7,y6,475.319946,589.362876,,,475.319946,661.399256,,1117.570971
123,GIDHNDNK,GIWHNDNK,W to D,2,0.515,3,S3,Heart,b2,b3,y7,y6,b2,b3,y7,y6,475.319946,590.346886,,,475.319946,661.399256,,1117.570971
124,TRLEQEITTYR,TRLEQEIATYR,A to T,0,1.0,3,S3,Heart,b0,b1,y12,y11,b0,b1,y12,y11,,406.262106,,,,406.262106,,
125,TFLININEEDHTR,TFLIWINEEDHTR,W to N,0,1.0,3,S3,Heart,b0,b1,y14,y13,b0,b1,y14,y13,,406.262106,,,,406.262106,,
126,TFLIDINEEDHTR,TFLIWINEEDHTR,W to D,0,1.0,3,S3,Heart,b0,b1,y14,y13,b0,b1,y14,y13,,406.262106,,,,406.262106,,
127,SVQHSNVVINLIGR,AVQHSNVVINLIGR,A to S,0,0.992,3,S3,Heart,b0,b1,y15,y14,b0,b1,y15,y14,,392.246456,,,,376.251536,,
128,TFLIAINEEDHTR,TFLIWINEEDHTR,W to A,0,1.0,3,S3,Heart,b0,b1,y14,y13,b0,b1,y14,y13,,406.262106,,,,406.262106,,
129,KGQHAAEIQPLAQSNATK,KGQHAAEIQPLAQSHATK,H to N,1,0.95,4,S3,Heart,b1,b2,y18,y17,b1,b2,y18,y17,737.5165360000001,,,,737.5165360000001,794.537996,,
130,KGQDAAEIQPLAQSHATK,KGQHAAEIQPLAQSHATK,H to D,3,0.927,4,S3,Heart,b3,b4,y16,y15,b3,b4,y16,y15,922.5965760000001,1037.623516,,,922.5965760000001,1059.655486,,1906.046551
131,TAESAEAK,TAESPEAK,P to A,0,1.0,2,S3,Heart,b0,b1,y9,y8,b0,b1,y9,y8,,406.262106,,,,406.262106,,
132,NTATVSNK,NTATVSWK,W to N,0,0.997,2,S3,Heart,b0,b1,y9,y8,b0,b1,y9,y8,,419.257356,,,,419.257356,,
133,NEYEESLEHLETFKR,NAYEESLEHLETFKR,A to E,1,0.5,3,S3,Heart,b1,b2,y15,y14,b1,b2,y15,y14,,244.09279599999996,,,419.257356,490.294466,,2056.0670109999996
134,SDFDPGQDDYQHPPK,SDFDPGQDTYQHPPK,T to D,0,0.249,3,S3,Heart,b0,b1,y16,y15,b0,b1,y16,y15,,,,,,392.246456,,
135,SDFDPGQDDYQHPPK,SDFDPGQDTYQHPPK,T to D,0,0.02,3,S3,Heart,b0,b1,y16,y15,b0,b1,y16,y15,,,,,,392.246456,,
136,NTLTQTTENLR,NTLAQTTENLR,A to T,0,1.0,2,S3,Heart,b0,b1,y12,y11,b0,b1,y12,y11,,419.257356,,,,419.257356,,
137,SIDDLEEK,TIDDLEEK,T to S,0,0.998,2,S3,Heart,b0,b1,y9,y8,b0,b1,y9,y8,,392.246456,,,,406.262106,,
138,DQLEENISQLR,TQLEENISQLR,T to D,0,0.492,2,S3,Heart,b0,b1,y12,y11,b0,b1,y12,y11,,420.241366,,,,406.262106,,
139,DQLEENISQLR,TQLEENISQLR,T to D,0,0.981,2,S3,Heart,b0,b1,y12,y11,b0,b1,y12,y11,,420.241366,,,,406.262106,,
140,SGSDNILNGSK,SGSDWILNGSK,W to N,0,0.991,2,S3,Heart,b0,b1,y12,y11,b0,b1,y12,y11,,392.246456,,,,392.246456,,
141,EVGVYEALKDDSDLK,EVGVYEALKDDSWLK,W to D,1,0.691,3,S3,Heart,b1,b2,y15,y14,b1,b2,y15,y14,434.25701599999996,533.3254260000001,,2160.2043409999997,434.25701599999996,533.3254260000001,,2231.256711
142,SDTTFLFLVGQDDHNDK,SDTTFLFLVGQDDHNWK,W to D,0,0.995,3,S3,Heart,b0,b1,y18,y17,b0,b1,y18,y17,,392.246456,,,,392.246456,,
143,LYTWGVVEVENPEHNDFLK,LYPWGVVEVENPEHNDFLK,P to T,0,0.499,3,S3,Heart,b0,b1,y20,y19,,,,,,418.29848599999997,,,,,,
144,DGDVTAGNASGVSDGAGAVIIASEDAVK,DGTVTAGNASGVSDGAGAVIIASEDAVK,T to D,2,0.321,3,S3,Heart,b2,b3,y27,y26,b2,b3,y27,y26,,592.2897660000001,,,477.26282599999996,578.310506,,
145,DGDVTAGNASGVSDGAGAVIIASEDAVK,DGTVTAGNASGVSDGAGAVIIASEDAVK,T to D,2,0.324,3,S3,Heart,b2,b3,y27,y26,b2,b3,y27,y26,,592.2897660000001,,,477.26282599999996,578.310506,,
146,NIDDLEDELYAQK,SIDDLEDELYAQK,S to N,0,0.331,2,S3,Heart,b0,b1,y14,y13,b0,b1,y14,y13,,419.257356,,,,392.246456,,
147,QAEEAEEQALTNLSK,QAEEAEEQANTNLSK,N to I/L,2,0.25,2,S3,Heart,b2,b3,y14,y13,b2,b3,y14,y13,504.310116,633.3527060000001,,1765.913871,504.310116,633.3527060000001,,
148,LDVPISGDPAPTVVDQK,LDVPISGDPAPTVVWQK,W to D,0,0.994,2,S3,Heart,b0,b1,y18,y17,b0,b1,y18,y17,,418.29848599999997,,,,418.29848599999997,,
149,LDVPISGDPAPTVVDQK,LDVPISGDPAPTVVWQK,W to D,0,0.99,2,S3,Heart,b0,b1,y18,y17,b0,b1,y18,y17,,418.29848599999997,,,,418.29848599999997,,
150,LDVPISGDPAPTVVAQK,LDVPISGDPAPTVVWQK,W to A,0,0.99,2,S3,Heart,b0,b1,y18,y17,b0,b1,y18,y17,,418.29848599999997,,,,418.29848599999997,,
151,AIDDAAMMAEELKK,AITDAAMMAEELKK,T to D,2,0.017,2,S3,Heart,b2,b3,y13,y12,b2,b3,y13,y12,,300.15538599999996,,,489.335596,590.383276,2091.1320909999995,1978.048031
152,DQPYDVYDQVEFDVPIGSR,TQPYDVYDQVEFDVPIGSR,T to D,0,0.493,2,S3,Heart,b0,b1,y20,y19,b0,b1,y20,y19,,420.241366,,,,406.262106,,
153,GINHNYDK,GIWHNYDK,W to N,0,0.998,3,S3,Heart,b0,b1,y9,y8,b0,b1,y9,y8,,362.235886,,,,362.235886,,
154,GIDHNYDK,GIWHNYDK,W to D,0,0.995,3,S3,Heart,b0,b1,y9,y8,b0,b1,y9,y8,,362.235886,,,,362.235886,,
155,DAHRTGWLPVSESVTRPTFK,DAHRPGWLPVSESVTRPTFK,P to T,0,0.329,5,S3,Heart,b0,b1,y21,y20,,,,,,420.241366,,,,,,
156,DAHRTGWLPVSESVTRPTFK,DAHRPGWLPVSESVTRPTFK,P to T,0,0.328,5,S3,Heart,b0,b1,y21,y20,,,,,,420.241366,,,,,,
157,TSVVVQDDRPK,TSVVVQWDRPK,W to D,0,1.0,3,S3,Heart,b0,b1,y12,y11,b0,b1,y12,y11,,406.262106,,,,406.262106,,
158,TFLIAINEEDHTR,TFLIWINEEDHTR,W to A,0,1.0,3,S3,Heart,b0,b1,y14,y13,b0,b1,y14,y13,,406.262106,,,,406.262106,,
159,TFLIDINEEDHTR,TFLIWINEEDHTR,W to D,0,1.0,3,S3,Heart,b0,b1,y14,y13,b0,b1,y14,y13,,406.262106,,,,406.262106,,
160,FSTVAGESGSADTVRDPR,FSTVTGESGSADTVRDPR,T to A,1,0.965,3,S3,Heart,b1,b2,y18,y17,b1,b2,y18,y17,452.28283600000003,539.314866,,,452.28283600000003,539.314866,,1734.8252710000002
161,DDTASAVAVGLR,DTTASAVAVGLR,T to D,1,0.025,2,S3,Heart,b1,b2,y12,y11,b1,b2,y12,y11,420.241366,535.268306,,,420.241366,521.2890460000001,,1045.600011
162,HEDSVAELGEQIDNLQR,HADSVAELGEQIDNLQR,A to E,1,0.249,3,S3,Heart,b1,b2,y17,y16,b1,b2,y17,y16,,267.108776,,,442.27333600000003,513.3104460000001,,
163,NEYEESLEHLETFKR,NAYEESLEHLETFKR,A to E,1,0.5,3,S3,Heart,b1,b2,y15,y14,b1,b2,y15,y14,,244.09279599999996,,,419.257356,490.294466,,2056.0670109999996
164,PGNEYVTK,VGNEYVTK,V to P,0,0.998,2,S3,Heart,b0,b1,y9,y8,b0,b1,y9,y8,,402.267186,,,,404.28283600000003,,
165,AAQEEYVK,AAQEEYIK,I to V,0,1.0,2,S3,Heart,b0,b1,y9,y8,b0,b1,y9,y8,,376.251536,,,,376.251536,,
166,SDFDPGQDDYQHPPK,SDFDPGQDTYQHPPK,T to D,4,0.197,3,S3,Heart,b4,b5,y12,y11,b4,b5,y12,y11,769.3687460000001,866.4215060000001,,1585.792971,769.3687460000001,,1686.840651,1571.813711
167,DSMEVQDHEPVSDGGSK,DSMEVQWHEPVSDGGSK,W to D,0,0.987,3,S3,Heart,b0,b1,y18,y17,b0,b1,y18,y17,,420.241366,,,,420.241366,,
168,SADTLDGIQK,SADTLWGIQK,W to D,0,1.0,2,S3,Heart,b0,b1,y11,y10,b0,b1,y11,y10,,392.246456,,,,392.246456,,
169,SADTLNGIQK,SADTLWGIQK,W to N,0,0.997,2,S3,Heart,b0,b1,y11,y10,b0,b1,y11,y10,,392.246456,,,,392.246456,,
170,SADTLDGIQK,SADTLWGIQK,W to D,0,1.0,2,S3,Heart,b0,b1,y11,y10,b0,b1,y11,y10,,392.246456,,,,392.246456,,
171,NPYAGTAEAIK,WPYAGTAEAIK,W to N,0,0.5,2,S3,Heart,b0,b1,y12,y11,b0,b1,y12,y11,,419.257356,,,,491.293736,,
172,TITALAPSTMK,EITALAPSTMK,E to T,0,0.997,2,S3,Heart,b0,b1,y12,y11,b0,b1,y12,y11,,406.262106,,,,434.25701599999996,,
173,WTYAGTAEAIK,WPYAGTAEAIK,P to T,1,0.5,2,S3,Heart,b1,b2,y11,y10,b1,b2,y11,y10,,592.341416,,,491.293736,588.3464960000001,,1324.743161
174,WTYAGTAEAIK,WPYAGTAEAIK,P to T,1,0.5,2,S3,Heart,b1,b2,y11,y10,b1,b2,y11,y10,,592.341416,,,491.293736,588.3464960000001,,1324.743161
175,SAYFGVYDTAK,AAYFGVYDTAK,A to S,0,0.995,2,S3,Heart,b0,b1,y12,y11,b0,b1,y12,y11,,392.246456,,,,376.251536,,
176,TVIIEQSNGSPK,TVIIEQSWGSPK,W to N,0,1.0,2,S3,Heart,b0,b1,y13,y12,b0,b1,y13,y12,,406.262106,,,,406.262106,,
177,TVIIEQSDGSPK,TVIIEQSWGSPK,W to D,0,1.0,2,S3,Heart,b0,b1,y13,y12,b0,b1,y13,y12,,406.262106,,,,406.262106,,
178,DTEYGLTFTEK,WTEYGLTFTEK,W to D,0,0.5,2,S3,Heart,b0,b1,y12,y11,b0,b1,y12,y11,,420.241366,,,,491.293736,,
179,GIVVTAYSPLGSPDRTWAKPEDPSLLEDPR,GIVVTAYSPLGSPDRPWAKPEDPSLLEDPR,P to T,1,0.196,4,S3,Heart,b1,b2,y30,y29,b1,b2,y30,y29,362.235886,475.319946,,,362.235886,475.319946,,
180,WNEYGLTFTEK,WTEYGLTFTEK,T to N,1,0.333,2,S3,Heart,b1,b2,y11,y10,b1,b2,y11,y10,,605.336666,,,491.293736,592.341416,,1492.785431
181,EIEDYHNLLEGGQEDFESSGAGK,EIETYHNLLEGGQEDFESSGAGK,T to D,0,0.017,3,S3,Heart,b0,b1,y24,y23,,,,,,434.25701599999996,,,,,,
182,GIVVTAYSPLGSPDRTWAKPEDPSLLEDPR,GIVVTAYSPLGSPDRPWAKPEDPSLLEDPR,P to T,1,0.199,4,S3,Heart,b1,b2,y30,y29,b1,b2,y30,y29,362.235886,475.319946,,,362.235886,475.319946,,
183,QVEEAEEQANTNLSK,QAEEAEEQANTNLSK,A to V,1,0.497,2,S3,Heart,b1,b2,y15,y14,b1,b2,y15,y14,,532.3414160000001,,,433.273006,504.310116,,
184,LNDHFPLVVDQTGSGTQTNMNVNEVISNR,LNDHFPLVVWQTGSGTQTNMNVNEVISNR,W to D,1,0.083,3,S3,Heart,b1,b2,y29,y28,b1,b2,y29,y28,418.29848599999997,532.341416,,,418.29848599999997,532.341416,,
185,DSIAIDTIINQK,TSIAIDTIINQK,T to D,0,0.984,2,S3,Heart,b0,b1,y13,y12,b0,b1,y13,y12,,420.241366,,,,406.262106,,
186,NNTDNTLGTEITVEDQLAR,WNTDNTLGTEITVEDQLAR,W to N,0,0.498,2,S3,Heart,b0,b1,y20,y19,b0,b1,y20,y19,,419.257356,,,,491.293736,,
187,DNTDNTLGTEITVEDQLAR,WNTDNTLGTEITVEDQLAR,W to D,0,0.995,2,S3,Heart,b0,b1,y20,y19,b0,b1,y20,y19,,420.241366,,,,491.293736,,
188,DNTDNTLGTEITVEDQLAR,WNTDNTLGTEITVEDQLAR,W to D,0,0.996,2,S3,Heart,b0,b1,y20,y19,b0,b1,y20,y19,,420.241366,,,,491.293736,,
189,VEADLAGDGQEVLIGLFK,VEADLAGHGQEVLIGLFK,H to D,0,1.0,2,S3,Heart,b0,b1,y19,y18,b0,b1,y19,y18,,404.28283600000003,,,,404.28283600000003,,
190,TTHPDFVR,TTHPHFVR,H to D,0,0.989,3,S3,Heart,b0,b1,y9,y8,b0,b1,y9,y8,,406.262106,,,,406.262106,,
191,TTDPHFVR,TTHPHFVR,H to D,0,1.0,3,S3,Heart,b0,b1,y9,y8,b0,b1,y9,y8,,406.262106,,,,406.262106,,
192,IDHHTFYNELR,IWHHTFYNELR,W to D,1,0.495,4,S3,Heart,b1,b2,y11,y10,b1,b2,y11,y10,418.29848599999997,533.3254260000001,,,418.29848599999997,604.377796,,
193,SVFPSIVGRPR,AVFPSIVGRPR,A to S,0,0.992,3,S3,Heart,b0,b1,y12,y11,b0,b1,y12,y11,,392.246456,,,,376.251536,,
194,SVFPSIVGRPR,AVFPSIVGRPR,A to S,0,0.992,3,S3,Heart,b0,b1,y12,y11,b0,b1,y12,y11,,392.246456,,,,376.251536,,
195,TDSTSDGRTAWMR,TDSTSDGRPAWMR,P to T,0,0.2,3,S3,Heart,b0,b1,y14,y13,b0,b1,y14,y13,,406.262106,,,,406.262106,,
196,SLAIDHLNEDQLR,ALAIDHLNEDQLR,A to S,0,0.998,3,S3,Heart,b0,b1,y14,y13,b0,b1,y14,y13,,392.246456,,,,376.251536,,
197,SLAIDHLNEDQLR,ALAIDHLNEDQLR,A to S,0,0.992,3,S3,Heart,b0,b1,y14,y13,b0,b1,y14,y13,,392.246456,,,,376.251536,,
198,SPIRPDIVNFVHTNLR,APIRPDIVNFVHTNLR,A to S,0,0.988,4,S3,Heart,b0,b1,y17,y16,b0,b1,y17,y16,,392.246456,,,,376.251536,,
199,SPIRPDIVNFVHTNLR,APIRPDIVNFVHTNLR,A to S,0,0.96,4,S3,Heart,b0,b1,y17,y16,b0,b1,y17,y16,,392.246456,,,,376.251536,,
200,KVQDELDEAEER,KVQHELDEAEER,H to D,2,0.854,3,S3,Heart,b2,b3,y11,y10,b2,b3,y11,y10,,964.6435260000001,1332.591351,1233.522941,836.5849460000001,964.6435260000001,1354.623321,1255.554911
201,ETAHWKPTPWNDVDILK,ETAHWKPPPWNDVDILK,P to T,0,0.018,4,S3,Heart,b0,b1,y18,y17,b0,b1,y18,y17,,434.25701599999996,,,,434.25701599999996,,
202,DIAMDGTEGLVR,TIAMDGTEGLVR,T to D,0,0.973,2,S3,Heart,b0,b1,y13,y12,b0,b1,y13,y12,,420.241366,,,,406.262106,,
203,DIAMDGTEGLVR,TIAMDGTEGLVR,T to D,0,0.975,2,S3,Heart,b0,b1,y13,y12,b0,b1,y13,y12,,420.241366,,,,406.262106,,
204,LALFNPDVSADR,LALFNPDVSWDR,W to A,1,0.332,2,S3,Heart,b1,b2,y12,y11,b1,b2,y12,y11,418.29848599999997,489.335596,,1204.595651,418.29848599999997,489.335596,,
205,VITAFNDGLNHLDNLK,VITAFNDGLNHLDSLK,S to N,0,0.993,3,S3,Heart,b0,b1,y17,y16,b0,b1,y17,y16,,404.28283600000003,,,,404.28283600000003,,
206,DASLTSAASIDGSR,TASLTSAASIDGSR,T to D,0,0.976,2,S3,Heart,b0,b1,y15,y14,b0,b1,y15,y14,,420.241366,,,,406.262106,,
207,LALFNPDVSDDR,LALFNPDVSWDR,W to D,0,0.986,2,S3,Heart,b0,b1,y13,y12,b0,b1,y13,y12,,418.29848599999997,,,,418.29848599999997,,
208,SGLLGLLEEMR,AGLLGLLEEMR,A to S,0,0.974,2,S3,Heart,b0,b1,y12,y11,b0,b1,y12,y11,,392.246456,,,,376.251536,,
209,EVEGLILTESK,EVEELILTESK,E to G,0,0.497,2,S3,Heart,b0,b1,y12,y11,b0,b1,y12,y11,,,,,,434.25701599999996,,
210,DVSLNNLSADEVTR,TVSLNNLSADEVTR,T to D,0,0.971,2,S3,Heart,b0,b1,y15,y14,b0,b1,y15,y14,,420.241366,,,,406.262106,,
211,KDLYANNVLSGGDTMYPGIADR,KDLYANNVLSGGTTMYPGIADR,T to D,2,0.014,3,S3,Heart,b2,b3,y21,y20,b2,b3,y21,y20,852.543476,965.6275360000001,,,852.543476,965.6275360000001,,
212,KDLYANNVLSGGTTMDPGIADR,KDLYANNVLSGGTTMYPGIADR,Y to D,5,0.913,3,S3,Heart,b5,b6,y18,y17,b5,b6,y18,y17,1199.727976,1313.770906,,,1199.727976,1313.770906,1852.885751,1781.848641
213,ALPFDNEEIAPK,ALPFWNEEIAPK,W to D,0,1.0,2,S3,Heart,b0,b1,y13,y12,b0,b1,y13,y12,,376.251536,,,,376.251536,,
214,WNEYGLTFTEK,WTEYGLTFTEK,T to N,1,0.358,2,S3,Heart,b1,b2,y11,y10,b1,b2,y11,y10,,605.336666,,,491.293736,592.341416,,1492.785431
215,SDELPDGQVITIGNER,SYELPDGQVITIGNER,Y to D,1,0.985,2,S3,Heart,b1,b2,y16,y15,b1,b2,y16,y15,392.246456,507.273396,,1655.8234710000002,392.246456,555.309786,,1703.8598610000001
216,DADPEETILNAFK,GADPEETILNAFK,G to D,0,0.332,2,S3,Heart,b0,b1,y14,y13,b0,b1,y14,y13,,158.04481599999997,,,,362.235886,,
217,LNDHFPLVVDQTGSGTQTNMNVNEVISNR,LNDHFPLVVWQTGSGTQTNMNVNEVISNR,W to D,0,0.986,3,S3,Heart,b0,b1,y30,y29,b0,b1,y30,y29,,418.29848599999997,,,,418.29848599999997,,
218,DTGIVLDSGDGVTHNVPIYEGYALPHAIMR,TTGIVLDSGDGVTHNVPIYEGYALPHAIMR,T to D,0,0.299,3,S3,Heart,b0,b1,y31,y30,b0,b1,y31,y30,,420.241366,,,,406.262106,,
219,KPFGEHDR,KPFGEHWR,W to D,0,0.987,4,S3,Heart,b0,b1,y9,y8,b0,b1,y9,y8,,737.5165360000001,,,,737.5165360000001,,
220,TTHPDFVR,TTHPHFVR,H to D,1,0.989,3,S3,Heart,b1,b2,y8,y7,b1,b2,y8,y7,406.262106,507.309786,,871.4420610000001,406.262106,507.309786,,893.4740310000001
221,DHFYDTVK,WHFYDTVK,W to D,0,0.5,3,S3,Heart,b0,b1,y9,y8,b0,b1,y9,y8,,420.241366,,,,491.293736,,
222,ASNGDADVEAHGK,ASNGDAWVEAHGK,W to D,1,0.029,3,S3,Heart,b1,b2,y13,y12,b1,b2,y13,y12,376.251536,463.283566,,1503.735841,376.251536,463.283566,,
223,EIDGVEPSR,EIWGVEPSR,W to D,0,1.0,2,S3,Heart,b0,b1,y10,y9,b0,b1,y10,y9,,434.25701599999996,,,,434.25701599999996,,
224,NQGVMVGMGQK,HQGVMVGMGQK,H to N,0,0.5,2,S3,Heart,b0,b1,y12,y11,b0,b1,y12,y11,,419.257356,,,,442.27333600000003,,
225,LTTDEVEK,LTEDEVEK,E to T,0,0.997,2,S3,Heart,b0,b1,y9,y8,b0,b1,y9,y8,,418.29848599999997,,,,418.29848599999997,,
226,KYTYWPHQPIENL,KYPYWPHQPIENL,P to T,0,0.023,3,S3,Heart,b0,b1,y14,y13,b0,b1,y14,y13,,737.5165360000001,,,,737.5165360000001,,
227,KYTYWPHQPIENL,KYPYWPHQPIENL,P to T,0,0.022,3,S3,Heart,b0,b1,y14,y13,b0,b1,y14,y13,,737.5165360000001,,,,737.5165360000001,,
228,DALLVIQDNIR,DALLVIQWNIR,W to D,0,0.975,2,S3,Heart,b0,b1,y12,y11,b0,b1,y12,y11,,420.241366,,,,420.241366,,
229,DIVSTAQISETR,TIVSTAQISETR,T to D,0,0.333,2,S3,Heart,b0,b1,y13,y12,b0,b1,y13,y12,,420.241366,,,,406.262106,,
230,SQYEDIAQK,AQYEDIAQK,A to S,0,0.996,2,S3,Heart,b0,b1,y10,y9,b0,b1,y10,y9,,392.246456,,,,376.251536,,
231,SYGANFSDNK,SYGANFSWNK,W to D,1,0.988,2,S3,Heart,b1,b2,y10,y9,b1,b2,y10,y9,392.246456,555.309786,,1319.655091,392.246456,555.309786,,1390.707461
232,NTLLQEQGTK,WTLLQEQGTK,W to N,0,0.997,2,S3,Heart,b0,b1,y11,y10,,,,,,419.257356,,,,,,
233,DTLLQEQGTK,WTLLQEQGTK,W to D,0,0.996,2,S3,Heart,b0,b1,y11,y10,,,,,,420.241366,,,,,,
234,DTLLQEQGTK,WTLLQEQGTK,W to D,0,0.5,2,S3,Heart,b0,b1,y11,y10,,,,,,420.241366,,,,,,
235,VNVPVIGGNAGK,VNVPVIGGHAGK,H to N,0,0.983,2,S3,Heart,b0,b1,y13,y12,b0,b1,y13,y12,,404.28283600000003,,,,404.28283600000003,,
236,SDTLTDEINFLR,ADTLTDEINFLR,A to S,0,0.992,2,S3,Heart,b0,b1,y13,y12,,,,,,,,,,,,
237,SAPAPAAAPAAAPAAAPEPERPK,AAPAPAAAPAAAPAAAPEPERPK,A to S,0,0.986,3,S3,Heart,b0,b1,y24,y23,b0,b1,y24,y23,,392.246456,,,,376.251536,,
238,AAQAPAAAPAAAPAAAPEPERPK,AAPAPAAAPAAAPAAAPEPERPK,P to Q,2,0.199,3,S3,Heart,b2,b3,y22,y21,b2,b3,y22,y21,447.288646,575.3472260000001,,,447.288646,544.341406,2326.283771,2255.246661
239,VIISAPSADAPMFVMGVNNEK,VIISAPSADAPMFVMGVNHEK,H to N,0,0.985,3,S3,Heart,b0,b1,y22,y21,b0,b1,y22,y21,,404.28283600000003,,,,404.28283600000003,,
240,VIISSPSADAPMFVMGVNHEK,VIISAPSADAPMFVMGVNHEK,A to S,0,0.975,3,S3,Heart,b0,b1,y22,y21,b0,b1,y22,y21,,404.28283600000003,,,,404.28283600000003,,
241,LDEYGFQNALIVR,LGEYGFQNALIVR,G to D,1,0.25,2,S3,Heart,b1,b2,y13,y12,,,,,,,,,,,,
242,ALPFNNEEIAPK,ALPFWNEEIAPK,W to N,2,0.265,2,S3,Heart,b2,b3,y11,y10,b2,b3,y11,y10,489.335596,586.388356,1575.870151,1462.786091,489.335596,586.388356,,1534.822471
243,ALPFDNEEIAPK,ALPFWNEEIAPK,W to D,0,1.0,2,S3,Heart,b0,b1,y13,y12,b0,b1,y13,y12,,376.251536,,,,376.251536,,
244,KDLYANQVLSGGTTMYPGIADR,KDLYANTVLSGGTTMYPGIADR,T to Q,1,0.49,3,S3,Heart,b1,b2,y22,y21,b1,b2,y22,y21,737.5165360000001,852.543476,,,737.5165360000001,852.543476,,
245,NGAIVDVPVGEELLGR,TGAIVDVPVGEELLGR,T to N,0,0.989,2,S3,Heart,b0,b1,y17,y16,b0,b1,y17,y16,,419.257356,,,,406.262106,,
246,GALQNIIPASTGAAK,GAAQNIIPASTGAAK,A to I/L,0,0.996,2,S3,Heart,b0,b1,y16,y15,b0,b1,y16,y15,,362.235886,,,,362.235886,,
247,DSGDFGADAQGAMSK,HSGDFGADAQGAMSK,H to D,0,0.966,2,S3,Heart,b0,b1,y16,y15,b0,b1,y16,y15,,420.241366,,,,442.27333600000003,,
248,SDELPDGQVITIGNER,SYELPDGQVITIGNER,Y to D,1,0.983,2,S3,Heart,b1,b2,y16,y15,b1,b2,y16,y15,392.246456,507.273396,,1655.8234710000002,392.246456,555.309786,,1703.8598610000001
249,DGAIVDVPVGEELLGR,TGAIVDVPVGEELLGR,T to D,0,0.492,2,S3,Heart,b0,b1,y17,y16,b0,b1,y17,y16,,420.241366,,,,406.262106,,
250,GDSFEAAATSGGSASSEK,GTSFEAAATSGGSASSEK,T to D,1,0.495,2,S3,Heart,b1,b2,y18,y17,b1,b2,y18,y17,,477.26282599999996,,,362.235886,463.283566,,
251,GDSFEAAATSGGSASSEK,GTSFEAAATSGGSASSEK,T to D,1,0.492,2,S3,Heart,b1,b2,y18,y17,b1,b2,y18,y17,,477.26282599999996,,,362.235886,463.283566,,
252,NSSYFVEDIPNNVK,NSSYFVEWIPNNVK,W to D,0,1.0,2,S3,Heart,b0,b1,y15,y14,b0,b1,y15,y14,,419.257356,,,,419.257356,,
253,VDIDVPDVNIEGPDSK,VDIDVPDVNIEGPDTK,T to S,2,0.948,2,S3,Heart,b2,b3,y15,y14,b2,b3,y15,y14,519.309776,632.393836,,,519.309776,632.393836,,
254,DSSAEMPTIPLGSAVEAIR,TSSAEMPTIPLGSAVEAIR,T to D,0,0.2,2,S3,Heart,b0,b1,y20,y19,b0,b1,y20,y19,,420.241366,,,,406.262106,,
255,ASNGDADVEAHGK,ASNGDAWVEAHGK,W to D,1,0.015,3,S3,Heart,b1,b2,y13,y12,b1,b2,y13,y12,376.251536,463.283566,,1503.735841,376.251536,463.283566,,
256,EIHLDFKPEELIDYK,EIHLWFKPEELIDYK,W to D,1,0.494,4,S3,Heart,b1,b2,y15,y14,b1,b2,y15,y14,434.25701599999996,547.341076,,,434.25701599999996,547.341076,,
257,INFGATGK,IHFGATGK,H to N,0,0.992,2,S3,Heart,b0,b1,y9,y8,b0,b1,y9,y8,,418.29848599999997,,,,418.29848599999997,,
258,SGIFQSAK,AGIFQSAK,A to S,0,0.995,2,S3,Heart,b0,b1,y9,y8,b0,b1,y9,y8,,392.246456,,,,376.251536,,
259,TVSDAVTPK,TVSWAVTPK,W to D,0,0.5,2,S3,Heart,b0,b1,y10,y9,b0,b1,y10,y9,,406.262106,,,,406.262106,,
260,VQLLDSQNTSLINQK,VQLLHSQNTSLINQK,H to D,1,0.937,3,S3,Heart,b1,b2,y15,y14,b1,b2,y15,y14,404.28283600000003,532.3414160000001,,,404.28283600000003,532.3414160000001,,
261,LHEATDYTWRPALSPFEFQK,LHEATDYPWRPALSPFEFQK,P to T,0,0.333,4,S3,Heart,b0,b1,y21,y20,b0,b1,y21,y20,,418.29848599999997,,,,418.29848599999997,,
262,LHEATDYTWRPALSPFEFQK,LHEATDYPWRPALSPFEFQK,P to T,0,0.327,4,S3,Heart,b0,b1,y21,y20,b0,b1,y21,y20,,418.29848599999997,,,,418.29848599999997,,
263,NLEDQANEYR,TLEDQANEYR,T to N,0,0.998,2,S3,Heart,b0,b1,y11,y10,b0,b1,y11,y10,,419.257356,,,,406.262106,,
264,VDVYPPEK,VWVYPPEK,W to D,0,0.994,2,S3,Heart,b0,b1,y9,y8,b0,b1,y9,y8,,404.28283600000003,,,,404.28283600000003,,
265,FETEISEDDIHANDK,FETEISEDDIHANWK,W to D,0,0.988,3,S3,Heart,b0,b1,y16,y15,b0,b1,y16,y15,,452.28283600000003,,,,452.28283600000003,,
266,GGQENISVSK,AGQENISVSK,A to G,0,0.5,2,S3,Heart,b0,b1,y11,y10,b0,b1,y11,y10,,,,,,376.251536,,
267,STDAEADVASLNR,ATDAEADVASLNR,A to S,0,0.993,2,S3,Heart,b0,b1,y14,y13,b0,b1,y14,y13,,392.246456,,,,376.251536,,
268,ADDAEADVASLNR,ATDAEADVASLNR,T to D,1,0.017,2,S3,Heart,b1,b2,y13,y12,b1,b2,y13,y12,,491.278476,,,376.251536,477.299216,,1261.601861
269,LASLSEKPPAIDAAYYR,LASLSEKPPAIDWAYYR,W to A,0,0.933,3,S3,Heart,b0,b1,y18,y17,b0,b1,y18,y17,,418.29848599999997,,,,418.29848599999997,,
270,GDNILTNSEK,GWNILTNSEK,W to D,1,0.5,2,S3,Heart,b1,b2,y10,y9,b1,b2,y10,y9,362.235886,477.26282599999996,,,362.235886,548.315196,,1408.775541
271,SSVSLADNKPIYDGGAPVR,SSVSLAWNKPIYDGGAPVR,W to D,1,0.962,3,S3,Heart,b1,b2,y19,y18,b1,b2,y19,y18,392.246456,479.278486,,,392.246456,479.278486,,
272,SSVSLADNKPIYDGGAPVR,SSVSLAWNKPIYDGGAPVR,W to D,1,0.926,3,S3,Heart,b1,b2,y19,y18,b1,b2,y19,y18,392.246456,479.278486,,,392.246456,479.278486,,
273,LASLSEKPPAIDDAYYR,LASLSEKPPAIDWAYYR,W to D,0,0.964,3,S3,Heart,b0,b1,y18,y17,b0,b1,y18,y17,,418.29848599999997,,,,418.29848599999997,,
274,VVDLLAQYAK,VVDLLAPYAK,P to Q,0,0.011,2,S3,Heart,b0,b1,y11,y10,b0,b1,y11,y10,,404.28283600000003,,,,404.28283600000003,,
275,SVDEAADALLK,AVDEAADALLK,A to S,0,0.994,2,S3,Heart,b0,b1,y12,y11,b0,b1,y12,y11,,392.246456,,,,376.251536,,
276,LASLSEKPTAIDWAYYR,LASLSEKPPAIDWAYYR,P to T,0,0.012,3,S3,Heart,b0,b1,y18,y17,b0,b1,y18,y17,,418.29848599999997,,,,418.29848599999997,,
277,DFVALSTNTAK,HFVALSTNTAK,H to D,0,0.5,2,S3,Heart,b0,b1,y12,y11,b0,b1,y12,y11,,420.241366,,,,442.27333600000003,,
278,SVDEAADALLK,AVDEAADALLK,A to S,0,0.995,2,S3,Heart,b0,b1,y12,y11,b0,b1,y12,y11,,392.246456,,,,376.251536,,
279,AGSNELPAEEGK,WGSNELPAEEGK,W to A,0,0.969,2,S3,Heart,b0,b1,y13,y12,b0,b1,y13,y12,,376.251536,,,,491.293736,,
280,NGSNELPAEEGK,WGSNELPAEEGK,W to N,0,0.997,2,S3,Heart,b0,b1,y13,y12,b0,b1,y13,y12,,419.257356,,,,491.293736,,
281,DGSNELPAEEGK,WGSNELPAEEGK,W to D,0,0.495,2,S3,Heart,b0,b1,y13,y12,b0,b1,y13,y12,,420.241366,,,,491.293736,,
282,LEGDELFPTPK,LEGWELFPTPK,W to D,3,0.483,2,S3,Heart,b3,b4,y9,y8,b3,b4,y9,y8,,719.3894760000001,,,604.3625360000001,790.441846,,
283,LIDDMPAQVLK,LIDDMVAQVLK,V to P,5,0.066,2,S3,Heart,b5,b6,y7,y6,b5,b6,y7,y6,,1005.524576,,959.6208710000001,908.471816,1007.540226,1108.6719110000001,961.6365210000001
284,FLIPNASQAESK,FLIPNASQPESK,P to A,1,0.94,2,S3,Heart,b1,b2,y12,y11,b1,b2,y12,y11,452.28283600000003,565.366896,,1461.8232110000001,452.28283600000003,565.366896,,1487.838861
285,DEELEEAKK,TEELEEAKK,T to D,0,0.991,2,S3,Heart,b0,b1,y10,y9,b0,b1,y10,y9,,420.241366,,,,406.262106,,
286,GALQNIIPASTGAAK,GAAQNIIPASTGAAK,A to I/L,0,0.998,2,S3,Heart,b0,b1,y16,y15,b0,b1,y16,y15,,362.235886,,,,362.235886,,
287,NNYDEEIISLK,NSYDEEIISLK,S to N,1,0.5,2,S3,Heart,b1,b2,y11,y10,b1,b2,y11,y10,419.257356,533.300286,,1527.822541,419.257356,506.289386,,
288,GSPAYNPTGPQVTPLAR,GAPAYNPTGPQVTPLAR,A to S,1,0.032,2,S3,Heart,b1,b2,y17,y16,b1,b2,y17,y16,362.235886,449.267916,,,362.235886,433.272996,,1652.875451
289,NSGDFGADAQGAMSK,HSGDFGADAQGAMSK,H to N,0,0.5,2,S3,Heart,b0,b1,y16,y15,b0,b1,y16,y15,,419.257356,,,,442.27333600000003,,
290,DSGDFGADAQGAMSK,HSGDFGADAQGAMSK,H to D,0,0.5,2,S3,Heart,b0,b1,y16,y15,b0,b1,y16,y15,,420.241366,,,,442.27333600000003,,
291,FAPPQPAEPDSFVK,FAPPQPAEPWSFVK,W to D,1,0.499,2,S3,Heart,b1,b2,y14,y13,b1,b2,y14,y13,452.28283600000003,523.3199460000001,,,452.28283600000003,523.3199460000001,,
292,VQLLNSQNTSLINQK,VQLLHSQNTSLINQK,H to N,0,1.0,2,S3,Heart,b0,b1,y16,y15,b0,b1,y16,y15,,404.28283600000003,,,,404.28283600000003,,
293,VQLLDSQNTSLINQK,VQLLHSQNTSLINQK,H to D,0,1.0,2,S3,Heart,b0,b1,y16,y15,b0,b1,y16,y15,,404.28283600000003,,,,404.28283600000003,,
294,FAPPQPAETWSFVK,FAPPQPAEPWSFVK,P to T,0,0.499,2,S3,Heart,b0,b1,y15,y14,b0,b1,y15,y14,,452.28283600000003,,,,452.28283600000003,,
295,GDGGVDTAAVGAVFDISNADR,GTGGVDTAAVGAVFDISNADR,T to D,1,0.478,2,S3,Heart,b1,b2,y21,y20,b1,b2,y21,y20,,477.26282599999996,,,362.235886,463.283566,,1935.940611
296,FAPPQPAETWSFVK,FAPPQPAEPWSFVK,P to T,0,0.499,2,S3,Heart,b0,b1,y15,y14,b0,b1,y15,y14,,452.28283600000003,,,,452.28283600000003,,
297,VSDSISTQYPVVDHEFDAVVVGAGGAGLR,VSDAISTQYPVVDHEFDAVVVGAGGAGLR,A to S,0,0.99,3,S3,Heart,b0,b1,y30,y29,b0,b1,y30,y29,,404.28283600000003,,,,404.28283600000003,,
298,DGAIVDVPVGEELLGR,TGAIVDVPVGEELLGR,T to D,0,0.984,2,S3,Heart,b0,b1,y17,y16,b0,b1,y17,y16,,420.241366,,,,406.262106,,
299,QFAAQANAIGTWIQNK,QFAAQANAIGPWIQNK,P to T,0,0.5,2,S3,Heart,b0,b1,y17,y16,b0,b1,y17,y16,,433.273006,,,,433.273006,,
300,EQLLHSQNTSLINQK,VQLLHSQNTSLINQK,V to E,0,0.951,2,S3,Heart,b0,b1,y16,y15,b0,b1,y16,y15,,434.25701599999996,,,,404.28283600000003,,
301,DITLEVEPSDTIENVK,TITLEVEPSDTIENVK,T to D,0,0.331,2,S3,Heart,b0,b1,y17,y16,b0,b1,y17,y16,,420.241366,,,,406.262106,,
302,DITLEVEPSDTIENVK,TITLEVEPSDTIENVK,T to D,0,0.163,2,S3,Heart,b0,b1,y17,y16,b0,b1,y17,y16,,420.241366,,,,406.262106,,
303,TVEEVLGDFGVNESTGLSLEQVKK,TVEEVLGHFGVNESTGLSLEQVKK,H to D,1,0.95,3,S3,Heart,b1,b2,y24,y23,b1,b2,y24,y23,406.262106,505.330516,,,406.262106,505.330516,,
304,GDGGVDTAAVGAVFDISNADR,GTGGVDTAAVGAVFDISNADR,T to D,1,0.498,2,S3,Heart,b1,b2,y21,y20,b1,b2,y21,y20,,477.26282599999996,,,362.235886,463.283566,,1935.940611
305,GDGGVDTAAVGAVFDISNADR,GTGGVDTAAVGAVFDISNADR,T to D,1,0.264,2,S3,Heart,b1,b2,y21,y20,b1,b2,y21,y20,,477.26282599999996,,,362.235886,463.283566,,1935.940611
306,QVASMTKPDTIIEK,QVASMTKPTTIIEK,T to D,2,0.024,2,S3,Heart,b2,b3,y13,y12,b2,b3,y13,y12,532.3414160000001,603.3785260000001,,1958.1123610000002,532.3414160000001,603.3785260000001,2043.2015110000002,
307,DLYANDVLSGGTTMYPGIADR,DLYANTVLSGGTTMYPGIADR,T to D,1,0.727,2,S3,Heart,b1,b2,y21,y20,b1,b2,y21,y20,420.241366,533.3254260000001,,,420.241366,533.3254260000001,,
308,TIDDVSFVEVMPQNQK,TIDWVSFVEVMPQNQK,W to D,1,0.974,2,S3,Heart,b1,b2,y16,y15,b1,b2,y16,y15,406.262106,519.346166,,,406.262106,519.346166,,
309,DLYANDVLSGGTTMYPGIADR,DLYANTVLSGGTTMYPGIADR,T to D,1,0.493,2,S3,Heart,b1,b2,y21,y20,b1,b2,y21,y20,420.241366,533.3254260000001,,,420.241366,533.3254260000001,,
310,DLYANDVLSGGTTMYPGIADR,DLYANTVLSGGTTMYPGIADR,T to D,1,0.496,2,S3,Heart,b1,b2,y21,y20,b1,b2,y21,y20,420.241366,533.3254260000001,,,420.241366,533.3254260000001,,
311,VDHTVGNPLDR,VDHTVGWPLDR,W to N,0,0.989,3,S3,Heart,b0,b1,y12,y11,b0,b1,y12,y11,,404.28283600000003,,,,404.28283600000003,,
312,ADDSSLSR,ADWSSLSR,W to D,0,1.0,2,S3,Heart,b0,b1,y9,y8,b0,b1,y9,y8,,376.251536,,,,376.251536,,
313,ADDSSLSR,ADWSSLSR,W to D,0,1.0,2,S3,Heart,b0,b1,y9,y8,b0,b1,y9,y8,,376.251536,,,,376.251536,,
314,HSGDFGVDAQGAMSK,HSGDFGADAQGAMSK,A to V,0,0.986,3,S3,Heart,b0,b1,y16,y15,b0,b1,y16,y15,,138.066186,,,,442.27333600000003,,
315,AAVSGLDGK,AAVSGLWGK,W to D,0,0.999,2,S3,Heart,b0,b1,y10,y9,b0,b1,y10,y9,,376.251536,,,,376.251536,,
316,AAVSGLDGK,AAVSGLWGK,W to D,0,1.0,2,S3,Heart,b0,b1,y10,y9,b0,b1,y10,y9,,376.251536,,,,376.251536,,
317,KPNQPYENISYK,KPNQPYEWISYK,W to N,0,1.0,3,S3,Heart,b0,b1,y13,y12,b0,b1,y13,y12,,737.5165360000001,,,,737.5165360000001,,
318,KPNQPYEDISYK,KPNQPYEWISYK,W to D,0,0.999,3,S3,Heart,b0,b1,y13,y12,b0,b1,y13,y12,,737.5165360000001,,,,737.5165360000001,,
319,NEYEESLEHLETFK,NAYEESLEHLETFK,A to E,1,0.332,3,S3,Heart,b1,b2,y14,y13,b1,b2,y14,y13,,,,,419.257356,490.294466,,1899.965901
320,NAEGTNSVEK,NAEGTWSVEK,W to N,0,1.0,2,S3,Heart,b0,b1,y11,y10,b0,b1,y11,y10,,419.257356,,,,419.257356,,
321,NAEGTDSVEK,NAEGTWSVEK,W to D,0,1.0,2,S3,Heart,b0,b1,y11,y10,b0,b1,y11,y10,,419.257356,,,,419.257356,,
322,NAEGTDSVEK,NAEGTWSVEK,W to D,0,0.998,2,S3,Heart,b0,b1,y11,y10,b0,b1,y11,y10,,419.257356,,,,419.257356,,
323,KFDLNSTWEAFPAYR,KFDLNSPWEAFPAYR,P to T,0,0.013,3,S3,Heart,b0,b1,y16,y15,b0,b1,y16,y15,,737.5165360000001,,,,737.5165360000001,,
324,LASLSEKPPAIDDAYYR,LASLSEKPPAIDWAYYR,W to D,0,0.981,3,S3,Heart,b0,b1,y18,y17,b0,b1,y18,y17,,418.29848599999997,,,,418.29848599999997,,
325,PGVPTETGALTLNR,VGVPTETGALTLNR,V to P,0,0.994,2,S3,Heart,b0,b1,y15,y14,b0,b1,y15,y14,,402.267186,,,,404.28283600000003,,
326,KLETAVNLAWNAGNSNTR,KLETAVNLAWTAGNSNTR,T to N,2,0.038,3,S3,Heart,b2,b3,y17,y16,b2,b3,y17,y16,850.600596,979.643186,1830.909281,,850.600596,979.643186,1817.914031,1704.8299710000001
327,AEAESNYQTK,AEAESWYQTK,W to N,1,0.965,2,S3,Heart,b1,b2,y10,y9,b1,b2,y10,y9,376.251536,505.294126,,,376.251536,505.294126,,1445.723171
328,LTGSLSGDTSPK,LTGSLSGWTSPK,W to D,2,0.582,2,S3,Heart,b2,b3,y11,y10,b2,b3,y11,y10,519.346166,576.367626,1353.718081,1252.670401,519.346166,576.367626,1424.770451,1323.7227710000002
329,AGSNELPAEEGK,WGSNELPAEEGK,W to A,0,0.988,2,S3,Heart,b0,b1,y13,y12,b0,b1,y13,y12,,376.251536,,,,491.293736,,
330,SQLQEAPPEDK,SQLQEAPPEWK,W to D,2,0.977,2,S3,Heart,b2,b3,y10,y9,b2,b3,y10,y9,520.3050360000001,633.3890960000001,,,520.3050360000001,633.3890960000001,,1401.769711
331,DGSNELPAEEGK,WGSNELPAEEGK,W to D,0,0.98,2,S3,Heart,b0,b1,y13,y12,b0,b1,y13,y12,,420.241366,,,,491.293736,,
332,AVVIGDENYGEGSSR,WVVIGDENYGEGSSR,W to A,0,0.5,2,S3,Heart,b0,b1,y16,y15,b0,b1,y16,y15,,376.251536,,,,491.293736,,
333,DSYVGDELQSK,DSYVGDEAQSK,A to I/L,1,0.011,2,S3,Heart,b1,b2,y11,y10,b1,b2,y11,y10,420.241366,507.273396,,1429.749381,420.241366,507.273396,,1387.702431
334,SGTQIENIEEDFR,AGTQIENIEEDFR,A to S,0,0.979,2,S3,Heart,b0,b1,y14,y13,b0,b1,y14,y13,,392.246456,,,,376.251536,,
335,AAATQPDGKDTPDETWAFPAR,AAATQPDGKDTPDEPWAFPAR,P to T,0,0.249,3,S3,Heart,b0,b1,y22,y21,b0,b1,y22,y21,,376.251536,,,,376.251536,,
336,SQLQEAPTEWK,SQLQEAPPEWK,P to T,0,0.03,2,S3,Heart,b0,b1,y12,y11,b0,b1,y12,y11,,392.246456,,,,392.246456,,
337,NPVGEDQPNLTVK,NPVGEDQVNLTVK,V to P,0,0.33,2,S3,Heart,b0,b1,y14,y13,b0,b1,y14,y13,,419.257356,,,,419.257356,,
338,WTVIGDENYGEGSSR,WVVIGDENYGEGSSR,V to T,1,0.5,2,S3,Heart,b1,b2,y15,y14,b1,b2,y15,y14,,592.341416,,,491.293736,590.362146,,1481.686651
339,VVDSLQLTGTKPVATPQDWK,VVDSLQLTGTKPVATPVDWK,V to Q,1,0.245,3,S3,Heart,b1,b2,y20,y19,b1,b2,y20,y19,404.28283600000003,503.351246,,,404.28283600000003,503.351246,,
340,LEEAGGATSVQITMNK,LEEAGGATSVQIEMNK,E to T,0,0.998,2,S3,Heart,b0,b1,y17,y16,b0,b1,y17,y16,,418.29848599999997,,,,418.29848599999997,,
341,STVSLIDSAPVYDGGSK,STVSLIWSAPVYDGGSK,W to D,0,1.0,2,S3,Heart,b0,b1,y18,y17,b0,b1,y18,y17,,392.246456,,,,392.246456,,
342,DDEFQLHTNVNDGTEFGGSIYQK,TDEFQLHTNVNDGTEFGGSIYQK,T to D,0,0.498,3,S3,Heart,b0,b1,y24,y23,b0,b1,y24,y23,,420.241366,,,,406.262106,,
343,DDEFQLHTNVNDGTEFGGSIYQK,TDEFQLHTNVNDGTEFGGSIYQK,T to D,0,0.332,3,S3,Heart,b0,b1,y24,y23,b0,b1,y24,y23,,420.241366,,,,406.262106,,
344,DITLEVEPSDTIENVK,TITLEVEPSDTIENVK,T to D,0,0.304,2,S3,Heart,b0,b1,y17,y16,b0,b1,y17,y16,,420.241366,,,,406.262106,,
345,DLYANDVLSGGTTMYPGIADR,DLYANTVLSGGTTMYPGIADR,T to D,1,0.497,2,S3,Heart,b1,b2,y21,y20,b1,b2,y21,y20,420.241366,533.3254260000001,,,420.241366,533.3254260000001,,
346,DLYANDVLSGGTTMYPGIADR,DLYANTVLSGGTTMYPGIADR,T to D,0,0.989,2,S3,Heart,b0,b1,y22,y21,b0,b1,y22,y21,,420.241366,,,,420.241366,,
347,DLYANDVLSGGTTMYPGIADR,DLYANTVLSGGTTMYPGIADR,T to D,1,0.497,2,S3,Heart,b1,b2,y21,y20,b1,b2,y21,y20,420.241366,533.3254260000001,,,420.241366,533.3254260000001,,
348,ADDSSLSR,ADWSSLSR,W to D,0,1.0,2,S3,Heart,b0,b1,y9,y8,b0,b1,y9,y8,,376.251536,,,,376.251536,,
349,ADAFVGTDK,ADAFVGTWK,W to D,0,0.982,2,S3,Heart,b0,b1,y10,y9,b0,b1,y10,y9,,114.054986,,,,114.054986,,
350,AAVSGLAGK,AAVSGLWGK,W to A,0,1.0,2,S3,Heart,b0,b1,y10,y9,b0,b1,y10,y9,,376.251536,,,,376.251536,,
351,QSGDSANK,QSGDSAWK,W to N,0,1.0,2,S3,Heart,b0,b1,y9,y8,b0,b1,y9,y8,,433.273006,,,,433.273006,,
352,AAVSGLDGK,AAVSGLWGK,W to D,0,1.0,2,S3,Heart,b0,b1,y10,y9,b0,b1,y10,y9,,376.251536,,,,376.251536,,
353,GRPTSTNPIASIFADTR,GRPTSTNPIASIFAWTR,W to D,1,0.92,3,S3,Heart,b1,b2,y17,y16,b1,b2,y17,y16,362.235886,,,,,,,
354,EASQTNNK,EASQTNWK,W to N,0,1.0,2,S3,Heart,b0,b1,y9,y8,b0,b1,y9,y8,,434.25701599999996,,,,434.25701599999996,,
355,EASQTNDK,EASQTNWK,W to D,0,1.0,2,S3,Heart,b0,b1,y9,y8,b0,b1,y9,y8,,434.25701599999996,,,,434.25701599999996,,
356,LLVVYPDTQR,LLVVYPWTQR,W to D,1,0.5,2,S3,Heart,b1,b2,y10,y9,b1,b2,y10,y9,418.29848599999997,531.382546,,1090.5891210000002,418.29848599999997,531.382546,,1161.641491
357,DPLYLSTK,WPLYLSTK,W to D,0,0.997,2,S3,Heart,b0,b1,y9,y8,b0,b1,y9,y8,,420.241366,,,,491.293736,,
358,KVITVFNDGLNHLDSLK,KVITAFNDGLNHLDSLK,A to V,1,0.436,4,S3,Heart,b1,b2,y17,y16,b1,b2,y17,y16,,,,,737.5165360000001,836.5849460000001,,
359,DAEAAFNEK,DAEAWFNEK,W to A,0,1.0,2,S3,Heart,b0,b1,y10,y9,,,,,,420.241366,,,,,,
360,DAEANFNEK,DAEAWFNEK,W to N,0,1.0,2,S3,Heart,b0,b1,y10,y9,,,,,,420.241366,,,,,,
361,DAEADFNEK,DAEAWFNEK,W to D,0,0.994,2,S3,Heart,b0,b1,y10,y9,,,,,,420.241366,,,,,,
362,KLETAVNLADTAGNSNTR,KLETAVNLAWTAGNSNTR,W to D,1,0.5,3,S3,Heart,b1,b2,y18,y17,b1,b2,y18,y17,737.5165360000001,850.600596,,1746.8616610000001,737.5165360000001,850.600596,,1817.914031
363,LLVVYTWTQR,LLVVYPWTQR,P to T,0,0.5,2,S3,Heart,b0,b1,y11,y10,b0,b1,y11,y10,,418.29848599999997,,,,418.29848599999997,,
364,LTGSLSGATSPK,LTGSLSGWTSPK,W to A,1,0.534,2,S3,Heart,b1,b2,y12,y11,b1,b2,y12,y11,418.29848599999997,519.346166,,1309.728251,418.29848599999997,519.346166,,1424.770451
365,DYYNAAGFNK,WYYNAAGFNK,W to D,0,0.5,2,S3,Heart,b0,b1,y11,y10,b0,b1,y11,y10,,420.241366,,,,491.293736,,
366,LLVVYTWTQR,LLVVYPWTQR,P to T,0,0.498,2,S3,Heart,b0,b1,y11,y10,b0,b1,y11,y10,,418.29848599999997,,,,418.29848599999997,,
367,LTGSLSGDTSPK,LTGSLSGWTSPK,W to D,0,0.997,2,S3,Heart,b0,b1,y13,y12,b0,b1,y13,y12,,418.29848599999997,,,,418.29848599999997,,
368,ATSWIDTGLSEMR,APSWIDTGLSEMR,P to T,0,0.03,2,S3,Heart,b0,b1,y14,y13,b0,b1,y14,y13,,376.251536,,,,376.251536,,
369,TDESQTWVLPVVR,TDESQPWVLPVVR,P to T,0,0.5,2,S3,Heart,b0,b1,y14,y13,b0,b1,y14,y13,,406.262106,,,,406.262106,,
370,TDESQTWVLPVVR,TDESQPWVLPVVR,P to T,0,0.431,2,S3,Heart,b0,b1,y14,y13,b0,b1,y14,y13,,406.262106,,,,406.262106,,
371,TDESQPWTLPVVR,TDESQPWVLPVVR,V to T,2,0.015,2,S3,Heart,b2,b3,y12,y11,b2,b3,y12,y11,521.2890460000001,650.3316360000001,1426.732481,1311.705541,521.2890460000001,650.3316360000001,1424.7532110000002,1309.726271
372,WTVIGDENYGEGSSR,WVVIGDENYGEGSSR,V to T,1,0.012,2,S3,Heart,b1,b2,y15,y14,b1,b2,y15,y14,,592.341416,,,491.293736,590.362146,,1481.686651
373,DPSPGQPSNFIVTFQEQAWQRPDGQPATR,DPSPGQPSNFIVPFQEQAWQRPDGQPATR,P to T,0,0.111,3,S3,Heart,b0,b1,y30,y29,b0,b1,y30,y29,,420.241366,,,,420.241366,,
374,DPSPGQPSNFIVTFQEQAWQRPDGQPATR,DPSPGQPSNFIVPFQEQAWQRPDGQPATR,P to T,0,0.111,3,S3,Heart,b0,b1,y30,y29,b0,b1,y30,y29,,420.241366,,,,420.241366,,
375,ALQEADQQALDDLQAEEDKVNTLTK,ALQEAHQQALDDLQAEEDKVNTLTK,H to D,0,1.0,3,S3,Heart,b0,b1,y26,y25,b0,b1,y26,y25,,376.251536,,,,376.251536,,
376,ALQEAHQQALDDLQAEEDKVNTLDK,ALQEAHQQALDDLQAEEDKVNTLTK,T to D,0,0.018,3,S3,Heart,b0,b1,y26,y25,b0,b1,y26,y25,,376.251536,,,,376.251536,,
377,ALQEAHQQALDDLQAEEDKENTLTK,ALQEAHQQALDDLQAEEDKVNTLTK,V to E,1,0.209,3,S3,Heart,b1,b2,y25,y24,b1,b2,y25,y24,376.251536,489.335596,,,376.251536,489.335596,,
378,RKEEEHMIDDVEK,RKEEEHMIDWVEK,W to D,0,0.993,5,S3,Heart,b0,b1,y14,y13,b0,b1,y14,y13,,,,,,,,
379,NHPETLDKFDK,THPETLDKFDK,T to N,0,0.333,4,S3,Heart,b0,b1,y12,y11,b0,b1,y12,y11,,419.257356,,,,406.262106,,
380,GRPEPDITDSK,GRPEPDITWSK,W to D,0,1.0,3,S3,Heart,b0,b1,y12,y11,b0,b1,y12,y11,,,,,,362.235886,,
381,NVLATLGER,HVLATLGER,H to N,0,0.991,2,S3,Heart,b0,b1,y10,y9,b0,b1,y10,y9,,419.257356,,,,138.066186,,
382,DVLATLGER,HVLATLGER,H to D,0,0.991,2,S3,Heart,b0,b1,y10,y9,b0,b1,y10,y9,,420.241366,,,,138.066186,,
383,DVLATLGER,HVLATLGER,H to D,0,0.991,2,S3,Heart,b0,b1,y10,y9,b0,b1,y10,y9,,420.241366,,,,138.066186,,
384,SLTNDDEDHLAVK,SLTNDWEDHLAVK,W to D,2,0.95,3,S3,Heart,b2,b3,y12,y11,b2,b3,y12,y11,505.330516,606.3781960000001,,,505.330516,606.3781960000001,,
385,PNFTVDQIR,VNFTVDQIR,V to P,0,0.986,2,S3,Heart,b0,b1,y10,y9,b0,b1,y10,y9,,402.267186,,,,404.28283600000003,,
386,DLLTIENANR,TLLTIENANR,T to D,0,0.499,2,S3,Heart,b0,b1,y11,y10,b0,b1,y11,y10,,420.241366,,,,406.262106,,
387,NNPEPANK,NNPEPWNK,W to A,1,0.5,2,S3,Heart,b1,b2,y8,y7,b1,b2,y8,y7,419.257356,533.300286,,1073.5910310000002,419.257356,533.300286,,1188.633231
388,SSDEFDGK,SSWEFDGK,W to D,1,0.497,2,S3,Heart,b1,b2,y8,y7,b1,b2,y8,y7,392.246456,,,1101.538321,392.246456,479.278486,,1172.590691
389,GEELEEAK,TEELEEAK,T to G,0,0.499,2,S3,Heart,b0,b1,y9,y8,b0,b1,y9,y8,,362.235886,,,,406.262106,,
390,TSTDSGESK,TSTWSGESK,W to D,0,1.0,2,S3,Heart,b0,b1,y10,y9,b0,b1,y10,y9,,406.262106,,,,406.262106,,
391,ALQPIVSEEEAAHTK,ALQPIVSEEEWAHTK,W to A,1,0.977,3,S3,Heart,b1,b2,y15,y14,b1,b2,y15,y14,376.251536,489.335596,,,376.251536,489.335596,,1971.050631
392,GDARPAEIDSLAEISK,GDARPAEIDSLWEISK,W to A,0,0.998,3,S3,Heart,b0,b1,y17,y16,b0,b1,y17,y16,,,,,,362.235886,,
393,LLVVYPDTQR,LLVVYPWTQR,W to D,1,0.497,2,S3,Heart,b1,b2,y10,y9,b1,b2,y10,y9,418.29848599999997,531.382546,,1090.5891210000002,418.29848599999997,531.382546,,1161.641491
394,LDTGVEYQFR,LTTGVEYQFR,T to D,1,0.024,2,S3,Heart,b1,b2,y10,y9,b1,b2,y10,y9,418.29848599999997,533.3254260000001,,,418.29848599999997,519.346166,,1100.5370910000001
395,LDTGVEYQFR,LTTGVEYQFR,T to D,1,0.032,2,S3,Heart,b1,b2,y10,y9,b1,b2,y10,y9,418.29848599999997,533.3254260000001,,,418.29848599999997,519.346166,,1100.5370910000001
396,NNPEPNNK,NNPEPWNK,W to N,1,0.5,2,S3,Heart,b1,b2,y8,y7,b1,b2,y8,y7,419.257356,533.300286,,1116.596851,419.257356,533.300286,,1188.633231
397,NNPEPDNK,NNPEPWNK,W to D,0,1.0,2,S3,Heart,b0,b1,y9,y8,b0,b1,y9,y8,,419.257356,,,,419.257356,,
398,GDARPAEIDSLNEISK,GDARPAEIDSLWEISK,W to N,1,0.951,3,S3,Heart,b1,b2,y16,y15,b1,b2,y16,y15,,477.26282599999996,,,362.235886,477.26282599999996,,
399,VPVYETTAGWR,VPVYETPAGWR,P to T,0,0.2,2,S3,Heart,b0,b1,y12,y11,b0,b1,y12,y11,,404.28283600000003,,,,404.28283600000003,,
400,VPVYETTAGWR,VPVYETPAGWR,P to T,0,0.2,2,S3,Heart,b0,b1,y12,y11,b0,b1,y12,y11,,404.28283600000003,,,,404.28283600000003,,
401,NTFWDVDGSMVTPEWHR,NTFWDVDGSMVPPEWHR,P to T,3,0.14,3,S3,Heart,b3,b4,y15,y14,b3,b4,y15,y14,667.3734460000001,853.4527560000001,,,667.3734460000001,853.4527560000001,,
402,LLVVYTWTQR,LLVVYPWTQR,P to T,0,0.2,2,S3,Heart,b0,b1,y11,y10,b0,b1,y11,y10,,418.29848599999997,,,,418.29848599999997,,
403,LLVVYTWTQR,LLVVYPWTQR,P to T,0,0.2,2,S3,Heart,b0,b1,y11,y10,b0,b1,y11,y10,,418.29848599999997,,,,418.29848599999997,,
404,YDALVDQEEKEDVK,YTALVDQEEKEDVK,T to D,1,0.33,3,S3,Heart,b1,b2,y14,y13,b1,b2,y14,y13,,,,,468.277756,569.3254360000001,,2112.1679609999997
405,DALNIETALK,DALNIETAVK,V to I/L,0,1.0,2,S3,Heart,b0,b1,y11,y10,b0,b1,y11,y10,,420.241366,,,,420.241366,,
406,SGSTFTIDVPISGR,AGSTFTIDVPISGR,A to S,0,0.972,2,S3,Heart,b0,b1,y15,y14,b0,b1,y15,y14,,392.246456,,,,376.251536,,
407,SGSTFTIDVPISGR,AGSTFTIDVPISGR,A to S,0,0.98,2,S3,Heart,b0,b1,y15,y14,b0,b1,y15,y14,,392.246456,,,,376.251536,,
408,AALAPAAAPAAAPAAAPEPERPK,AAPAPAAAPAAAPAAAPEPERPK,P to I/L,2,0.963,3,S3,Heart,b2,b3,y22,y21,b2,b3,y22,y21,447.288646,560.3727060000001,,,447.288646,544.341406,2326.283771,2255.246661
409,ATSWIDTGLSEMR,APSWIDTGLSEMR,P to T,0,0.024,2,S3,Heart,b0,b1,y14,y13,b0,b1,y14,y13,,376.251536,,,,376.251536,,
410,TDESQTWVLPVVR,TDESQPWVLPVVR,P to T,0,0.5,2,S3,Heart,b0,b1,y14,y13,b0,b1,y14,y13,,406.262106,,,,406.262106,,
411,TDESQTWVLPVVR,TDESQPWVLPVVR,P to T,0,0.499,2,S3,Heart,b0,b1,y14,y13,b0,b1,y14,y13,,406.262106,,,,406.262106,,
412,PDFPQDQLATLTGR,VDFPQDQLATLTGR,V to P,0,0.992,2,S3,Heart,b0,b1,y15,y14,b0,b1,y15,y14,,402.267186,,,,404.28283600000003,,
413,EMTEDLEDEEEMNAELTAK,EMTERLEDEEEMNAELTAK,R to D,4,0.125,3,S3,Heart,b4,b5,y16,y15,b4,b5,y16,y15,,910.414716,,,,,2227.071881,
414,IDFEDVIAEPEGTHSFDGIDK,IDFEDVIAEPEGTHSFDGIWK,W to D,2,0.958,3,S3,Heart,b2,b3,y20,y19,b2,b3,y20,y19,533.3254260000001,680.393836,,,533.3254260000001,680.393836,,
415,GIEQAVQSDAVAEEEAR,GIEQAVQSHAVAEEEAR,H to D,0,1.0,2,S3,Heart,b0,b1,y18,y17,b0,b1,y18,y17,,362.235886,,,,362.235886,,
416,TDGFQLHTNVNDGTEFGGSIYQK,TDEFQLHTNVNDGTEFGGSIYQK,E to G,2,0.332,3,S3,Heart,b2,b3,y22,y21,b2,b3,y22,y21,,578.310506,,,521.2890460000001,650.3316360000001,,
417,PGSDSGNFRPANTNWGVFSEFGDSSSPATR,PGSDSGNFRPANPNWGVFSEFGDSSSPATR,P to T,0,0.324,3,S3,Heart,b0,b1,y31,y30,b0,b1,y31,y30,,,,,,,,
418,AIAELGIDPAVDPLDSTSR,AIAELGIYPAVDPLDSTSR,Y to D,0,1.0,2,S3,Heart,b0,b1,y20,y19,b0,b1,y20,y19,,376.251536,,,,376.251536,,
419,SAVDAGFVPNDMQVGQTGK,AAVDAGFVPNDMQVGQTGK,A to S,0,0.497,2,S3,Heart,b0,b1,y20,y19,b0,b1,y20,y19,,392.246456,,,,376.251536,,
420,DGPNALTPPPTTPEWTK,DGPNALTPPPTTPEWVK,V to T,3,0.095,2,S3,Heart,b3,b4,y15,y14,b3,b4,y15,y14,,688.358516,,,,688.358516,,
421,NLDEEMAGLDEIIAK,NLTEEMAGLDEIIAK,T to D,2,0.012,2,S3,Heart,b2,b3,y14,y13,b2,b3,y14,y13,532.341416,647.3683560000001,,,532.341416,633.3890960000001,,1739.905591
0,TRLEQEITTYR,TRLEQEIATYR,A to T,0,1.0,3,S4,Kidney,b0,b1,y12,y11,b0,b1,y12,y11,,406.262106,,,,406.262106,,
1,PFLENVIR,VFLENVIR,V to P,0,0.994,2,S4,Kidney,b0,b1,y9,y8,b0,b1,y9,y8,,402.267186,,,,404.28283600000003,,
2,GHLPGFVEQAGALK,THLPGFVEQAGALK,T to G,0,0.5,3,S4,Kidney,b0,b1,y15,y14,b0,b1,y15,y14,,362.235886,,,,406.262106,,
3,THLQGFVEQAGALK,THLPGFVEQAGALK,P to Q,1,0.249,3,S4,Kidney,b1,b2,y14,y13,b1,b2,y14,y13,406.262106,543.3210160000001,,,406.262106,543.3210160000001,,
4,LEQEITTYR,LEQEIATYR,A to T,0,1.0,2,S4,Kidney,b0,b1,y10,y9,b0,b1,y10,y9,,418.29848599999997,,,,418.29848599999997,,
5,DSTEIQVK,WSTEIQVK,W to D,0,0.987,2,S4,Kidney,b0,b1,y9,y8,b0,b1,y9,y8,,420.241366,,,,491.293736,,
6,EFSVYMDK,EFSVYMTK,T to D,1,0.273,2,S4,Kidney,b1,b2,y8,y7,b1,b2,y8,y7,434.25701599999996,581.3254260000001,,,434.25701599999996,581.3254260000001,,1195.635201
7,SDNALAAPSEK,SWNALAAPSEK,W to D,1,0.5,2,S4,Kidney,b1,b2,y11,y10,b1,b2,y11,y10,392.246456,507.273396,,,392.246456,578.325766,,1390.764961
8,DQEELNTYAAWR,DQEELNPYAAWR,P to T,0,0.167,2,S4,Kidney,b0,b1,y13,y12,b0,b1,y13,y12,,420.241366,,,,420.241366,,
9,WTHTIPYVLEDSLEMNAK,WPHTIPYVLEDSLEMNAK,P to T,1,0.332,3,S4,Kidney,b1,b2,y18,y17,b1,b2,y18,y17,,,,,491.293736,,,
10,TVIIEQSDGSPK,TVIIEQSWGSPK,W to D,0,1.0,2,S4,Kidney,b0,b1,y13,y12,b0,b1,y13,y12,,406.262106,,,,406.262106,,
11,LQTTWNDLGDKYNSMEDAK,LQPTWNDLGDKYNSMEDAK,P to T,2,0.303,3,S4,Kidney,b2,b3,y18,y17,b2,b3,y18,y17,546.357066,,,,546.357066,,,
12,DSSVTLQTITAQNAAVQAVK,TSSVTLQTITAQNAAVQAVK,T to D,0,0.238,2,S4,Kidney,b0,b1,y21,y20,b0,b1,y21,y20,,420.241366,,,,,,
13,DQEFILNSPTVTSIK,TQEFILNSPTVTSIK,T to D,0,0.332,2,S4,Kidney,b0,b1,y16,y15,b0,b1,y16,y15,,420.241366,,,,406.262106,,
14,DVTAMDVVYALK,TVTAMDVVYALK,T to D,0,0.199,2,S4,Kidney,b0,b1,y13,y12,b0,b1,y13,y12,,420.241366,,,,406.262106,,
15,AVGDNEVEGR,AVGWNEVEGR,W to D,0,1.0,2,S4,Kidney,b0,b1,y11,y10,b0,b1,y11,y10,,376.251536,,,,376.251536,,
16,ASGGDAAASDSR,ASGGWAAASDSR,W to D,1,0.743,2,S4,Kidney,b1,b2,y12,y11,b1,b2,y12,y11,376.251536,463.283566,,993.4231710000001,376.251536,463.283566,,1064.475541
17,THLQGFVEQAGALK,THLPGFVEQAGALK,P to Q,1,0.236,3,S4,Kidney,b1,b2,y14,y13,b1,b2,y14,y13,406.262106,543.3210160000001,,,406.262106,543.3210160000001,,
18,ETAHWKPPTWNDVDILK,ETAHWKPPPWNDVDILK,P to T,0,0.499,4,S4,Kidney,b0,b1,y18,y17,b0,b1,y18,y17,,434.25701599999996,,,,434.25701599999996,,
19,SIDDLEEK,TIDDLEEK,T to S,0,0.998,2,S4,Kidney,b0,b1,y9,y8,b0,b1,y9,y8,,392.246456,,,,406.262106,,
20,SADTLDGIQK,SADTLWGIQK,W to D,0,1.0,2,S4,Kidney,b0,b1,y11,y10,b0,b1,y11,y10,,392.246456,,,,392.246456,,
21,LIIQDNGPESNR,LIIQWNGPESNR,W to D,0,0.999,2,S4,Kidney,b0,b1,y13,y12,b0,b1,y13,y12,,418.29848599999997,,,,418.29848599999997,,
22,ESEAVEDQQK,ESEAVEWQQK,W to D,0,1.0,2,S4,Kidney,b0,b1,y11,y10,b0,b1,y11,y10,,434.25701599999996,,,,434.25701599999996,,
23,WTYAGTAEAIK,WPYAGTAEAIK,P to T,1,0.01,2,S4,Kidney,b1,b2,y11,y10,b1,b2,y11,y10,,592.341416,,,491.293736,,,1324.743161
24,WTYAGTAEAIK,WPYAGTAEAIK,P to T,1,0.333,2,S4,Kidney,b1,b2,y11,y10,b1,b2,y11,y10,,592.341416,,,491.293736,,,1324.743161
25,WTNWMTGGPETPR,WPNWMTGGPETPR,P to T,1,0.011,2,S4,Kidney,b1,b2,y13,y12,b1,b2,y13,y12,,592.341416,,,491.293736,,,1358.615731
26,VDQSNFAVGYK,VTQSNFAVGYK,T to D,1,0.011,2,S4,Kidney,b1,b2,y11,y10,b1,b2,y11,y10,,519.309776,,,404.28283600000003,505.330516,,1418.7598910000002
27,FADTNIESLVK,FAHTNIESLVK,H to D,1,0.984,2,S4,Kidney,b1,b2,y11,y10,b1,b2,y11,y10,452.28283600000003,523.3199460000001,,,452.28283600000003,523.3199460000001,,1415.817731
28,RTWLVDYGESGEQVAGFVK,RPWLVDYGESGEQVAGFVK,P to T,1,0.2,3,S4,Kidney,b1,b2,y19,y18,b1,b2,y19,y18,461.315536,,,,461.315536,,,
29,DLAILQIESEK,TLAILQIESEK,T to D,0,0.495,2,S4,Kidney,b0,b1,y12,y11,b0,b1,y12,y11,,420.241366,,,,406.262106,,
30,GAPTTSLVSVAVDK,GAPTTSLVSVAVTK,T to D,1,0.488,2,S4,Kidney,b1,b2,y14,y13,b1,b2,y14,y13,362.235886,433.272996,,,362.235886,433.272996,,1577.943321
31,FAPPQPAEPDSSVK,FAPPQPAEPWSSVK,W to D,1,0.499,2,S4,Kidney,b1,b2,y14,y13,b1,b2,y14,y13,452.28283600000003,523.3199460000001,,,452.28283600000003,523.3199460000001,,
32,NATTDALTSVLDK,NATTDALTSVLTK,T to D,0,0.023,2,S4,Kidney,b0,b1,y14,y13,b0,b1,y14,y13,,419.257356,,,,419.257356,,
33,FLPGAHVFPGGVLDAADSSTDWVR,FLPGAHVFPGGVLDAADSSPDWVR,P to T,5,0.154,3,S4,Kidney,b5,b6,y20,y19,b5,b6,y20,y19,790.4782260000001,927.5371360000001,,,790.4782260000001,927.5371360000001,,
34,DSIAIDTIINQK,TSIAIDTIINQK,T to D,0,0.33,2,S4,Kidney,b0,b1,y13,y12,b0,b1,y13,y12,,420.241366,,,,406.262106,,
35,DAAPASQEPSQALSTPAGLAEWR,DAAPASQEPSQALSPPAGLAEWR,P to T,0,0.012,2,S4,Kidney,b0,b1,y24,y23,b0,b1,y24,y23,,420.241366,,,,420.241366,,
36,HYGTGWVSMANAGK,HYGPGWVSMANAGK,P to T,0,0.02,3,S4,Kidney,b0,b1,y15,y14,b0,b1,y15,y14,,442.27333600000003,,,,442.27333600000003,,
37,TITWLEDRVPQK,TIPWLEDRVPQK,P to T,0,0.25,3,S4,Kidney,b0,b1,y13,y12,b0,b1,y13,y12,,406.262106,,,,406.262106,,
38,AAFQLGSQWR,AAFQLGSPWR,P to Q,0,0.498,2,S4,Kidney,b0,b1,y11,y10,b0,b1,y11,y10,,376.251536,,,,376.251536,,
39,LVDALGNAIDGK,VVDALGNAIDGK,V to I/L,0,0.5,2,S4,Kidney,b0,b1,y13,y12,b0,b1,y13,y12,,,,,,404.28283600000003,,
40,KYTYWPHQPIENL,KYPYWPHQPIENL,P to T,0,0.05,3,S4,Kidney,b0,b1,y14,y13,b0,b1,y14,y13,,737.5165360000001,,,,737.5165360000001,,
41,VTGQFTWSSLR,VTGQFPWSSLR,P to T,0,0.273,2,S4,Kidney,b0,b1,y12,y11,b0,b1,y12,y11,,404.28283600000003,,,,404.28283600000003,,
42,EQFLDGDADTNR,EQFLDGDAWTNR,W to D,1,0.981,2,S4,Kidney,b1,b2,y12,y11,b1,b2,y12,y11,434.25701599999996,562.3155960000001,,,434.25701599999996,562.3155960000001,,1322.6123710000002
43,EQFLDGDAWDNR,EQFLDGDAWTNR,T to D,2,0.032,2,S4,Kidney,b2,b3,y11,y10,b2,b3,y11,y10,562.3155960000001,709.384006,,,562.3155960000001,709.384006,1322.6123710000002,1194.553791
44,DFNDSQLQEGK,DFTDSQLQEGK,T to N,2,0.2,2,S4,Kidney,b2,b3,y10,y9,b2,b3,y10,y9,567.309776,,1469.755531,1322.6871210000002,567.309776,668.3574560000001,1456.760281,1309.691871
45,DFNDSQLQEGK,DFTDSQLQEGK,T to N,0,0.331,2,S4,Kidney,b0,b1,y12,y11,b0,b1,y12,y11,,420.241366,,,,420.241366,,
46,EIGDHKPLPGITVGDIGPK,EIGTHKPLPGITVGDIGPK,T to D,3,0.199,3,S4,Kidney,b3,b4,y17,y16,b3,b4,y17,y16,604.3625360000001,,,,604.3625360000001,705.410216,,
47,EIGDHKPLPGITVGDIGPK,EIGTHKPLPGITVGDIGPK,T to D,3,0.031,3,S4,Kidney,b3,b4,y17,y16,b3,b4,y17,y16,604.3625360000001,,,,604.3625360000001,705.410216,,
48,DKGDNTISLISIDSGSGVK,TKGDNTISLISIDSGSGVK,T to D,0,0.166,3,S4,Kidney,b0,b1,y20,y19,b0,b1,y20,y19,,420.241366,,,,406.262106,,
49,FLPGAHVFPGGVLDAADSSTDWVR,FLPGAHVFPGGVLDAADSSPDWVR,P to T,0,0.249,3,S4,Kidney,b0,b1,y25,y24,b0,b1,y25,y24,,452.28283600000003,,,,452.28283600000003,,
50,SNINSLDEQEGVK,SNISSLDEQEGVK,S to N,0,1.0,2,S4,Kidney,b0,b1,y14,y13,b0,b1,y14,y13,,392.246456,,,,392.246456,,
51,DGTVLIPGTTQLTQK,TGTVLIPGTTQLTQK,T to D,0,0.332,2,S4,Kidney,b0,b1,y16,y15,b0,b1,y16,y15,,420.241366,,,,406.262106,,
52,QAAAAAASDSVKPIFSR,QAAAAAASTSVKPIFSR,T to D,1,0.016,2,S4,Kidney,b1,b2,y17,y16,b1,b2,y17,y16,433.273006,504.310116,,,433.273006,504.310116,,1852.061131
53,VGPVTWLGPQTDEAIK,VGPVPWLGPQTDEAIK,P to T,0,0.5,2,S4,Kidney,b0,b1,y17,y16,b0,b1,y17,y16,,404.28283600000003,,,,404.28283600000003,,
54,TDSTSDGRTAWMR,TDSTSDGRPAWMR,P to T,0,0.322,3,S4,Kidney,b0,b1,y14,y13,b0,b1,y14,y13,,406.262106,,,,406.262106,,
55,GAVEAAHQAATGWGAQSPR,GAVEAAHQAAPGWGAQSPR,P to T,0,0.33,3,S4,Kidney,b0,b1,y20,y19,b0,b1,y20,y19,,,,,,362.235886,,
56,DTLLQEQGTK,WTLLQEQGTK,W to D,0,0.997,2,S4,Kidney,b0,b1,y11,y10,,,,,,420.241366,,,,,,
57,DTLLQEQGTK,WTLLQEQGTK,W to D,0,0.5,2,S4,Kidney,b0,b1,y11,y10,,,,,,420.241366,,,,,,
58,GEEGTWSVEK,NEEGTWSVEK,N to G,0,0.498,2,S4,Kidney,b0,b1,y11,y10,b0,b1,y11,y10,,,,,,419.257356,,
59,NPDFHGYDSDTVVDVWNMR,NPDFHGYDSDPVVDVWNMR,P to T,0,0.111,3,S4,Kidney,b0,b1,y20,y19,b0,b1,y20,y19,,419.257356,,,,419.257356,,
60,EGIDPATYYWYTDQR,EGIDPAPYYWYTDQR,P to T,0,0.142,2,S4,Kidney,b0,b1,y16,y15,b0,b1,y16,y15,,434.25701599999996,,,,434.25701599999996,,
61,NRPTVAAGAVGLAQR,TRPTVAAGAVGLAQR,T to N,0,0.486,3,S4,Kidney,b0,b1,y16,y15,b0,b1,y16,y15,,,,,,406.262106,,
62,LGGFASK,LGGFGSK,G to A,0,1.0,2,S4,Kidney,b0,b1,y8,y7,b0,b1,y8,y7,,418.29848599999997,,,,418.29848599999997,,
63,KQTALAELPK,KQTALAELVK,V to P,0,0.5,3,S4,Kidney,b0,b1,y11,y10,b0,b1,y11,y10,,737.5165360000001,,,,737.5165360000001,,
64,IKPHLMSQEVTEDWDKQPVK,IKPHLMSQEVPEDWDKQPVK,P to T,0,0.244,5,S4,Kidney,b0,b1,y21,y20,b0,b1,y21,y20,,418.29848599999997,,,,418.29848599999997,,
65,KASTPPVSELITK,KASGPPVSELITK,G to T,3,0.25,3,S4,Kidney,b3,b4,y11,y10,b3,b4,y11,y10,,996.633356,,,895.585676,952.6071360000001,1431.837791,
66,KLDEIINTQHENVK,KLTEIINTQHENVK,T to D,2,0.075,3,S4,Kidney,b2,b3,y13,y12,b2,b3,y13,y12,,,,,850.600596,951.6482760000001,,
67,LKEEEVTFDTQSLAK,LKEEEVTFWTQSLAK,W to D,0,0.992,3,S4,Kidney,b0,b1,y16,y15,b0,b1,y16,y15,,418.29848599999997,,,,418.29848599999997,,
68,VGNTWDPNILYGPLHTK,VGNPWDPNILYGPLHTK,P to T,0,0.497,3,S4,Kidney,b0,b1,y18,y17,b0,b1,y18,y17,,404.28283600000003,,,,404.28283600000003,,
69,DGLVFMPGTIQMR,TGLVFMPGTIQMR,T to D,0,0.488,2,S4,Kidney,b0,b1,y14,y13,b0,b1,y14,y13,,420.241366,,,,,,
70,IAASQNTVDSVVK,IAASQNTVWSVVK,W to D,0,0.999,2,S4,Kidney,b0,b1,y14,y13,b0,b1,y14,y13,,418.29848599999997,,,,418.29848599999997,,
71,KQDALAELVK,KQTALAELVK,T to D,2,0.011,2,S4,Kidney,b2,b3,y9,y8,b2,b3,y9,y8,,980.6020560000001,,,865.5751160000001,966.6227960000001,1276.779551,1148.720971
72,FAPPQPAEPDSFVK,FAPPQPAEPWSFVK,W to D,1,0.965,2,S4,Kidney,b1,b2,y14,y13,b1,b2,y14,y13,452.28283600000003,523.3199460000001,,,452.28283600000003,523.3199460000001,,
73,KTEDWDEEMDGEWEPPVIQNPEYK,KPEDWDEEMDGEWEPPVIQNPEYK,P to T,1,0.071,3,S4,Kidney,b1,b2,y24,y23,b1,b2,y24,y23,737.5165360000001,,,,737.5165360000001,,,
74,KTEDWDEEMDGEWEPPVIQNPEYK,KPEDWDEEMDGEWEPPVIQNPEYK,P to T,1,0.071,3,S4,Kidney,b1,b2,y24,y23,b1,b2,y24,y23,737.5165360000001,,,,737.5165360000001,,,
75,FAPPQPAETWSFVK,FAPPQPAEPWSFVK,P to T,0,0.499,2,S4,Kidney,b0,b1,y15,y14,b0,b1,y15,y14,,452.28283600000003,,,,452.28283600000003,,
76,FAPPQPAETWSFVK,FAPPQPAEPWSFVK,P to T,0,0.491,2,S4,Kidney,b0,b1,y15,y14,b0,b1,y15,y14,,452.28283600000003,,,,452.28283600000003,,
77,AGWTIVTPPTPVIPDDHTLWMSSK,AGWTIVTPPTPVIPDDHPLWMSSK,P to T,0,0.245,3,S4,Kidney,b0,b1,y25,y24,b0,b1,y25,y24,,376.251536,,,,376.251536,,
78,DGAIVDVPVGEELLGR,TGAIVDVPVGEELLGR,T to D,0,0.975,2,S4,Kidney,b0,b1,y17,y16,b0,b1,y17,y16,,420.241366,,,,406.262106,,
79,DVTAMDVVYALK,TVTAMDVVYALK,T to D,0,0.943,2,S4,Kidney,b0,b1,y13,y12,b0,b1,y13,y12,,420.241366,,,,406.262106,,
80,LDHHTEWFNVYNK,LDHHPEWFNVYNK,P to T,0,0.236,4,S4,Kidney,b0,b1,y14,y13,b0,b1,y14,y13,,418.29848599999997,,,,418.29848599999997,,
81,ADDSSLSR,ADWSSLSR,W to D,0,1.0,2,S4,Kidney,b0,b1,y9,y8,b0,b1,y9,y8,,376.251536,,,,376.251536,,
82,ADDSSLSR,ADWSSLSR,W to D,0,1.0,2,S4,Kidney,b0,b1,y9,y8,b0,b1,y9,y8,,376.251536,,,,376.251536,,
83,SSSASGPPK,SSSASSPPK,S to G,0,0.999,2,S4,Kidney,b0,b1,y10,y9,b0,b1,y10,y9,,392.246456,,,,392.246456,,
84,AAVSGLDGK,AAVSGLWGK,W to D,0,1.0,2,S4,Kidney,b0,b1,y10,y9,b0,b1,y10,y9,,376.251536,,,,376.251536,,
85,AAVSGLDGK,AAVSGLWGK,W to D,0,1.0,2,S4,Kidney,b0,b1,y10,y9,b0,b1,y10,y9,,376.251536,,,,376.251536,,
86,EVEERPAPTTWGSK,EVEERPAPTPWGSK,P to T,0,0.058,3,S4,Kidney,b0,b1,y15,y14,b0,b1,y15,y14,,434.25701599999996,,,,434.25701599999996,,
87,DLYDAGVK,ELYDAGVK,E to D,0,0.997,2,S4,Kidney,b0,b1,y9,y8,b0,b1,y9,y8,,420.241366,,,,434.25701599999996,,
88,GLFIIDGK,GLFIIDAK,A to G,0,0.807,2,S4,Kidney,b0,b1,y9,y8,b0,b1,y9,y8,,362.235886,,,,362.235886,,
89,NAEGTDSVEK,NAEGTWSVEK,W to D,0,1.0,2,S4,Kidney,b0,b1,y11,y10,b0,b1,y11,y10,,419.257356,,,,419.257356,,
90,NAEGTDSVEK,NAEGTWSVEK,W to D,2,0.333,2,S4,Kidney,b2,b3,y9,y8,b2,b3,y9,y8,490.294466,619.3370560000001,1239.6387610000002,1168.6016510000002,490.294466,619.3370560000001,1310.691131,1239.654021
91,KFDLNSTWEAFPAYR,KFDLNSPWEAFPAYR,P to T,0,0.079,3,S4,Kidney,b0,b1,y16,y15,b0,b1,y16,y15,,737.5165360000001,,,,,,
92,SNTIGISLIK,ANTIGISLIK,A to S,0,0.99,2,S4,Kidney,b0,b1,y11,y10,b0,b1,y11,y10,,392.246456,,,,376.251536,,
93,KFDLNSTWEAFPAYR,KFDLNSPWEAFPAYR,P to T,0,0.24,3,S4,Kidney,b0,b1,y16,y15,b0,b1,y16,y15,,737.5165360000001,,,,,,
94,LTGSLSGDTSPK,LTGSLSGWTSPK,W to D,1,0.928,2,S4,Kidney,b1,b2,y12,y11,b1,b2,y12,y11,418.29848599999997,519.346166,,1353.718081,418.29848599999997,519.346166,,
95,LTGSLSGDTSPK,LTGSLSGWTSPK,W to D,1,0.5,2,S4,Kidney,b1,b2,y12,y11,b1,b2,y12,y11,418.29848599999997,519.346166,,1353.718081,418.29848599999997,519.346166,,
96,VGNTWDPNILYGPLHTK,VGNPWDPNILYGPLHTK,P to T,0,0.328,3,S4,Kidney,b0,b1,y18,y17,b0,b1,y18,y17,,404.28283600000003,,,,404.28283600000003,,
97,AAATQPDGKDTPDETWAFPAR,AAATQPDGKDTPDEPWAFPAR,P to T,1,0.431,3,S4,Kidney,b1,b2,y21,y20,b1,b2,y21,y20,376.251536,447.288646,,,376.251536,447.288646,,
98,VTDDDAPNTTAWK,VTDDDAPNTPAWK,P to T,0,0.015,2,S4,Kidney,b0,b1,y14,y13,b0,b1,y14,y13,,404.28283600000003,,,,404.28283600000003,,
99,QDMQVDEHARPQTTLEQLQK,QTMQVDEHARPQTTLEQLQK,T to D,1,0.451,3,S4,Kidney,b1,b2,y20,y19,b1,b2,y20,y19,433.273006,548.2999460000001,,,433.273006,534.320686,,
100,NLETEWAAAATEVK,NLEPEWAAAATEVK,P to T,0,0.014,2,S4,Kidney,b0,b1,y15,y14,b0,b1,y15,y14,,419.257356,,,,419.257356,,
101,NLEQEWAAAATEVK,NLEPEWAAAATEVK,P to Q,0,0.017,2,S4,Kidney,b0,b1,y15,y14,b0,b1,y15,y14,,419.257356,,,,419.257356,,
102,ATYSTNSTVWEEAFR,ATYSTNSPVWEEAFR,P to T,0,0.013,2,S4,Kidney,b0,b1,y16,y15,b0,b1,y16,y15,,376.251536,,,,376.251536,,
103,IEDEQALAMQLQK,IEDEQALGMQLQK,G to A,0,0.993,2,S4,Kidney,b0,b1,y14,y13,b0,b1,y14,y13,,418.29848599999997,,,,418.29848599999997,,
104,TADGDLAGTVHPQLQDNDFEPLRPGEPIFK,TADGDLAGTVHPQLQDHDFEPLRPGEPIFK,H to N,0,0.481,4,S4,Kidney,b0,b1,y31,y30,b0,b1,y31,y30,,406.262106,,,,406.262106,,
105,LNTTWNQPNQDTEAGFR,LNPTWNQPNQDTEAGFR,P to T,0,0.326,2,S4,Kidney,b0,b1,y18,y17,b0,b1,y18,y17,,418.29848599999997,,,,418.29848599999997,,
106,DLYANDVLSGGTTMYPGIADR,DLYANTVLSGGTTMYPGIADR,T to D,1,0.497,2,S4,Kidney,b1,b2,y21,y20,b1,b2,y21,y20,420.241366,533.3254260000001,,,420.241366,533.3254260000001,,
107,DLYANDVLSGGTTMYPGIADR,DLYANTVLSGGTTMYPGIADR,T to D,1,0.496,2,S4,Kidney,b1,b2,y21,y20,b1,b2,y21,y20,420.241366,533.3254260000001,,,420.241366,533.3254260000001,,
108,AVDDSYNVQPDTVATIWNLR,AVDDSYNVQPDTVAPIWNLR,P to T,0,0.066,2,S4,Kidney,b0,b1,y21,y20,b0,b1,y21,y20,,376.251536,,,,376.251536,,
109,DITLEVEPSDTIENVK,TITLEVEPSDTIENVK,T to D,0,0.482,2,S4,Kidney,b0,b1,y17,y16,b0,b1,y17,y16,,420.241366,,,,406.262106,,
110,DITLEVEPSDTIENVK,TITLEVEPSDTIENVK,T to D,0,0.321,2,S4,Kidney,b0,b1,y17,y16,b0,b1,y17,y16,,420.241366,,,,406.262106,,
111,GTDDDRTSWR,GTDDDRPSWR,P to T,0,0.328,3,S4,Kidney,b0,b1,y11,y10,b0,b1,y11,y10,,362.235886,,,,362.235886,,
112,SHPLFTFLR,AHPLFTFLR,A to S,0,0.991,3,S4,Kidney,b0,b1,y10,y9,b0,b1,y10,y9,,392.246456,,,,376.251536,,
113,SHPLFTFLR,AHPLFTFLR,A to S,0,0.993,3,S4,Kidney,b0,b1,y10,y9,b0,b1,y10,y9,,392.246456,,,,376.251536,,
114,DQEGYFHFIGR,DPEGYFHFIGR,P to Q,1,0.015,3,S4,Kidney,b1,b2,y11,y10,b1,b2,y11,y10,420.241366,548.2999460000001,,,420.241366,517.294126,,1222.600341
115,ENPTTFMGHYLNEVAR,ENPTTFMGHYLHEVAR,H to N,2,0.964,3,S4,Kidney,b2,b3,y15,y14,b2,b3,y15,y14,548.2999460000001,,,1651.789671,548.2999460000001,,,1674.805651
116,VQLTDAEK,VHLTDAEK,H to Q,0,0.999,2,S4,Kidney,b0,b1,y9,y8,b0,b1,y9,y8,,404.28283600000003,,,,404.28283600000003,,
117,IHPETGTWEEFLEK,IHPEPGTWEEFLEK,P to T,0,0.249,3,S4,Kidney,b0,b1,y15,y14,b0,b1,y15,y14,,418.29848599999997,,,,418.29848599999997,,
118,DALNIETALK,DALNIETAVK,V to I/L,0,1.0,2,S4,Kidney,b0,b1,y11,y10,b0,b1,y11,y10,,420.241366,,,,420.241366,,
119,VAPEEHQVLLTEAPLNPK,VAPEEHPVLLTEAPLNPK,P to Q,2,0.025,3,S4,Kidney,b2,b3,y17,y16,b2,b3,y17,y16,475.319946,,,,475.319946,572.3727060000001,,
120,VAQEEHPVLLTEAPLNPK,VAPEEHPVLLTEAPLNPK,P to Q,2,0.11,3,S4,Kidney,b2,b3,y17,y16,b2,b3,y17,y16,475.319946,,,,475.319946,572.3727060000001,,
121,FAPPEAPETWSGVR,FAPPEAPEPWSGVR,P to T,0,0.471,2,S4,Kidney,b0,b1,y15,y14,b0,b1,y15,y14,,452.28283600000003,,,,452.28283600000003,,
122,TDESQTWVLPVVR,TDESQPWVLPVVR,P to T,0,0.5,2,S4,Kidney,b0,b1,y14,y13,b0,b1,y14,y13,,406.262106,,,,406.262106,,
123,FAPPEAPETWSGVR,FAPPEAPEPWSGVR,P to T,0,0.489,2,S4,Kidney,b0,b1,y15,y14,b0,b1,y15,y14,,452.28283600000003,,,,452.28283600000003,,
124,TDESQTWVLPVVR,TDESQPWVLPVVR,P to T,0,0.497,2,S4,Kidney,b0,b1,y14,y13,b0,b1,y14,y13,,406.262106,,,,406.262106,,
125,IMLTWDPSGK,IMLPWDPSGK,P to T,0,0.014,2,S4,Kidney,b0,b1,y11,y10,b0,b1,y11,y10,,418.29848599999997,,,,418.29848599999997,,
126,DGPNALTPPPTTTEWVK,DGPNALTPPPTTPEWVK,P to T,0,0.292,2,S4,Kidney,b0,b1,y18,y17,b0,b1,y18,y17,,420.241366,,,,420.241366,,
127,DGPNALTPPPTTTEWVK,DGPNALTPPPTTPEWVK,P to T,0,0.297,2,S4,Kidney,b0,b1,y18,y17,b0,b1,y18,y17,,420.241366,,,,420.241366,,
128,EIIVTDYDPQNLQELQK,EIIVTDYTPQNLQELQK,T to D,1,0.249,2,S4,Kidney,b1,b2,y17,y16,b1,b2,y17,y16,434.25701599999996,547.341076,,,434.25701599999996,547.341076,,
129,DPSPGQPSNFIVTFQEQAWQRPDGQPATR,DPSPGQPSNFIVPFQEQAWQRPDGQPATR,P to T,0,0.108,3,S4,Kidney,b0,b1,y30,y29,b0,b1,y30,y29,,420.241366,,,,420.241366,,
130,DPSPGQPSNFIVTFQEQAWQRPDGQPATR,DPSPGQPSNFIVPFQEQAWQRPDGQPATR,P to T,0,0.111,3,S4,Kidney,b0,b1,y30,y29,b0,b1,y30,y29,,420.241366,,,,420.241366,,
131,VAPEENPVLLTEAPLNPK,VAPEEHPVLLTEAPLNPK,H to N,1,0.954,2,S4,Kidney,b1,b2,y18,y17,b1,b2,y18,y17,404.28283600000003,475.319946,,,404.28283600000003,475.319946,,
132,GNDGHLDQVAALR,GNWGHLDQVAALR,W to D,0,1.0,3,S4,Kidney,b0,b1,y14,y13,b0,b1,y14,y13,,362.235886,,,,362.235886,,
133,AAVSGLDGK,AAVSGLWGK,W to D,0,1.0,2,S4,Kidney,b0,b1,y10,y9,b0,b1,y10,y9,,376.251536,,,,376.251536,,
134,TSTDSGESK,TSTWSGESK,W to D,0,1.0,2,S4,Kidney,b0,b1,y10,y9,b0,b1,y10,y9,,406.262106,,,,406.262106,,
135,GGSEVQIFAPDVPQMHVIDHTK,GGAEVQIFAPDVPQMHVIDHTK,A to S,2,0.33,4,S4,Kidney,b2,b3,y21,y20,b2,b3,y21,y20,,506.289376,,,419.257346,490.294456,,
136,LLVVYPDTQR,LLVVYPWTQR,W to D,0,1.0,2,S4,Kidney,b0,b1,y11,y10,b0,b1,y11,y10,,418.29848599999997,,,,418.29848599999997,,
137,PNADEVGGEALGR,VNADEVGGEALGR,V to P,0,0.998,2,S4,Kidney,b0,b1,y14,y13,b0,b1,y14,y13,,402.267186,,,,404.28283600000003,,
138,EATDVVDVK,EATWVVDVK,W to D,0,1.0,2,S4,Kidney,b0,b1,y10,y9,b0,b1,y10,y9,,434.25701599999996,,,,434.25701599999996,,
139,LLVVYTWTQR,LLVVYPWTQR,P to T,0,0.331,2,S4,Kidney,b0,b1,y11,y10,b0,b1,y11,y10,,418.29848599999997,,,,418.29848599999997,,
140,KDVTAMDVVYALK,KTVTAMDVVYALK,T to D,1,0.347,3,S4,Kidney,b1,b2,y13,y12,b1,b2,y13,y12,,852.543476,,,737.5165360000001,838.564216,,
141,LLVVYQWTQR,LLVVYPWTQR,P to Q,0,0.498,2,S4,Kidney,b0,b1,y11,y10,b0,b1,y11,y10,,418.29848599999997,,,,418.29848599999997,,
142,GAGSIAGASASPK,GAGAIAGASASPK,A to S,0,0.996,2,S4,Kidney,b0,b1,y14,y13,b0,b1,y14,y13,,362.235886,,,,362.235886,,
143,GNDGYLDQAAALR,GNWGYLDQAAALR,W to D,0,0.979,2,S4,Kidney,b0,b1,y14,y13,b0,b1,y14,y13,,362.235886,,,,362.235886,,
144,EATWQVDVK,EATWVVDVK,V to Q,1,0.498,2,S4,Kidney,b1,b2,y9,y8,b1,b2,y9,y8,434.25701599999996,505.294126,,1250.7063910000002,434.25701599999996,505.294126,,1221.7162210000001
145,SLNPELGTDADKEQDK,SLNPELGTDADKEQWK,W to D,0,0.994,3,S4,Kidney,b0,b1,y17,y16,b0,b1,y17,y16,,392.246456,,,,392.246456,,
146,NEWEAATPAVAETPDIK,TEWEAATPAVAETPDIK,T to N,0,0.333,2,S4,Kidney,b0,b1,y18,y17,b0,b1,y18,y17,,,,,,144.065556,,
147,ELDSITPDITQGWK,ELDSITPDITPGWK,P to Q,0,0.331,2,S4,Kidney,b0,b1,y15,y14,b0,b1,y15,y14,,434.25701599999996,,,,434.25701599999996,,
148,ELDSITPDITTGWK,ELDSITPDITPGWK,P to T,0,0.103,2,S4,Kidney,b0,b1,y15,y14,b0,b1,y15,y14,,434.25701599999996,,,,434.25701599999996,,
149,DASAQPVSSVGVLGLGTMGR,TASAQPVSSVGVLGLGTMGR,T to D,0,0.486,2,S4,Kidney,b0,b1,y21,y20,b0,b1,y21,y20,,420.241366,,,,406.262106,,
150,DVTNAVVTVPAYFNDSQR,TVTNAVVTVPAYFNDSQR,T to D,0,0.326,2,S4,Kidney,b0,b1,y19,y18,b0,b1,y19,y18,,420.241366,,,,406.262106,,
151,DVTNAVVTVPAYFNDSQR,TVTNAVVTVPAYFNDSQR,T to D,0,0.499,2,S4,Kidney,b0,b1,y19,y18,b0,b1,y19,y18,,420.241366,,,,406.262106,,
152,KDVTAMDVVYALK,KTVTAMDVVYALK,T to D,1,0.498,2,S4,Kidney,b1,b2,y13,y12,b1,b2,y13,y12,,852.543476,,,737.5165360000001,838.564216,,
153,KDVTAMDVVYALK,KTVTAMDVVYALK,T to D,1,0.492,2,S4,Kidney,b1,b2,y13,y12,b1,b2,y13,y12,,852.543476,,,737.5165360000001,838.564216,,
154,KDVTAMDVVYALK,KTVTAMDVVYALK,T to D,1,0.494,2,S4,Kidney,b1,b2,y13,y12,b1,b2,y13,y12,,852.543476,,,737.5165360000001,838.564216,,
155,DGPNALTPPPTTTEWVK,DGPNALTPPPTTPEWVK,P to T,0,0.058,2,S4,Kidney,b0,b1,y18,y17,b0,b1,y18,y17,,420.241366,,,,420.241366,,
156,EHLELFDSR,EHLELFWSR,W to D,0,0.975,3,S4,Kidney,b0,b1,y10,y9,b0,b1,y10,y9,,434.25701599999996,,,,434.25701599999996,,
157,GADSNVLR,GAWSNVLR,W to D,0,0.985,2,S4,Kidney,b0,b1,y9,y8,b0,b1,y9,y8,,362.235886,,,,362.235886,,
158,KGESGQSWTR,KGESGQSWPR,P to T,2,0.029,3,S4,Kidney,b2,b3,y9,y8,b2,b3,y9,y8,,923.580586,1007.4540910000001,950.4326310000001,,923.580586,1003.4591710000001,946.4377110000001
159,DQIHDLVLVGGSTR,AQIHDLVLVGGSTR,A to D,0,0.5,3,S4,Kidney,b0,b1,y15,y14,b0,b1,y15,y14,,,,,,376.251536,,
160,DLEEDNQR,DLEEWNQR,W to D,0,1.0,2,S4,Kidney,b0,b1,y9,y8,b0,b1,y9,y8,,420.241366,,,,420.241366,,
161,SGLQFPVGR,AGLQFPVGR,A to S,0,0.989,2,S4,Kidney,b0,b1,y10,y9,b0,b1,y10,y9,,392.246456,,,,376.251536,,
162,HGNQYIQVNETWK,HGNQYIQVNEPWK,P to T,0,0.491,3,S4,Kidney,b0,b1,y14,y13,b0,b1,y14,y13,,442.27333600000003,,,,442.27333600000003,,
163,DGPNLHGLFGR,TGPNLHGLFGR,T to D,0,0.993,2,S4,Kidney,b0,b1,y12,y11,b0,b1,y12,y11,,420.241366,,,,406.262106,,
164,DGPNLHGLFGR,TGPNLHGLFGR,T to D,0,0.987,2,S4,Kidney,b0,b1,y12,y11,b0,b1,y12,y11,,420.241366,,,,406.262106,,
165,NDASGQDLQAK,NWASGQDLQAK,W to D,1,0.963,2,S4,Kidney,b1,b2,y11,y10,b1,b2,y11,y10,419.257356,534.284296,,1336.702761,419.257356,605.336666,,1407.7551310000001
166,VVSPDNSEDAK,VVSPWNSEDAK,W to D,0,0.993,2,S4,Kidney,b0,b1,y12,y11,b0,b1,y12,y11,,404.28283600000003,,,,404.28283600000003,,
167,LLVVYTWTQR,LLVVYPWTQR,P to T,0,0.489,2,S4,Kidney,b0,b1,y11,y10,b0,b1,y11,y10,,418.29848599999997,,,,418.29848599999997,,
168,LLVVYTWTQR,LLVVYPWTQR,P to T,0,0.486,2,S4,Kidney,b0,b1,y11,y10,b0,b1,y11,y10,,418.29848599999997,,,,418.29848599999997,,
169,NSWGETWGEK,NSWGEPWGEK,P to T,0,0.493,2,S4,Kidney,b0,b1,y11,y10,b0,b1,y11,y10,,419.257356,,,,419.257356,,
170,DLLLDTAWEK,DLLLDPAWEK,P to T,0,0.332,2,S4,Kidney,b0,b1,y11,y10,b0,b1,y11,y10,,420.241366,,,,420.241366,,
171,VVSTWNSEDAK,VVSPWNSEDAK,P to T,0,0.498,2,S4,Kidney,b0,b1,y12,y11,b0,b1,y12,y11,,404.28283600000003,,,,404.28283600000003,,
172,AGVAQPGGDTIFGK,AQVAQPGGDTIFGK,Q to G,1,0.5,2,S4,Kidney,b1,b2,y14,y13,b1,b2,y14,y13,376.251536,433.272996,,,376.251536,504.310116,,1621.886861
173,DLTIDAIQFQR,TLTIDAIQFQR,T to D,0,0.981,2,S4,Kidney,b0,b1,y12,y11,b0,b1,y12,y11,,420.241366,,,,406.262106,,
174,ELDSITPDITTGWK,ELDSITPDITPGWK,P to T,0,0.331,2,S4,Kidney,b0,b1,y15,y14,b0,b1,y15,y14,,434.25701599999996,,,,434.25701599999996,,
175,DVTNAVVTVPAYFNDSQR,TVTNAVVTVPAYFNDSQR,T to D,0,0.326,2,S4,Kidney,b0,b1,y19,y18,b0,b1,y19,y18,,420.241366,,,,406.262106,,
176,DDGLFSGDTNWFPK,DDGLFSGDPNWFPK,P to T,0,0.302,2,S4,Kidney,b0,b1,y15,y14,b0,b1,y15,y14,,420.241366,,,,420.241366,,
177,DTGIVMDSGDGVTHTVPIYEGYALPHAILR,TTGIVMDSGDGVTHTVPIYEGYALPHAILR,T to D,0,0.264,3,S4,Kidney,b0,b1,y31,y30,b0,b1,y31,y30,,420.241366,,,,406.262106,,
178,LEQEITTYR,LEQEIATYR,A to T,0,0.995,2,S4,Kidney,b0,b1,y10,y9,b0,b1,y10,y9,,418.29848599999997,,,,418.29848599999997,,
179,DLGATDVVLGHSER,DLGATWVVLGHSER,W to D,1,0.931,3,S4,Kidney,b1,b2,y14,y13,b1,b2,y14,y13,420.241366,533.3254260000001,,,420.241366,533.3254260000001,,
180,LAVTWGHIALK,LAVPWGHIALK,P to T,0,0.5,3,S4,Kidney,b0,b1,y12,y11,b0,b1,y12,y11,,418.29848599999997,,,,418.29848599999997,,
181,DVAHIQTVQHK,TVAHIQTVQHK,T to D,0,0.499,3,S4,Kidney,b0,b1,y12,y11,b0,b1,y12,y11,,420.241366,,,,406.262106,,
182,DVAHIQTVQHK,TVAHIQTVQHK,T to D,0,0.247,3,S4,Kidney,b0,b1,y12,y11,b0,b1,y12,y11,,420.241366,,,,406.262106,,
183,SGLQFPVGR,AGLQFPVGR,A to S,0,0.98,2,S4,Kidney,b0,b1,y10,y9,b0,b1,y10,y9,,392.246456,,,,376.251536,,
184,QFLFRTWDVTK,QFLFRPWDVTK,P to T,0,0.067,3,S4,Kidney,b0,b1,y12,y11,b0,b1,y12,y11,,433.273006,,,,433.273006,,
185,LLVVYPDTQR,LLVVYPWTQR,W to D,1,0.497,2,S4,Kidney,b1,b2,y10,y9,b1,b2,y10,y9,418.29848599999997,531.382546,,1090.5891210000002,418.29848599999997,531.382546,,1161.641491
186,GMETWTLK,GMEPWTLK,P to T,0,0.017,2,S4,Kidney,b0,b1,y9,y8,b0,b1,y9,y8,,362.235886,,,,362.235886,,
187,VNADELGGEALGR,VNADEVGGEALGR,V to I/L,0,1.0,2,S4,Kidney,b0,b1,y14,y13,b0,b1,y14,y13,,404.28283600000003,,,,404.28283600000003,,
188,VNVDEVGGEALGR,VNADEVGGEALGR,A to V,0,0.997,2,S4,Kidney,b0,b1,y14,y13,b0,b1,y14,y13,,404.28283600000003,,,,404.28283600000003,,
189,LLVVYQWTQR,LLVVYPWTQR,P to Q,0,0.497,2,S4,Kidney,b0,b1,y11,y10,b0,b1,y11,y10,,418.29848599999997,,,,418.29848599999997,,
190,LLVVYTWTQR,LLVVYPWTQR,P to T,0,0.2,2,S4,Kidney,b0,b1,y11,y10,b0,b1,y11,y10,,418.29848599999997,,,,418.29848599999997,,
191,LLVVYTWTQR,LLVVYPWTQR,P to T,0,0.493,2,S4,Kidney,b0,b1,y11,y10,b0,b1,y11,y10,,418.29848599999997,,,,418.29848599999997,,
192,DTTTQYTEAK,WTTTQYTEAK,W to D,0,0.992,2,S4,Kidney,b0,b1,y11,y10,b0,b1,y11,y10,,420.241366,,,,491.293736,,
193,VDGVSAEPTPESDR,VDGVSAEPTPESWR,W to D,1,0.488,2,S4,Kidney,b1,b2,y14,y13,b1,b2,y14,y13,404.28283600000003,519.309776,,1359.602251,404.28283600000003,519.309776,,1430.6546210000001
194,DELLQQVDTSTR,WELLQQVDTSTR,W to D,0,0.497,2,S4,Kidney,b0,b1,y13,y12,,,,,,420.241366,,,,,,
195,NELLQQVDTSTR,WELLQQVDTSTR,W to N,0,0.5,2,S4,Kidney,b0,b1,y13,y12,,,,,,419.257356,,,,,,
196,DELLQQVDTSTR,WELLQQVDTSTR,W to D,0,0.5,2,S4,Kidney,b0,b1,y13,y12,,,,,,420.241366,,,,,,
197,LLVVNTWLTQVR,LLVVNPWLTQVR,P to T,0,0.142,2,S4,Kidney,b0,b1,y13,y12,b0,b1,y13,y12,,418.29848599999997,,,,418.29848599999997,,
198,FDQAGSEVSALLGR,FTQAGSEVSALLGR,T to D,1,0.034,2,S4,Kidney,b1,b2,y14,y13,b1,b2,y14,y13,452.28283600000003,567.309776,,,452.28283600000003,553.330516,,1288.685531
199,FDQAGSEVSALLGR,FTQAGSEVSALLGR,T to D,1,0.024,2,S4,Kidney,b1,b2,y14,y13,b1,b2,y14,y13,452.28283600000003,567.309776,,,452.28283600000003,553.330516,,1288.685531
200,VVSTWNSEDAK,VVSPWNSEDAK,P to T,0,0.5,2,S4,Kidney,b0,b1,y12,y11,b0,b1,y12,y11,,404.28283600000003,,,,404.28283600000003,,
201,VDGVSAEPTTESWR,VDGVSAEPTPESWR,P to T,0,0.011,2,S4,Kidney,b0,b1,y15,y14,b0,b1,y15,y14,,404.28283600000003,,,,404.28283600000003,,
202,VVSTWNSEDAK,VVSPWNSEDAK,P to T,0,0.5,2,S4,Kidney,b0,b1,y12,y11,b0,b1,y12,y11,,404.28283600000003,,,,404.28283600000003,,
203,ASDTSITDNNLK,ASDTSITWNNLK,W to D,0,1.0,2,S4,Kidney,b0,b1,y13,y12,b0,b1,y13,y12,,376.251536,,,,376.251536,,
204,ASDTSITDNNLK,ASDTSITWNNLK,W to D,0,1.0,2,S4,Kidney,b0,b1,y13,y12,b0,b1,y13,y12,,376.251536,,,,376.251536,,
205,GSAQNIIPASTGAAK,GAAQNIIPASTGAAK,A to S,1,0.498,2,S4,Kidney,b1,b2,y15,y14,b1,b2,y15,y14,362.235886,449.267916,,,362.235886,433.272996,,
206,QISMLQQSISDAEQR,QISNLQQSISDAEQR,N to M,0,0.025,2,S4,Kidney,b0,b1,y16,y15,,,,,,433.273006,,,,,,
207,LISDYDNEYGYSNR,LISWYDNEYGYSNR,W to D,0,1.0,2,S4,Kidney,b0,b1,y15,y14,b0,b1,y15,y14,,418.29848599999997,,,,418.29848599999997,,
208,GYELAAGGTAVGTGLNTR,IYELAAGGTAVGTGLNTR,I to G,0,0.98,2,S4,Kidney,b0,b1,y19,y18,b0,b1,y19,y18,,362.235886,,,,418.29848599999997,,
209,GDGTWYQFPTPEK,GDGPWYQFPTPEK,P to T,0,0.469,2,S4,Kidney,b0,b1,y14,y13,b0,b1,y14,y13,,362.235886,,,,362.235886,,
210,GDGTWYQFPTPEK,GDGPWYQFPTPEK,P to T,0,0.497,2,S4,Kidney,b0,b1,y14,y13,b0,b1,y14,y13,,362.235886,,,,362.235886,,
211,DASAQPVSSVGVLGLGTMGR,TASAQPVSSVGVLGLGTMGR,T to D,0,0.472,2,S4,Kidney,b0,b1,y21,y20,b0,b1,y21,y20,,420.241366,,,,406.262106,,
212,TDLTTWSAAMDAGLESMQK,TDLPTWSAAMDAGLESMQK,P to T,0,0.12,2,S4,Kidney,b0,b1,y20,y19,b0,b1,y20,y19,,406.262106,,,,406.262106,,
213,LKAEFQEEAK,LKAEYQEEAK,Y to F,0,0.92,3,S4,Kidney,b0,b1,y11,y10,b0,b1,y11,y10,,418.29848599999997,,,,418.29848599999997,,
214,SGYQALTWVR,SGYQALPWVR,P to T,0,0.25,2,S4,Kidney,b0,b1,y11,y10,b0,b1,y11,y10,,392.246456,,,,392.246456,,
215,LLVVYPDTQR,LLVVYPWTQR,W to D,1,0.498,2,S4,Kidney,b1,b2,y10,y9,b1,b2,y10,y9,418.29848599999997,531.382546,,1090.5891210000002,418.29848599999997,531.382546,,1161.641491
216,LEDTQWAGLTDQHVK,LEDTLWAGLTDQHVK,L to Q,0,0.011,3,S4,Kidney,b0,b1,y16,y15,b0,b1,y16,y15,,418.29848599999997,,,,418.29848599999997,,
217,VMLGTTNPADSKPGTIR,VMLGETNPADSKPGTIR,E to T,1,0.981,3,S4,Kidney,b1,b2,y17,y16,b1,b2,y17,y16,404.28283600000003,551.3182260000001,,,404.28283600000003,535.3233260000001,,1991.055071
218,SEEDFLTWER,SEEDFLPWER,P to T,0,0.38,2,S4,Kidney,b0,b1,y11,y10,b0,b1,y11,y10,,392.246456,,,,392.246456,,
219,SEEDFLTWER,SEEDFLPWER,P to T,0,0.418,2,S4,Kidney,b0,b1,y11,y10,b0,b1,y11,y10,,392.246456,,,,392.246456,,
220,LLVVYTWTQR,LLVVYPWTQR,P to T,0,0.492,2,S4,Kidney,b0,b1,y11,y10,b0,b1,y11,y10,,418.29848599999997,,,,418.29848599999997,,
221,VVVTMEDSAK,VVVTMEHSAK,H to D,0,1.0,2,S4,Kidney,b0,b1,y11,y10,b0,b1,y11,y10,,404.28283600000003,,,,404.28283600000003,,
222,GDGTWYQFPTPEKEFIDHSPK,GDGPWYQFPTPEKEFIDHSPK,P to T,0,0.496,4,S4,Kidney,b0,b1,y22,y21,b0,b1,y22,y21,,362.235886,,,,362.235886,,
223,SEDYAFPDYADR,SEDYAFPTYADR,T to D,1,0.031,2,S4,Kidney,b1,b2,y12,y11,b1,b2,y12,y11,392.246456,521.2890460000001,,1361.564411,392.246456,521.2890460000001,,1347.585151
224,SEDYAFPDYADR,SEDYAFPTYADR,T to D,4,0.077,2,S4,Kidney,b4,b5,y9,y8,b4,b5,y9,y8,799.379316,870.416426,1117.494881,954.4315510000001,799.379316,,1103.515621,940.4522910000001
225,EDTIQGLDGLSER,ETTIQGLDGLSER,T to D,1,0.015,2,S4,Kidney,b1,b2,y13,y12,b1,b2,y13,y12,434.25701599999996,,,,434.25701599999996,535.304696,,1289.6695510000002
226,FSSETDQNLGTLQR,FSSETWQNLGTLQR,W to D,0,1.0,2,S4,Kidney,b0,b1,y15,y14,b0,b1,y15,y14,,452.28283600000003,,,,452.28283600000003,,
227,EVQLQQSGPDLVKPGASVK,EVQLQQSGPELVKPGASVK,E to D,2,0.33,3,S4,Kidney,b2,b3,y18,y17,b2,b3,y18,y17,533.3254260000001,661.384006,,,533.3254260000001,661.384006,,
228,DFTQAAQAAFQK,DFTPAAQAAFQK,P to Q,0,0.016,2,S4,Kidney,b0,b1,y13,y12,b0,b1,y13,y12,,420.241366,,,,420.241366,,
229,LISDYDNEYGYSNR,LISWYDNEYGYSNR,W to D,0,0.999,2,S4,Kidney,b0,b1,y15,y14,b0,b1,y15,y14,,418.29848599999997,,,,418.29848599999997,,
230,DDFAPQLQSLNK,TDFAPQLQSLNK,T to D,0,0.486,2,S4,Kidney,b0,b1,y13,y12,b0,b1,y13,y12,,420.241366,,,,406.262106,,
231,DDFAPQLQSLNK,TDFAPQLQSLNK,T to D,0,0.494,2,S4,Kidney,b0,b1,y13,y12,b0,b1,y13,y12,,420.241366,,,,406.262106,,
232,TVELLSGVVDQDK,TVELLSGVVDQTK,T to D,0,0.018,2,S4,Kidney,b0,b1,y14,y13,b0,b1,y14,y13,,406.262106,,,,406.262106,,
233,AATESFASDPILYRPVAVALDTK,EATESFASDPILYRPVAVALDTK,E to A,0,0.5,3,S4,Kidney,b0,b1,y24,y23,b0,b1,y24,y23,,376.251536,,,,434.25701599999996,,
234,GDGTWYQFPTPEK,GDGPWYQFPTPEK,P to T,0,0.494,2,S4,Kidney,b0,b1,y14,y13,b0,b1,y14,y13,,362.235886,,,,362.235886,,
235,SYQANSLVITAGTWTNR,SYQANSLVITAGPWTNR,P to T,0,0.323,2,S4,Kidney,b0,b1,y18,y17,b0,b1,y18,y17,,392.246456,,,,392.246456,,
236,NPLPTPSDDPTALMTDPK,NALPTPSDDPTALMTDPK,A to P,1,0.5,2,S4,Kidney,b1,b2,y18,y17,b1,b2,y18,y17,,212.10296599999998,,,419.257356,490.294466,,
237,DNLTLWNSDTQGDEAEAGEGGEN,DNLTLWTSDTQGDEAEAGEGGEN,T to N,2,0.027,2,S4,Kidney,b2,b3,y22,y21,b2,b3,y22,y21,534.284296,647.3683560000001,,,534.284296,647.3683560000001,,
238,DNLTLDTSDTQGDEAEAGEGGEN,DNLTLWTSDTQGDEAEAGEGGEN,W to D,1,0.963,2,S4,Kidney,b1,b2,y23,y22,b1,b2,y23,y22,420.241366,534.284296,,,420.241366,534.284296,,
239,DDANNDTQWSEEQLIAAK,DDANNDPQWSEEQLIAAK,P to T,0,0.014,2,S4,Kidney,b0,b1,y19,y18,b0,b1,y19,y18,,420.241366,,,,420.241366,,
0,PGFAGDDAPR,AGFAGDDAPR,A to P,0,0.5,2,S5,Liver,b0,b1,y11,y10,b0,b1,y11,y10,,,,,,376.251536,,
1,RYDMGDAPDFDR,RYTMGDAPDFDR,T to D,2,0.249,3,S5,Liver,b2,b3,y11,y10,b2,b3,y11,y10,,,,,,,1287.531011,1124.467681
2,PGLILFGNDDR,AGLILFGNDDR,A to P,0,0.498,2,S5,Liver,b0,b1,y12,y11,b0,b1,y12,y11,,,,,,376.251536,,
3,PGLILFGNDDR,AGLILFGNDDR,A to P,0,0.499,2,S5,Liver,b0,b1,y12,y11,b0,b1,y12,y11,,,,,,376.251536,,
4,PGLILFGNDDR,AGLILFGNDDR,A to P,0,0.499,2,S5,Liver,b0,b1,y12,y11,b0,b1,y12,y11,,,,,,376.251536,,
5,SPEAAAEATK,SAEAAAEATK,A to P,1,0.5,2,S5,Liver,b1,b2,y10,y9,b1,b2,y10,y9,,185.092066,,,392.246456,463.283566,,1165.638361
6,SGGAEEGAK,SGGAEEGQK,Q to A,1,0.5,2,S5,Liver,b1,b2,y9,y8,b1,b2,y9,y8,392.246456,449.267916,,1022.543731,392.246456,449.267916,,
7,PGDLGVDLTSK,AGDLGVDLTSK,A to P,0,0.384,2,S5,Liver,b0,b1,y12,y11,b0,b1,y12,y11,,,,,,376.251536,,
8,MEDETQKELETLR,MEDETQKELETMR,M to I/L,1,0.375,3,S5,Liver,b1,b2,y13,y12,b1,b2,y13,y12,436.25491600000004,565.2975060000001,,,436.25491600000004,565.2975060000001,,
9,YDMGDAPDFDR,YTMGDAPDFDR,T to D,1,0.49,2,S5,Liver,b1,b2,y11,y10,b1,b2,y11,y10,,583.3046960000001,,,468.277756,569.3254360000001,,1124.467681
10,YDMGDAPDFDR,YTMGDAPDFDR,T to D,1,0.499,2,S5,Liver,b1,b2,y11,y10,b1,b2,y11,y10,,583.3046960000001,,,468.277756,569.3254360000001,,1124.467681
11,SEDYAFPDYADR,SEDYAFPTYADR,T to D,4,0.077,2,S5,Liver,b4,b5,y9,y8,b4,b5,y9,y8,799.379316,870.416426,1117.494881,,799.379316,,1103.515621,940.4522910000001
12,AGDTAELFFEDVR,AQDTAELFFEDVR,Q to G,1,0.331,2,S5,Liver,b1,b2,y13,y12,b1,b2,y13,y12,,,,,376.251536,504.310116,,1469.690671
13,NELPTPSDDPTALMTDPK,NALPTPSDDPTALMTDPK,A to E,1,0.5,2,S5,Liver,b1,b2,y18,y17,b1,b2,y18,y17,,286.103396,,,419.257356,490.294466,,
14,NPLPTPSDDPTALMTDPK,NALPTPSDDPTALMTDPK,A to P,1,0.5,2,S5,Liver,b1,b2,y18,y17,b1,b2,y18,y17,,212.10296599999998,,,419.257356,490.294466,,
15,NELPTPSDDPTALMTDPK,NALPTPSDDPTALMTDPK,A to E,1,0.5,2,S5,Liver,b1,b2,y18,y17,b1,b2,y18,y17,,286.103396,,,419.257356,490.294466,,
16,RYDMGDAPDFDR,RYTMGDAPDFDR,T to D,2,0.245,3,S5,Liver,b2,b3,y11,y10,b2,b3,y11,y10,,,,,,,1287.531011,1124.467681
17,FLEEHPGGEELLR,FLEEHPGGEEVLR,V to I/L,0,0.992,3,S5,Liver,b0,b1,y14,y13,b0,b1,y14,y13,,452.28283600000003,,,,452.28283600000003,,
18,AGPDTPEAAVEHPEAVR,AGPWTPEAAVEHPEAVR,W to D,1,0.989,3,S5,Liver,b1,b2,y17,y16,b1,b2,y17,y16,376.251536,433.272996,,1674.808141,376.251536,433.272996,,1745.860511
19,TPFNQDSFLLR,TAFNQDSFLLR,A to P,1,0.5,2,S5,Liver,b1,b2,y11,y10,b1,b2,y11,y10,,199.10771599999998,,,406.262106,477.299216,,1210.6214810000001
20,TPFNQDSFLLR,TAFNQDSFLLR,A to P,1,0.5,2,S5,Liver,b1,b2,y11,y10,b1,b2,y11,y10,,199.10771599999998,,,406.262106,477.299216,,1210.6214810000001
21,AGTWTPEAAVEHPEAVR,AGPWTPEAAVEHPEAVR,P to T,0,0.498,3,S5,Liver,b0,b1,y18,y17,b0,b1,y18,y17,,376.251536,,,,376.251536,,
22,AGTWTPEAAVEHPEAVR,AGPWTPEAAVEHPEAVR,P to T,0,0.498,3,S5,Liver,b0,b1,y18,y17,b0,b1,y18,y17,,376.251536,,,,376.251536,,
23,AGPWDPEAAVEHPEAVR,AGPWTPEAAVEHPEAVR,T to D,2,0.313,3,S5,Liver,b2,b3,y16,y15,b2,b3,y16,y15,433.272996,,,,433.272996,530.3257560000001,1745.860511,1688.8390510000002
24,SGPWTPEAAVEHPEAVR,AGPWTPEAAVEHPEAVR,A to S,0,0.496,3,S5,Liver,b0,b1,y18,y17,b0,b1,y18,y17,,,,,,376.251536,,
25,LMEETFSYLLGR,VMEETFSYLLGR,V to I/L,0,0.498,2,S5,Liver,b0,b1,y13,y12,b0,b1,y13,y12,,,,,,404.28283600000003,,
26,SIDDLEEK,TIDDLEEK,T to S,0,0.995,2,S5,Liver,b0,b1,y9,y8,b0,b1,y9,y8,,392.246456,,,,406.262106,,
27,YVMGDAPDFDR,YTMGDAPDFDR,T to V,0,0.992,2,S5,Liver,b0,b1,y12,y11,b0,b1,y12,y11,,468.277756,,,,468.277756,,
28,PNATEFGLASGVFTR,ANATEFGLASGVFTR,A to P,0,0.5,2,S5,Liver,b0,b1,y16,y15,b0,b1,y16,y15,,,,,,376.251536,,
29,ESDETGFIAVHK,ASDETGFIAVHK,A to E,0,0.333,2,S5,Liver,b0,b1,y13,y12,b0,b1,y13,y12,,,,,,376.251536,,
30,IYDSIGEDYDER,IYTSIGEDYDER,T to D,0,0.017,2,S5,Liver,b0,b1,y13,y12,b0,b1,y13,y12,,418.29848599999997,,,,418.29848599999997,,
31,GPVDSDDLPLNVSR,GVVDSDDLPLNVSR,V to P,1,0.5,2,S5,Liver,b1,b2,y14,y13,b1,b2,y14,y13,,459.288646,,,362.235886,461.30429599999997,,1428.7328710000002
32,TPESGELHGLTTDEK,TAESGELHGLTTDEK,A to P,1,0.157,4,S5,Liver,b1,b2,y15,y14,b1,b2,y15,y14,,,,,406.262106,477.299216,,1790.909111
33,TRLEQEITTYR,TRLEQEIATYR,A to T,0,0.998,3,S5,Liver,b0,b1,y12,y11,b0,b1,y12,y11,,406.262106,,,,406.262106,,
34,PGPWTPEAAVEHPEAVR,AGPWTPEAAVEHPEAVR,A to P,0,0.499,3,S5,Liver,b0,b1,y18,y17,b0,b1,y18,y17,,,,,,376.251536,,
35,PGPWTPEAAVEHPEAVR,AGPWTPEAAVEHPEAVR,A to P,0,0.496,3,S5,Liver,b0,b1,y18,y17,b0,b1,y18,y17,,,,,,376.251536,,
36,PYGIESHVLSPAETK,AYGIESHVLSPAETK,A to P,0,0.5,3,S5,Liver,b0,b1,y16,y15,b0,b1,y16,y15,,,,,,376.251536,,
37,NPESNAELK,NAESNAELK,A to P,1,0.5,2,S5,Liver,b1,b2,y9,y8,b1,b2,y9,y8,,212.10296599999998,,,419.257356,490.294466,,1165.638371
38,AGPDTPEAAVEHPEAVR,AGPWTPEAAVEHPEAVR,W to D,1,0.492,3,S5,Liver,b1,b2,y17,y16,b1,b2,y17,y16,376.251536,433.272996,,1674.808141,376.251536,433.272996,,1745.860511
39,DIWPDRDEIQAVER,DIWPTRDEIQAVER,T to D,3,0.016,3,S5,Liver,b3,b4,y12,y11,b3,b4,y12,y11,,,,,719.404736,,1499.760091,1313.680781
40,AGTWTPEAAVEHPEAVR,AGPWTPEAAVEHPEAVR,P to T,0,0.494,3,S5,Liver,b0,b1,y18,y17,b0,b1,y18,y17,,376.251536,,,,376.251536,,
41,PFAMTNQILVER,AFAMTNQILVER,A to P,0,0.5,2,S5,Liver,b0,b1,y13,y12,b0,b1,y13,y12,,,,,,376.251536,,
42,FSTVAGESGSADTVRDPR,FSTVTGESGSADTVRDPR,T to A,0,0.991,3,S5,Liver,b0,b1,y19,y18,b0,b1,y19,y18,,452.28283600000003,,,,452.28283600000003,,
43,AGPWTPEAAVEHPEALR,AGPWTPEAAVEHPEAVR,V to I/L,1,0.49,3,S5,Liver,b1,b2,y17,y16,b1,b2,y17,y16,376.251536,433.272996,,,376.251536,433.272996,,1745.860511
44,VPPEEHPVLLTEAPLNPK,VAPEEHPVLLTEAPLNPK,A to P,1,0.5,3,S5,Liver,b1,b2,y18,y17,b1,b2,y18,y17,,197.128446,,,404.28283600000003,475.319946,,
45,SIDDLEEK,TIDDLEEK,T to S,0,0.998,2,S5,Liver,b0,b1,y9,y8,b0,b1,y9,y8,,392.246456,,,,406.262106,,
46,PNATEFGLASGVFTR,ANATEFGLASGVFTR,A to P,0,0.5,2,S5,Liver,b0,b1,y16,y15,b0,b1,y16,y15,,,,,,376.251536,,
47,GVDEGPDGLK,GIDEGPDGLK,I to V,0,0.998,2,S5,Liver,b0,b1,y11,y10,b0,b1,y11,y10,,362.235886,,,,362.235886,,
48,PNADEVGGEALGR,VNADEVGGEALGR,V to P,0,0.5,2,S5,Liver,b0,b1,y14,y13,b0,b1,y14,y13,,402.267186,,,,404.28283600000003,,
49,SNINSLDEQEGVK,SNISSLDEQEGVK,S to N,0,0.992,2,S5,Liver,b0,b1,y14,y13,b0,b1,y14,y13,,392.246456,,,,392.246456,,
50,SGALQIEQSEESDQGK,SGALQIESSEESDQGK,S to Q,0,1.0,2,S5,Liver,b0,b1,y17,y16,b0,b1,y17,y16,,392.246456,,,,392.246456,,
51,NSAEEDWMVIHGR,NSAEETWMVIHGR,T to D,0,0.031,3,S5,Liver,b0,b1,y14,y13,b0,b1,y14,y13,,419.257356,,,,419.257356,,
52,PNTFVAELK,ANTFVAELK,A to P,0,0.5,2,S5,Liver,b0,b1,y10,y9,b0,b1,y10,y9,,,,,,376.251536,,
53,ESMPYDNAVIHEVQR,ESMPYTNAVIHEVQR,T to D,2,0.02,3,S5,Liver,b2,b3,y14,y13,b2,b3,y14,y13,521.2890460000001,,,,521.2890460000001,652.3295360000001,,
54,AGPWDPEAAVEHPEAVR,AGPWTPEAAVEHPEAVR,T to D,4,0.325,3,S5,Liver,b4,b5,y14,y13,b4,b5,y14,y13,716.405066,831.432006,,,716.405066,817.4527460000002,1591.7862910000001,1405.706981
55,VPPEEHPVLLTEAPLNPK,VAPEEHPVLLTEAPLNPK,A to P,1,0.5,3,S5,Liver,b1,b2,y18,y17,b1,b2,y18,y17,,197.128446,,,404.28283600000003,475.319946,,
56,VPPEEHPVLLTEAPLNPK,VAPEEHPVLLTEAPLNPK,A to P,1,0.5,3,S5,Liver,b1,b2,y18,y17,b1,b2,y18,y17,,197.128446,,,404.28283600000003,475.319946,,
57,EQFLDGDADTNR,EQFLDGDAWTNR,W to D,1,0.5,2,S5,Liver,b1,b2,y12,y11,b1,b2,y12,y11,434.25701599999996,562.3155960000001,,1251.560001,434.25701599999996,562.3155960000001,,1322.6123710000002
58,GEEGTWSVEK,NEEGTWSVEK,N to G,0,0.5,2,S5,Liver,b0,b1,y11,y10,b0,b1,y11,y10,,,,,,419.257356,,
59,FAPPEDPETWSGVR,FAPPEDPEPWSGVR,P to T,0,0.483,2,S5,Liver,b0,b1,y15,y14,b0,b1,y15,y14,,452.28283600000003,,,,452.28283600000003,,
60,SGAESDGQFQFTGIK,AGAESDGQFQFTGIK,A to S,0,0.476,2,S5,Liver,b0,b1,y16,y15,b0,b1,y16,y15,,,,,,376.251536,,
61,SNINSLDEQEGVK,SNISSLDEQEGVK,S to N,0,1.0,2,S5,Liver,b0,b1,y14,y13,b0,b1,y14,y13,,392.246456,,,,392.246456,,
62,YFAGDMAEETAPAVLER,YFAGTMAEETAPAVLER,T to D,4,0.012,2,S5,Liver,b4,b5,y14,y13,b4,b5,y14,y13,743.4047360000001,,,,743.4047360000001,844.4524160000001,1490.715491,
63,LPDLIER,LADLIER,A to P,1,0.5,2,S5,Liver,b1,b2,y7,y6,b1,b2,y7,y6,,211.144096,,742.4093610000001,418.29848599999997,489.335596,,716.393711
64,DPVTYTEHAK,DAVTYTEHAK,A to P,1,0.484,3,S5,Liver,b1,b2,y10,y9,b1,b2,y10,y9,,213.086976,,,420.241366,491.278476,,1323.722771
65,TSDPPVSELITK,TSGPPVSELITK,G to D,2,0.332,2,S5,Liver,b2,b3,y11,y10,b2,b3,y11,y10,,346.124526,,,493.29413600000004,550.315596,,1344.805761
66,GEEGTWSVEK,NEEGTWSVEK,N to G,0,0.5,2,S5,Liver,b0,b1,y11,y10,b0,b1,y11,y10,,,,,,419.257356,,
67,GEEGTWSVEK,NEEGTWSVEK,N to G,0,0.011,2,S5,Liver,b0,b1,y11,y10,b0,b1,y11,y10,,,,,,419.257356,,
68,DAAQNIIPASTGAAK,GAAQNIIPASTGAAK,G to D,0,0.496,2,S5,Liver,b0,b1,y16,y15,b0,b1,y16,y15,,158.04481599999997,,,,362.235886,,
69,GILAADESVGAMGNR,GILAADESVGTMGNR,T to A,0,0.199,2,S5,Liver,b0,b1,y16,y15,b0,b1,y16,y15,,362.235886,,,,362.235886,,
70,QPQEYEALLNIK,QAQEYEALLNIK,A to P,1,0.498,2,S5,Liver,b1,b2,y12,y11,b1,b2,y12,y11,,226.118616,,,433.273006,504.310116,,1595.896371
71,QEQEYEALLNIK,QAQEYEALLNIK,A to E,1,0.5,2,S5,Liver,b1,b2,y12,y11,b1,b2,y12,y11,,300.119046,,,433.273006,504.310116,,1595.896371
72,FAPPEDPETWSGVR,FAPPEDPEPWSGVR,P to T,0,0.494,2,S5,Liver,b0,b1,y15,y14,b0,b1,y15,y14,,452.28283600000003,,,,452.28283600000003,,
73,KPEDWMEEMDGEWEPPVIQNPEYK,KPEDWDEEMDGEWEPPVIQNPEYK,D to M,1,0.098,4,S5,Liver,b1,b2,y24,y23,b1,b2,y24,y23,737.5165360000001,,,,737.5165360000001,,,
74,IIDDSEITKEDDALWTPPDR,IIDDSEITKEDDALWPPPDR,P to T,3,0.019,3,S5,Liver,b3,b4,y18,y17,b3,b4,y18,y17,646.409486,761.436426,,,646.409486,761.436426,,
75,PDATEESDLAQQYGVR,VDATEESDLAQQYGVR,V to P,0,0.5,2,S5,Liver,b0,b1,y17,y16,b0,b1,y17,y16,,402.267186,,,,404.28283600000003,,
76,IEDGNDFGVAVQEK,IEDGNDFGVAIQEK,I to V,0,1.0,2,S5,Liver,b0,b1,y15,y14,b0,b1,y15,y14,,418.29848599999997,,,,418.29848599999997,,
77,IEDGNDFGVAVQEK,IEDGNDFGVAIQEK,I to V,0,1.0,2,S5,Liver,b0,b1,y15,y14,b0,b1,y15,y14,,418.29848599999997,,,,418.29848599999997,,
78,DYIIGELHPDDR,TYIIGELHPDDR,T to D,0,0.015,3,S5,Liver,b0,b1,y13,y12,b0,b1,y13,y12,,420.241366,,,,406.262106,,
79,ASNGDAWQEAHGK,ASNGDAWVEAHGK,V to Q,2,0.031,3,S5,Liver,b2,b3,y12,y11,b2,b3,y12,y11,463.283566,577.3264960000001,,,463.283566,577.3264960000001,1574.788211,1487.756181
80,DTAGDTHLGGEDFDNR,ATAGDTHLGGEDFDNR,A to D,0,0.5,3,S5,Liver,b0,b1,y17,y16,b0,b1,y17,y16,,420.241366,,,,376.251536,,
81,SENSTSAPAAKPK,TENSTSAPAAKPK,T to S,0,0.499,2,S5,Liver,b0,b1,y14,y13,b0,b1,y14,y13,,,,,,406.262106,,
82,EEGDSWQLNGTK,EEGDSWVLNGTK,V to Q,2,0.04,2,S5,Liver,b2,b3,y11,y10,b2,b3,y11,y10,563.299606,620.321066,,,563.299606,620.321066,1509.786821,1380.7442310000001
83,GDNQSPIELHDK,GDNQSPIELHTK,T to D,1,0.489,2,S5,Liver,b1,b2,y12,y11,b1,b2,y12,y11,362.235886,477.26282599999996,,,362.235886,477.26282599999996,,1585.850491
84,EIYDMDSTTDIK,EIYTMDSTTDIK,T to D,1,0.018,2,S5,Liver,b1,b2,y12,y11,b1,b2,y12,y11,434.25701599999996,547.341076,,,434.25701599999996,547.341076,,1591.820841
85,TMDEMGQEIPSDATWK,TMDEMGQEIPSDAPWK,P to T,1,0.489,2,S5,Liver,b1,b2,y16,y15,b1,b2,y16,y15,406.262106,537.302596,,,406.262106,553.297496,,
86,DIVHSGLAYDMER,DIVHSGLAYTMER,T to D,1,0.012,3,S5,Liver,b1,b2,y13,y12,b1,b2,y13,y12,420.241366,533.3254260000001,,,420.241366,533.3254260000001,,1376.699081
87,GTVLQEVK,GTVLQEAK,A to V,0,1.0,2,S5,Liver,b0,b1,y9,y8,b0,b1,y9,y8,,362.235886,,,,362.235886,,
88,IVDEPVLK,IVEEPVLK,E to D,0,1.0,2,S5,Liver,b0,b1,y9,y8,b0,b1,y9,y8,,418.29848599999997,,,,418.29848599999997,,
89,PGGLATTGDKDILDIVPTEIHQK,AGGLATTGDKDILDIVPTEIHQK,A to P,0,0.497,4,S5,Liver,b0,b1,y24,y23,b0,b1,y24,y23,,,,,,376.251536,,
90,EADDIVMWLK,EADDIVNWLK,N to M,0,0.026,2,S5,Liver,b0,b1,y11,y10,b0,b1,y11,y10,,434.25701599999996,,,,434.25701599999996,,
91,DWNDPSVQQDIK,TWNDPSVQQDIK,T to D,0,0.5,2,S5,Liver,b0,b1,y13,y12,b0,b1,y13,y12,,420.241366,,,,406.262106,,
92,TDGFQLHTNVNDGTEFGGSIYQK,TDEFQLHTNVNDGTEFGGSIYQK,E to G,2,0.332,3,S5,Liver,b2,b3,y22,y21,b2,b3,y22,y21,,578.310506,,,521.2890460000001,650.3316360000001,,
93,TDGFQLHTNVNDGTEFGGSIYQK,TDEFQLHTNVNDGTEFGGSIYQK,E to G,2,0.332,3,S5,Liver,b2,b3,y22,y21,b2,b3,y22,y21,,578.310506,,,521.2890460000001,650.3316360000001,,
94,VDINYQPPTVVPGGDLAK,VGINYQPPTVVPGGDLAK,G to D,1,0.331,2,S5,Liver,b1,b2,y18,y17,b1,b2,y18,y17,,257.113226,,,404.28283600000003,461.30429599999997,,
95,DTHMENAYDFYKPNLASEYPLVDGK,GTHMENAYDFYKPNLASEYPLVDGK,G to D,0,0.332,3,S5,Liver,b0,b1,y26,y25,b0,b1,y26,y25,,,,,,362.235886,,
96,EVSQTDWTPPPEVTLSLTK,EVSQPDWTPPPEVTLSLTK,P to T,0,0.013,2,S5,Liver,b0,b1,y20,y19,b0,b1,y20,y19,,434.25701599999996,,,,434.25701599999996,,
97,LILPGLMSSR,LILPGLISSR,I to M,0,1.0,2,S5,Liver,b0,b1,y11,y10,b0,b1,y11,y10,,418.29848599999997,,,,418.29848599999997,,
98,IGGHGAEYGDEALER,IGGHGAEYGAEALER,A to D,2,0.323,3,S5,Liver,b2,b3,y14,y13,b2,b3,y14,y13,475.319946,532.341406,,,475.319946,532.341406,1416.650191,1359.628731
99,LLVVYPDTQR,LLVVYPWTQR,W to D,1,0.976,2,S5,Liver,b1,b2,y10,y9,b1,b2,y10,y9,418.29848599999997,531.382546,,1090.5891210000002,418.29848599999997,531.382546,,1161.641491
100,LILPGLMSSR,LILPGLISSR,I to M,0,0.999,2,S5,Liver,b0,b1,y11,y10,b0,b1,y11,y10,,418.29848599999997,,,,418.29848599999997,,
101,PNADEVGGEALGR,VNADEVGGEALGR,V to P,0,0.991,2,S5,Liver,b0,b1,y14,y13,b0,b1,y14,y13,,402.267186,,,,404.28283600000003,,
102,LLVVYTWTQR,LLVVYPWTQR,P to T,0,0.494,2,S5,Liver,b0,b1,y11,y10,b0,b1,y11,y10,,418.29848599999997,,,,418.29848599999997,,
103,LLVVYTWTQR,LLVVYPWTQR,P to T,0,0.498,2,S5,Liver,b0,b1,y11,y10,b0,b1,y11,y10,,418.29848599999997,,,,418.29848599999997,,
104,YDMGDAPDFDR,YTMGDAPDFDR,T to D,1,0.016,2,S5,Liver,b1,b2,y11,y10,b1,b2,y11,y10,,583.3046960000001,,,468.277756,569.3254360000001,,1124.467681
105,YDMGDAPDFDR,YTMGDAPDFDR,T to D,1,0.036,2,S5,Liver,b1,b2,y11,y10,b1,b2,y11,y10,,583.3046960000001,,,468.277756,569.3254360000001,,1124.467681
106,VNTDEVGGEALGR,VNADEVGGEALGR,A to T,0,0.98,2,S5,Liver,b0,b1,y14,y13,b0,b1,y14,y13,,404.28283600000003,,,,404.28283600000003,,
107,DDTVTAGNASGVSDGAGAVIIASEDAVK,DGTVTAGNASGVSDGAGAVIIASEDAVK,G to D,1,0.332,2,S5,Liver,b1,b2,y28,y27,b1,b2,y28,y27,,231.06115599999998,,,420.241366,477.26282599999996,,
108,FLHDNYVIR,FVHDNYVIR,V to I/L,1,0.496,3,S5,Liver,b1,b2,y9,y8,b1,b2,y9,y8,,,,,452.28283600000003,551.3512460000001,,1015.5319410000001
109,RYDMGDAPDFDR,RYTMGDAPDFDR,T to D,2,0.199,3,S5,Liver,b2,b3,y11,y10,b2,b3,y11,y10,,,,,,,1287.531011,1124.467681
110,DPGTIAGLNVMR,DAGTIAGLNVMR,A to P,1,0.5,2,S5,Liver,b1,b2,y12,y11,b1,b2,y12,y11,,213.086976,,,420.241366,491.278476,,1102.6037210000002
111,DPGQISGLNVLR,DAGQISGLNVLR,A to P,1,0.5,2,S5,Liver,b1,b2,y12,y11,b1,b2,y12,y11,,213.086976,,,420.241366,491.278476,,1127.653111
112,AGTWTPEAAVEHPEAVR,AGPWTPEAAVEHPEAVR,P to T,0,0.491,3,S5,Liver,b0,b1,y18,y17,b0,b1,y18,y17,,376.251536,,,,376.251536,,
113,AAFQLGSTWR,AAFQLGSPWR,P to T,0,0.333,2,S5,Liver,b0,b1,y11,y10,b0,b1,y11,y10,,376.251536,,,,376.251536,,
114,SLYGLGGTK,SLVGLGGTK,V to Y,0,1.0,2,S5,Liver,b0,b1,y10,y9,,,,,,392.246456,,,,,,
115,TDHIVLEDGTK,TAHIVLEDGTK,A to D,1,0.332,2,S5,Liver,b1,b2,y11,y10,b1,b2,y11,y10,,,,,406.262106,477.299216,,1386.791171
116,LLVVYPWNQR,LLVVYPWTQR,T to N,2,0.2,2,S5,Liver,b2,b3,y9,y8,b2,b3,y9,y8,531.382546,630.4509560000001,1174.636741,1061.5526810000001,531.382546,630.4509560000001,1161.641491,1048.5574310000002
117,LLVVYTWTQR,LLVVYPWTQR,P to T,0,0.2,2,S5,Liver,b0,b1,y11,y10,b0,b1,y11,y10,,418.29848599999997,,,,418.29848599999997,,
118,DWNDPSVQQDIK,TWNDPSVQQDIK,T to D,0,0.203,2,S5,Liver,b0,b1,y13,y12,b0,b1,y13,y12,,420.241366,,,,406.262106,,
119,PNEELAGVVAEVQK,ANEELAGVVAEVQK,A to P,0,0.499,2,S5,Liver,b0,b1,y15,y14,b0,b1,y15,y14,,,,,,376.251536,,
120,PNEELAGVVAEVQK,ANEELAGVVAEVQK,A to P,0,0.499,2,S5,Liver,b0,b1,y15,y14,b0,b1,y15,y14,,,,,,376.251536,,
121,PSAELALGENNEVLK,ASAELALGENNEVLK,A to P,0,0.332,2,S5,Liver,b0,b1,y16,y15,b0,b1,y16,y15,,,,,,376.251536,,
122,NEWEAATPAVAETPDIK,TEWEAATPAVAETPDIK,T to N,0,0.333,2,S5,Liver,b0,b1,y18,y17,b0,b1,y18,y17,,,,,,144.065556,,
123,NEWEAATPAVAETPDIK,TEWEAATPAVAETPDIK,T to N,0,0.333,2,S5,Liver,b0,b1,y18,y17,b0,b1,y18,y17,,,,,,144.065556,,
124,NPLPTPSDDPTALMTDPK,NALPTPSDDPTALMTDPK,A to P,1,0.5,2,S5,Liver,b1,b2,y18,y17,b1,b2,y18,y17,,212.10296599999998,,,419.257356,490.294466,,
125,NELPTPSDDPTALMTDPK,NALPTPSDDPTALMTDPK,A to E,1,0.5,2,S5,Liver,b1,b2,y18,y17,b1,b2,y18,y17,,286.103396,,,419.257356,490.294466,,
126,NEWEAATPAVAETPDIK,TEWEAATPAVAETPDIK,T to N,0,0.332,2,S5,Liver,b0,b1,y18,y17,b0,b1,y18,y17,,,,,,144.065556,,
127,ESSEEEYDSGVEEDGWTR,ESSEEEYDSGVEEDGWPR,P to T,2,0.25,2,S5,Liver,b2,b3,y17,y16,b2,b3,y17,y16,,608.3210760000001,,,521.2890460000001,608.3210760000001,,
128,EPYPGDVFYLHSR,EAYPGDVFYLHSR,A to P,1,0.5,3,S5,Liver,b1,b2,y13,y12,b1,b2,y13,y12,,227.102626,,,434.25701599999996,505.294126,,1424.695701
129,VPVDAPVSSVALR,VAVDAPVSSVALR,A to P,1,0.5,2,S5,Liver,b1,b2,y13,y12,b1,b2,y13,y12,,197.128446,,,404.28283600000003,475.319946,,1184.6633310000002
130,NPEGTWSVEK,NEEGTWSVEK,E to P,1,0.5,2,S5,Liver,b1,b2,y10,y9,b1,b2,y10,y9,,212.10296599999998,,,419.257356,548.2999460000001,,1368.696611
131,PMGAAQVVVTDLSASR,AMGAAQVVVTDLSASR,A to P,0,0.5,2,S5,Liver,b0,b1,y17,y16,b0,b1,y17,y16,,,,,,376.251536,,
132,VNADELGGEALGR,VNADEVGGEALGR,V to I/L,0,1.0,2,S5,Liver,b0,b1,y14,y13,b0,b1,y14,y13,,404.28283600000003,,,,404.28283600000003,,
133,EPFQEALAAAGDK,EAFQEALAAAGDK,A to P,1,0.499,2,S5,Liver,b1,b2,y13,y12,b1,b2,y13,y12,,227.102626,,,434.25701599999996,505.294126,,1495.807541
134,DMGAAQVVVTDLSASR,AMGAAQVVVTDLSASR,A to D,0,0.497,2,S5,Liver,b0,b1,y17,y16,b0,b1,y17,y16,,,,,,376.251536,,
135,SLGVAAEGLPDQYADEEAAR,SLGVAAEGLPDQYADGEAAR,G to E,0,0.472,2,S5,Liver,b0,b1,y21,y20,b0,b1,y21,y20,,392.246456,,,,392.246456,,
136,DVLDGHLR,DVLDGHVR,V to I/L,0,0.991,3,S5,Liver,b0,b1,y9,y8,b0,b1,y9,y8,,420.241366,,,,420.241366,,
137,EPTTEQQLR,EATTEQQLR,A to P,1,0.5,2,S5,Liver,b1,b2,y9,y8,b1,b2,y9,y8,434.25701599999996,,,,434.25701599999996,505.294126,,946.4952310000001
138,SPFEYGGQK,SAFEYGGQK,A to P,1,0.5,2,S5,Liver,b1,b2,y9,y8,b1,b2,y9,y8,,185.092066,,,392.246456,463.283566,,1203.632891
139,EDHPVTSEPSRPEPAVFK,EGHPVTSEPSRPEPAVFK,G to D,1,0.333,3,S5,Liver,b1,b2,y18,y17,b1,b2,y18,y17,,287.087406,,,434.25701599999996,491.278476,,
140,ANESDAEIK,ASESDAEIK,S to N,1,0.498,2,S5,Liver,b1,b2,y9,y8,b1,b2,y9,y8,,490.294466,,,376.251536,463.283566,,
141,ANESDAEIK,ASESDAEIK,S to N,1,0.472,2,S5,Liver,b1,b2,y9,y8,b1,b2,y9,y8,,490.294466,,,376.251536,463.283566,,
142,VNVDEVGGEALGR,VNADEVGGEALGR,A to V,0,1.0,2,S5,Liver,b0,b1,y14,y13,b0,b1,y14,y13,,404.28283600000003,,,,404.28283600000003,,
143,MDSTEPPYSEK,MDSTEPAYSEK,A to P,1,0.958,2,S5,Liver,b1,b2,y11,y10,,,,,436.25491600000004,551.2818560000001,,1456.712661,,,,
0,PFLENVIR,VFLENVIR,V to P,0,0.998,2,S6,Lung,b0,b1,y9,y8,b0,b1,y9,y8,,402.267186,,,,404.28283600000003,,
1,PFLENVIR,VFLENVIR,V to P,0,0.996,2,S6,Lung,b0,b1,y9,y8,b0,b1,y9,y8,,402.267186,,,,404.28283600000003,,
2,PFLENVIR,VFLENVIR,V to P,0,0.998,2,S6,Lung,b0,b1,y9,y8,b0,b1,y9,y8,,402.267186,,,,404.28283600000003,,
3,SGGAEEGAK,SGGAEEGQK,Q to A,1,0.5,2,S6,Lung,b1,b2,y9,y8,b1,b2,y9,y8,392.246456,449.267916,,1022.543731,392.246456,449.267916,,1079.5652010000001
4,LEQEITTYR,LEQEIATYR,A to T,0,1.0,2,S6,Lung,b0,b1,y10,y9,b0,b1,y10,y9,,418.29848599999997,,,,418.29848599999997,,
5,GTSQNDPNNVVR,GTSQNDPNWVVR,W to N,0,1.0,2,S6,Lung,b0,b1,y13,y12,b0,b1,y13,y12,,362.235886,,,,362.235886,,
6,QDALAELVK,QTALAELVK,T to D,1,0.027,2,S6,Lung,b1,b2,y9,y8,b1,b2,y9,y8,433.273006,548.2999460000001,,,433.273006,534.320686,,1148.720971
7,GTSQNDPNWNVR,GTSQNDPNWVVR,V to N,1,0.019,2,S6,Lung,b1,b2,y12,y11,b1,b2,y12,y11,362.235886,463.283566,,1330.6134510000002,362.235886,463.283566,,1315.6389310000002
8,NQGVMVGMGQK,HQGVMVGMGQK,H to N,0,0.5,2,S6,Lung,b0,b1,y12,y11,b0,b1,y12,y11,,419.257356,,,,442.27333600000003,,
9,FNVDDTAGQEK,FNVWDTAGQEK,W to D,0,1.0,2,S6,Lung,b0,b1,y12,y11,b0,b1,y12,y11,,452.28283600000003,,,,452.28283600000003,,
10,DMEEILEGLK,TMEEILEGLK,T to D,0,0.498,2,S6,Lung,b0,b1,y11,y10,b0,b1,y11,y10,,420.241366,,,,406.262106,,
11,AENPTNPGPGGSGYNR,AENPTNPGPGGSGYWR,W to N,2,0.246,2,S6,Lung,b2,b3,y15,y14,b2,b3,y15,y14,505.294126,619.3370560000001,1516.6774910000001,1387.6349010000001,505.294126,619.3370560000001,1588.7138710000002,1459.6712810000001
12,AENPTNPGPGGSGYDR,AENPTNPGPGGSGYWR,W to D,2,0.249,2,S6,Lung,b2,b3,y15,y14,b2,b3,y15,y14,505.294126,619.3370560000001,1517.661501,1388.618911,505.294126,619.3370560000001,1588.7138710000002,1459.6712810000001
13,EVIQEDSLTNIK,EVIQEWSLTNIK,W to D,0,0.998,2,S6,Lung,b0,b1,y13,y12,b0,b1,y13,y12,,434.25701599999996,,,,434.25701599999996,,
14,DQEQLASEMAELTAR,TQEQLASEMAELTAR,T to D,0,0.974,2,S6,Lung,b0,b1,y16,y15,b0,b1,y16,y15,,,,,,406.262106,,
15,VNSVNPGVVLTDMGK,VNSVNPTVVLTDMGK,T to G,0,0.999,2,S6,Lung,b0,b1,y16,y15,b0,b1,y16,y15,,404.28283600000003,,,,404.28283600000003,,
16,SVDDFNQQSLDTNLYR,AVDDFNQQSLDTNLYR,A to S,0,0.98,2,S6,Lung,b0,b1,y17,y16,b0,b1,y17,y16,,392.246456,,,,376.251536,,
17,DFDPAAQAAFQK,DFTPAAQAAFQK,T to D,2,0.324,2,S6,Lung,b2,b3,y11,y10,b2,b3,y11,y10,567.309776,682.336716,,,567.309776,668.3574560000001,1483.822811,1336.7544010000001
18,FLEQQNQVLQDK,FLEQQNQVLQTK,T to D,0,0.329,2,S6,Lung,b0,b1,y13,y12,b0,b1,y13,y12,,452.28283600000003,,,,452.28283600000003,,
19,FLEQQNQVLQDK,FLEQQNQVLQTK,T to D,0,0.479,2,S6,Lung,b0,b1,y13,y12,b0,b1,y13,y12,,452.28283600000003,,,,452.28283600000003,,
20,SSILLDVKTWDDETDMTK,SSILLDVKPWDDETDMTK,P to T,0,0.143,3,S6,Lung,b0,b1,y19,y18,b0,b1,y19,y18,,392.246456,,,,392.246456,,
21,ADLQAEQLSNELATER,ATLQAEQLSNELATER,T to D,1,0.494,2,S6,Lung,b1,b2,y16,y15,b1,b2,y16,y15,,491.278476,,,376.251536,477.299216,,1702.860601
22,PNSVNPTVVLTDMGK,VNSVNPTVVLTDMGK,V to P,0,0.49,2,S6,Lung,b0,b1,y16,y15,b0,b1,y16,y15,,402.267186,,,,404.28283600000003,,
23,LYTWGVVEVENPEHNDFLK,LYPWGVVEVENPEHNDFLK,P to T,0,0.492,3,S6,Lung,b0,b1,y20,y19,,,,,,418.29848599999997,,,,,,
24,LYTWGVVEVENPEHNDFLK,LYPWGVVEVENPEHNDFLK,P to T,0,0.33,3,S6,Lung,b0,b1,y20,y19,,,,,,418.29848599999997,,,,,,
25,DDNGENIAESLVAEGLATR,DTNGENIAESLVAEGLATR,T to D,1,0.487,2,S6,Lung,b1,b2,y19,y18,b1,b2,y19,y18,,535.268306,,,420.241366,521.2890460000001,,1844.934811
26,VNTSGQVEEYDLDADDINSR,VWTSGQVEEYDLDADDINSR,W to N,1,0.497,2,S6,Lung,b1,b2,y20,y19,b1,b2,y20,y19,404.28283600000003,518.325766,,,404.28283600000003,590.362146,,
27,VDTSGQVEEYDLDADDINSR,VWTSGQVEEYDLDADDINSR,W to D,1,0.499,2,S6,Lung,b1,b2,y20,y19,b1,b2,y20,y19,404.28283600000003,519.309776,,,404.28283600000003,590.362146,,
28,PGINYQPPTVVPGGDLAK,VGINYQPPTVVPGGDLAK,V to P,0,0.471,2,S6,Lung,b0,b1,y19,y18,b0,b1,y19,y18,,402.267186,,,,404.28283600000003,,
29,KPSLVSDLTWEGASPQSPSFSGSEDSGSPK,KPSLVSDLPWEGASPQSPSFSGSEDSGSPK,P to T,0,0.329,3,S6,Lung,b0,b1,y31,y30,b0,b1,y31,y30,,737.5165360000001,,,,737.5165360000001,,
30,SGVLAHLEEER,AGVLAHLEEER,A to S,0,0.992,3,S6,Lung,b0,b1,y12,y11,b0,b1,y12,y11,,392.246456,,,,376.251536,,
31,SLVTGAGK,ALVTGAGK,A to S,0,0.996,2,S6,Lung,b0,b1,y9,y8,b0,b1,y9,y8,,392.246456,,,,376.251536,,
32,AAFQLGSTWR,AAFQLGSPWR,P to T,0,0.333,2,S6,Lung,b0,b1,y11,y10,b0,b1,y11,y10,,376.251536,,,,376.251536,,
33,NIDNPTVDDR,WIDNPTVDDR,W to N,0,0.993,2,S6,Lung,b0,b1,y11,y10,b0,b1,y11,y10,,419.257356,,,,491.293736,,
34,AAQEEYVK,AAQEEYIK,I to V,0,0.997,2,S6,Lung,b0,b1,y9,y8,b0,b1,y9,y8,,376.251536,,,,376.251536,,
35,WQDNPTVDDR,WIDNPTVDDR,I to Q,1,0.5,2,S6,Lung,b1,b2,y10,y9,b1,b2,y10,y9,,619.352316,,1059.470131,491.293736,604.377796,,1044.495611
36,VPPEEHPVLLTEAPLNPK,VAPEEHPVLLTEAPLNPK,A to P,1,0.5,3,S6,Lung,b1,b2,y18,y17,b1,b2,y18,y17,,197.128446,,,404.28283600000003,475.319946,,
37,PNADEVGGEALGR,VNADEVGGEALGR,V to P,0,0.994,2,S6,Lung,b0,b1,y14,y13,b0,b1,y14,y13,,402.267186,,,,404.28283600000003,,
38,ASEDFVDPDTVR,ASEDFVDPWTVR,W to D,1,0.496,2,S6,Lung,b1,b2,y12,y11,b1,b2,y12,y11,376.251536,463.283566,,1279.5800610000001,376.251536,463.283566,,1350.632431
39,GFTWDEFK,GFPWDEFK,P to T,0,0.5,2,S6,Lung,b0,b1,y9,y8,b0,b1,y9,y8,,362.235886,,,,362.235886,,
40,ADIGADFLTK,ATIGADFLTK,T to D,1,0.364,2,S6,Lung,b1,b2,y10,y9,b1,b2,y10,y9,,491.278476,,,376.251536,477.299216,,1269.737351
41,DTNFAGILSQGLR,TTNFAGILSQGLR,T to D,0,0.964,2,S6,Lung,b0,b1,y14,y13,b0,b1,y14,y13,,420.241366,,,,406.262106,,
42,ASEDFVDTWTVR,ASEDFVDPWTVR,P to T,0,0.495,2,S6,Lung,b0,b1,y13,y12,b0,b1,y13,y12,,376.251536,,,,376.251536,,
43,ASEDFVDTWTVR,ASEDFVDPWTVR,P to T,0,0.18,2,S6,Lung,b0,b1,y13,y12,b0,b1,y13,y12,,376.251536,,,,376.251536,,
44,LQSLTENLDK,LQSLTENLTK,T to D,0,0.027,2,S6,Lung,b0,b1,y11,y10,b0,b1,y11,y10,,418.29848599999997,,,,418.29848599999997,,
45,DINEVETQILTR,TINEVETQILTR,T to D,0,0.966,2,S6,Lung,b0,b1,y13,y12,b0,b1,y13,y12,,420.241366,,,,406.262106,,
46,DINEVETQILTR,TINEVETQILTR,T to D,0,0.971,2,S6,Lung,b0,b1,y13,y12,b0,b1,y13,y12,,420.241366,,,,406.262106,,
47,DFNDSQLQEGK,DFTDSQLQEGK,T to N,2,0.2,2,S6,Lung,b2,b3,y10,y9,b2,b3,y10,y9,567.309776,,1469.755531,1322.6871210000002,567.309776,668.3574560000001,1456.760281,1309.691871
48,DFNDSQLQEGK,DFTDSQLQEGK,T to N,2,0.2,2,S6,Lung,b2,b3,y10,y9,b2,b3,y10,y9,567.309776,,1469.755531,1322.6871210000002,567.309776,668.3574560000001,1456.760281,1309.691871
49,DFNDSQLQEGK,DFTDSQLQEGK,T to N,0,0.333,2,S6,Lung,b0,b1,y12,y11,b0,b1,y12,y11,,420.241366,,,,420.241366,,
50,DFNDSQLQEGK,DFTDSQLQEGK,T to N,2,0.2,2,S6,Lung,b2,b3,y10,y9,b2,b3,y10,y9,567.309776,,1469.755531,1322.6871210000002,567.309776,668.3574560000001,1456.760281,1309.691871
51,DETTGATGQASSLLSGR,TETTGATGQASSLLSGR,T to D,0,0.973,2,S6,Lung,b0,b1,y18,y17,b0,b1,y18,y17,,420.241366,,,,406.262106,,
52,QVATALQNLQDK,QVATALQNLQTK,T to D,1,0.416,2,S6,Lung,b1,b2,y12,y11,b1,b2,y12,y11,433.273006,532.3414160000001,,,433.273006,532.3414160000001,,1490.886151
53,GLNNQFASFIDK,SLNNQFASFIDK,S to G,0,0.5,2,S6,Lung,b0,b1,y13,y12,b0,b1,y13,y12,,362.235886,,,,392.246456,,
54,SNINSLDEQEGVK,SNISSLDEQEGVK,S to N,0,1.0,2,S6,Lung,b0,b1,y14,y13,b0,b1,y14,y13,,392.246456,,,,392.246456,,
55,GVAQNIIPASTGAAK,GAAQNIIPASTGAAK,A to V,1,0.49,2,S6,Lung,b1,b2,y15,y14,b1,b2,y15,y14,362.235886,461.30429599999997,,,362.235886,433.272996,,
56,SLYYYIQQDDK,SLYYYIQQDTK,T to D,0,0.041,2,S6,Lung,b0,b1,y12,y11,b0,b1,y12,y11,,392.246456,,,,392.246456,,
57,LPNVDSVLSQDK,LPNVDSVLSQTK,T to D,0,0.497,2,S6,Lung,b0,b1,y13,y12,b0,b1,y13,y12,,418.29848599999997,,,,418.29848599999997,,
58,DTLQVDTLNTELAAER,TTLQVDTLNTELAAER,T to D,0,0.484,2,S6,Lung,b0,b1,y17,y16,b0,b1,y17,y16,,420.241366,,,,406.262106,,
59,GDGGVDTAAVGGVFDVSNADR,GTGGVDTAAVGGVFDVSNADR,T to D,1,0.493,2,S6,Lung,b1,b2,y21,y20,b1,b2,y21,y20,,477.26282599999996,,,362.235886,463.283566,,1907.9093110000001
60,NTGTEAPDYLADVDVDPK,NTGTEAPDYLATVDVDPK,T to D,3,0.165,2,S6,Lung,b3,b4,y16,y15,b3,b4,y16,y15,577.3264960000001,678.374176,,,577.3264960000001,678.374176,,
61,GDGGVDTAAVGGVFDVSNADR,GTGGVDTAAVGGVFDVSNADR,T to D,1,0.489,2,S6,Lung,b1,b2,y21,y20,b1,b2,y21,y20,,477.26282599999996,,,362.235886,463.283566,,1907.9093110000001
62,NDGTEAPDYLATVDVDPK,NTGTEAPDYLATVDVDPK,T to D,1,0.109,2,S6,Lung,b1,b2,y18,y17,b1,b2,y18,y17,419.257356,534.284296,,,419.257356,520.3050360000001,,
63,DSIDAYDNFDNISLAQR,TSIDAYDNFDNISLAQR,T to D,0,0.248,2,S6,Lung,b0,b1,y18,y17,b0,b1,y18,y17,,420.241366,,,,406.262106,,
64,SNDSPEELGPLANQLTSDYGR,SNTSPEELGPLANQLTSDYGR,T to D,2,0.248,2,S6,Lung,b2,b3,y20,y19,b2,b3,y20,y19,,621.3163260000001,,,506.289386,607.337066,,
65,VIDAFNDGLNHLDSLK,VITAFNDGLNHLDSLK,T to D,2,0.103,2,S6,Lung,b2,b3,y15,y14,b2,b3,y15,y14,,632.393836,,,517.366896,618.4145760000001,,1848.977471
66,EADHGKPLPK,EAWHGKPLPK,W to D,2,0.962,4,S6,Lung,b2,b3,y9,y8,b2,b3,y9,y8,505.294126,620.321066,,,505.294126,691.3734360000001,1642.008431,1570.9713210000002
67,SLASVLLQDHIR,ALASVLLQDHIR,A to S,0,0.992,3,S6,Lung,b0,b1,y13,y12,b0,b1,y13,y12,,392.246456,,,,376.251536,,
68,VMAMELGPHK,AMAMELGPHK,A to V,0,0.498,3,S6,Lung,b0,b1,y11,y10,b0,b1,y11,y10,,404.28283600000003,,,,376.251536,,
69,TDSTSDGRTAWMR,TDSTSDGRPAWMR,P to T,0,0.331,3,S6,Lung,b0,b1,y14,y13,b0,b1,y14,y13,,406.262106,,,,406.262106,,
70,NLDIERPTDTNLNR,NLDIERPTYTNLNR,Y to D,1,0.911,3,S6,Lung,b1,b2,y14,y13,b1,b2,y14,y13,419.257356,532.341416,,,419.257356,532.341416,,1604.839081
71,IGFTWSEIR,IGFPWSEIR,P to T,0,0.5,2,S6,Lung,b0,b1,y10,y9,b0,b1,y10,y9,,418.29848599999997,,,,418.29848599999997,,
72,IGFTWSEIR,IGFPWSEIR,P to T,0,0.499,2,S6,Lung,b0,b1,y10,y9,b0,b1,y10,y9,,418.29848599999997,,,,418.29848599999997,,
73,GYSFETTAER,GYSFVTTAER,V to E,0,1.0,2,S6,Lung,b0,b1,y11,y10,b0,b1,y11,y10,,362.235886,,,,362.235886,,
74,AQIDDTAGQER,AQIWDTAGQER,W to D,0,1.0,2,S6,Lung,b0,b1,y12,y11,b0,b1,y12,y11,,376.251536,,,,376.251536,,
75,ENPTTFMGNYLHEVAR,ENPTTFMGHYLHEVAR,H to N,1,0.957,3,S6,Lung,b1,b2,y16,y15,b1,b2,y16,y15,434.25701599999996,548.2999460000001,,,434.25701599999996,548.2999460000001,,
76,PNADEVGGEALGR,VNADEVGGEALGR,V to P,0,0.5,2,S6,Lung,b0,b1,y14,y13,b0,b1,y14,y13,,402.267186,,,,404.28283600000003,,
77,SEIDMNDIK,SEIDMNEIK,E to D,1,0.98,2,S6,Lung,b1,b2,y9,y8,b1,b2,y9,y8,392.246456,521.2890460000001,,,392.246456,521.2890460000001,,
78,GTTWEGGLFK,GTPWEGGLFK,P to T,0,0.499,2,S6,Lung,b0,b1,y11,y10,b0,b1,y11,y10,,362.235886,,,,362.235886,,
79,GTTWEGGLFK,GTPWEGGLFK,P to T,0,0.464,2,S6,Lung,b0,b1,y11,y10,b0,b1,y11,y10,,362.235886,,,,362.235886,,
80,NTLLQEQGTK,WTLLQEQGTK,W to N,0,0.997,2,S6,Lung,b0,b1,y11,y10,,,,,,419.257356,,,,,,
81,DTLLQEQGTK,WTLLQEQGTK,W to D,0,0.996,2,S6,Lung,b0,b1,y11,y10,,,,,,420.241366,,,,,,
82,DTLLQEQGTK,WTLLQEQGTK,W to D,0,0.998,2,S6,Lung,b0,b1,y11,y10,,,,,,420.241366,,,,,,
83,AQQVSTPTLVEAAR,APQVSTPTLVEAAR,P to Q,1,0.013,2,S6,Lung,b1,b2,y14,y13,b1,b2,y14,y13,,,,,376.251536,473.304296,,1368.748131
84,DFNDSQLQEGK,DFTDSQLQEGK,T to N,2,0.2,2,S6,Lung,b2,b3,y10,y9,b2,b3,y10,y9,567.309776,,1469.755531,1322.6871210000002,567.309776,668.3574560000001,1456.760281,1309.691871
85,AFTPAAQAAFQK,DFTPAAQAAFQK,D to A,0,0.5,2,S6,Lung,b0,b1,y13,y12,b0,b1,y13,y12,,376.251536,,,,420.241366,,
86,SEGPEVDVNLPK,GEGPEVDVNLPK,G to S,0,0.971,2,S6,Lung,b0,b1,y13,y12,b0,b1,y13,y12,,392.246456,,,,362.235886,,
87,GALQNIIPASTGAAK,GAAQNIIPASTGAAK,A to I/L,0,0.99,2,S6,Lung,b0,b1,y16,y15,b0,b1,y16,y15,,362.235886,,,,362.235886,,
88,QVATALQNLQDK,QVATALQNLQTK,T to D,0,0.014,2,S6,Lung,b0,b1,y13,y12,b0,b1,y13,y12,,433.273006,,,,433.273006,,
89,SDELPDGQVITIGNER,SYELPDGQVITIGNER,Y to D,0,0.992,2,S6,Lung,b0,b1,y17,y16,b0,b1,y17,y16,,392.246456,,,,392.246456,,
90,IEDGNDFGVAVQEK,IEDGNDFGVAIQEK,I to V,0,0.992,2,S6,Lung,b0,b1,y15,y14,b0,b1,y15,y14,,418.29848599999997,,,,418.29848599999997,,
91,IEDGNDFGVAVQEK,IEDGNDFGVAIQEK,I to V,0,1.0,2,S6,Lung,b0,b1,y15,y14,b0,b1,y15,y14,,418.29848599999997,,,,418.29848599999997,,
92,ALTFWNEEIAPK,ALPFWNEEIAPK,P to T,0,0.013,2,S6,Lung,b0,b1,y13,y12,b0,b1,y13,y12,,376.251536,,,,376.251536,,
93,EDVQTTEDQILKR,ETVQTTEDQILKR,T to D,1,0.481,2,S6,Lung,b1,b2,y13,y12,b1,b2,y13,y12,,549.283956,,,434.25701599999996,535.304696,,1735.987321
94,NSSYFVENIPNNVK,NSSYFVEWIPNNVK,W to N,0,0.995,2,S6,Lung,b0,b1,y15,y14,b0,b1,y15,y14,,419.257356,,,,419.257356,,
95,EDVQTTEDQILKR,ETVQTTEDQILKR,T to D,1,0.5,2,S6,Lung,b1,b2,y13,y12,b1,b2,y13,y12,,549.283956,,,434.25701599999996,535.304696,,1735.987321
96,NSSYFVEDIPNNVK,NSSYFVEWIPNNVK,W to D,0,0.995,2,S6,Lung,b0,b1,y15,y14,b0,b1,y15,y14,,419.257356,,,,419.257356,,
97,KTSGPPVSELIDK,KTSGPPVSELITK,T to D,0,0.5,2,S6,Lung,b0,b1,y14,y13,b0,b1,y14,y13,,737.5165360000001,,,,737.5165360000001,,
98,LINSLYPETQAPVK,LINSLYPEGQAPVK,G to T,0,0.498,2,S6,Lung,b0,b1,y15,y14,b0,b1,y15,y14,,418.29848599999997,,,,418.29848599999997,,
99,DLYANDVLSGGTTMYPGIADR,DLYANTVLSGGTTMYPGIADR,T to D,2,0.486,2,S6,Lung,b2,b3,y20,y19,b2,b3,y20,y19,533.3254260000001,696.3887560000001,,,533.3254260000001,696.3887560000001,,
100,VDIDVPDVNIEGPDDK,VDIDVPDVNIEGPDTK,T to D,0,0.043,2,S6,Lung,b0,b1,y17,y16,b0,b1,y17,y16,,404.28283600000003,,,,404.28283600000003,,
101,VITAFNDGLNNLDSLK,VITAFNDGLNHLDSLK,H to N,0,1.0,2,S6,Lung,b0,b1,y17,y16,b0,b1,y17,y16,,404.28283600000003,,,,404.28283600000003,,
102,DAVSEGTK,HAVSEGTK,H to D,0,0.998,2,S6,Lung,b0,b1,y9,y8,b0,b1,y9,y8,,420.241366,,,,138.066186,,
103,GSMTMLTK,GAMTMLTK,A to S,1,0.499,2,S6,Lung,b1,b2,y8,y7,b1,b2,y8,y7,362.235886,449.267916,,,362.235886,433.272996,,
104,GQYFGELALVDNKPR,GQYFGELALVTNKPR,T to D,0,0.024,3,S6,Lung,b0,b1,y16,y15,b0,b1,y16,y15,,362.235886,,,,362.235886,,
105,SQYEDIAQK,AQYEDIAQK,A to S,0,0.996,2,S6,Lung,b0,b1,y10,y9,b0,b1,y10,y9,,392.246456,,,,376.251536,,
106,SQYEDIAQK,AQYEDIAQK,A to S,0,0.993,2,S6,Lung,b0,b1,y10,y9,b0,b1,y10,y9,,392.246456,,,,376.251536,,
107,SAVQQLQAEGLSPR,AAVQQLQAEGLSPR,A to S,0,0.92,2,S6,Lung,b0,b1,y15,y14,b0,b1,y15,y14,,392.246456,,,,376.251536,,
108,EITALAPSDMK,EITALAPSTMK,T to D,3,0.243,2,S6,Lung,b3,b4,y9,y8,b3,b4,y9,y8,648.3887560000001,719.425866,1237.6781310000001,1136.630451,648.3887560000001,719.425866,1223.698871,1122.6511910000002
109,SENSTSAPAAKPK,TENSTSAPAAKPK,T to S,0,0.498,2,S6,Lung,b0,b1,y14,y13,b0,b1,y14,y13,,,,,,406.262106,,
110,FAPPQPAEPDSFVK,FAPPQPAEPWSFVK,W to D,1,0.97,2,S6,Lung,b1,b2,y14,y13,b1,b2,y14,y13,452.28283600000003,523.3199460000001,,,452.28283600000003,523.3199460000001,,
111,VDIDVPDVNIEGPDSK,VDIDVPDVNIEGPDTK,T to S,0,0.496,2,S6,Lung,b0,b1,y17,y16,b0,b1,y17,y16,,404.28283600000003,,,,404.28283600000003,,
112,FAPPQPAETWSFVK,FAPPQPAEPWSFVK,P to T,0,0.015,2,S6,Lung,b0,b1,y15,y14,b0,b1,y15,y14,,452.28283600000003,,,,452.28283600000003,,
113,FAPPQPAEQWSFVK,FAPPQPAEPWSFVK,P to Q,0,0.495,2,S6,Lung,b0,b1,y15,y14,b0,b1,y15,y14,,452.28283600000003,,,,452.28283600000003,,
114,VDIDVPDVNIEGPDSK,VDIDVPDVNIEGPDTK,T to S,2,0.935,2,S6,Lung,b2,b3,y15,y14,b2,b3,y15,y14,519.309776,632.393836,1916.977181,1801.950241,519.309776,632.393836,,
115,VDIDVPDVNIEGPDDK,VDIDVPDVNIEGPDTK,T to D,0,0.023,2,S6,Lung,b0,b1,y17,y16,b0,b1,y17,y16,,404.28283600000003,,,,404.28283600000003,,
116,VDIDVPDVNIEGPDDK,VDIDVPDVNIEGPDTK,T to D,0,0.022,2,S6,Lung,b0,b1,y17,y16,b0,b1,y17,y16,,404.28283600000003,,,,404.28283600000003,,
117,TMDEMGQEIPSDATWK,TMDEMGQEIPSDAPWK,P to T,0,0.014,2,S6,Lung,b0,b1,y17,y16,b0,b1,y17,y16,,406.262106,,,,406.262106,,
118,EDGTNGTEHR,EDGTWGTEHR,W to N,0,0.989,3,S6,Lung,b0,b1,y11,y10,b0,b1,y11,y10,,434.25701599999996,,,,434.25701599999996,,
119,EVEERPAPTTWGSK,EVEERPAPTPWGSK,P to T,0,0.489,3,S6,Lung,b0,b1,y15,y14,b0,b1,y15,y14,,434.25701599999996,,,,434.25701599999996,,
120,EMAMELGPHK,AMAMELGPHK,A to E,0,0.5,2,S6,Lung,b0,b1,y11,y10,b0,b1,y11,y10,,172.06046599999996,,,,376.251536,,
121,GSLVLGSSLK,GALVLGSSLK,A to S,1,0.018,2,S6,Lung,b1,b2,y10,y9,b1,b2,y10,y9,,449.267916,,,362.235886,433.272996,,1191.763171
122,DVDGAYMDK,DVDGAYMTK,T to D,3,0.011,2,S6,Lung,b3,b4,y7,y6,,,,,634.336716,691.3581760000001,1119.5311210000002,1004.504181,,,,
123,GSYPVFFNFTR,GAYPVFFNFTR,A to S,1,0.025,2,S6,Lung,b1,b2,y11,y10,b1,b2,y11,y10,,449.267916,,,362.235886,433.272996,,1261.6364010000002
124,DGSNELPAEEGK,WGSNELPAEEGK,W to D,0,0.986,2,S6,Lung,b0,b1,y13,y12,b0,b1,y13,y12,,420.241366,,,,491.293736,,
125,DFIAIKPDGVQR,TFIAIKPDGVQR,T to D,0,0.982,2,S6,Lung,b0,b1,y13,y12,b0,b1,y13,y12,,420.241366,,,,406.262106,,
126,DVTAMDVVYALK,TVTAMDVVYALK,T to D,0,0.976,2,S6,Lung,b0,b1,y13,y12,b0,b1,y13,y12,,420.241366,,,,406.262106,,
127,DLYANDVLSGGTTMYPGIADR,DLYANTVLSGGTTMYPGIADR,T to D,1,0.496,2,S6,Lung,b1,b2,y21,y20,b1,b2,y21,y20,420.241366,533.3254260000001,,,420.241366,533.3254260000001,,
128,DLYANDVLSGGTTMYPGIADR,DLYANTVLSGGTTMYPGIADR,T to D,1,0.661,2,S6,Lung,b1,b2,y21,y20,b1,b2,y21,y20,420.241366,533.3254260000001,,,420.241366,533.3254260000001,,
129,DITLEVEPSDTIENVK,TITLEVEPSDTIENVK,T to D,0,0.331,2,S6,Lung,b0,b1,y17,y16,b0,b1,y17,y16,,420.241366,,,,406.262106,,
130,DITLEVEPSDTIENVK,TITLEVEPSDTIENVK,T to D,0,0.114,2,S6,Lung,b0,b1,y17,y16,b0,b1,y17,y16,,420.241366,,,,406.262106,,
131,DGHLLEEITPR,DLHLLEEITPR,L to G,1,0.499,3,S6,Lung,b1,b2,y11,y10,b1,b2,y11,y10,,477.26282599999996,,,420.241366,533.3254260000001,,1220.699721
132,DTAGDTHLGGEDFDNR,ATAGDTHLGGEDFDNR,A to D,0,0.498,3,S6,Lung,b0,b1,y17,y16,b0,b1,y17,y16,,420.241366,,,,376.251536,,
133,AAVSGLAGK,AAVSGLWGK,W to A,0,1.0,2,S6,Lung,b0,b1,y10,y9,b0,b1,y10,y9,,376.251536,,,,376.251536,,
134,AAVSGLDGK,AAVSGLWGK,W to D,0,1.0,2,S6,Lung,b0,b1,y10,y9,b0,b1,y10,y9,,376.251536,,,,376.251536,,
135,AAVSGLDGK,AAVSGLWGK,W to D,0,1.0,2,S6,Lung,b0,b1,y10,y9,b0,b1,y10,y9,,376.251536,,,,376.251536,,
136,EVEERPAPTTWGSK,EVEERPAPTPWGSK,P to T,0,0.02,3,S6,Lung,b0,b1,y15,y14,b0,b1,y15,y14,,434.25701599999996,,,,434.25701599999996,,
137,DLYDAGVK,ELYDAGVK,E to D,0,0.998,2,S6,Lung,b0,b1,y9,y8,b0,b1,y9,y8,,420.241366,,,,434.25701599999996,,
138,TPVSENVTK,TPVSEHVTK,H to N,0,1.0,2,S6,Lung,b0,b1,y10,y9,b0,b1,y10,y9,,406.262106,,,,406.262106,,
139,NAEGTASVEK,NAEGTWSVEK,W to A,0,0.997,2,S6,Lung,b0,b1,y11,y10,b0,b1,y11,y10,,419.257356,,,,419.257356,,
140,TPVSEQVTK,TPVSEHVTK,H to Q,0,0.994,2,S6,Lung,b0,b1,y10,y9,b0,b1,y10,y9,,406.262106,,,,406.262106,,
141,DGSEASLEDSSDR,DGSEASLEWSSDR,W to D,0,0.997,2,S6,Lung,b0,b1,y14,y13,b0,b1,y14,y13,,420.241366,,,,420.241366,,
142,NAEGTNSVEK,NAEGTWSVEK,W to N,0,1.0,2,S6,Lung,b0,b1,y11,y10,b0,b1,y11,y10,,419.257356,,,,419.257356,,
143,NAEGTDSVEK,NAEGTWSVEK,W to D,0,1.0,2,S6,Lung,b0,b1,y11,y10,b0,b1,y11,y10,,419.257356,,,,419.257356,,
144,NAEGTDSVEK,NAEGTWSVEK,W to D,0,1.0,2,S6,Lung,b0,b1,y11,y10,b0,b1,y11,y10,,419.257356,,,,419.257356,,
145,DAEADFNEK,DAEAWFNEK,W to D,0,1.0,2,S6,Lung,b0,b1,y10,y9,,,,,,420.241366,,,,,,
146,DAEADFNEK,DAEAWFNEK,W to D,0,0.996,2,S6,Lung,b0,b1,y10,y9,,,,,,420.241366,,,,,,
147,TEAESDYQTK,TEAESWYQTK,W to D,0,0.997,2,S6,Lung,b0,b1,y11,y10,b0,b1,y11,y10,,406.262106,,,,406.262106,,
148,YNDLGEQDFK,YNDLGEQHFK,H to D,0,1.0,2,S6,Lung,b0,b1,y11,y10,b0,b1,y11,y10,,468.277756,,,,468.277756,,
149,YNDLGEQDFK,YNDLGEQHFK,H to D,0,1.0,2,S6,Lung,b0,b1,y11,y10,b0,b1,y11,y10,,468.277756,,,,468.277756,,
150,DVVIGDENYGEGSSR,WVVIGDENYGEGSSR,W to D,0,0.978,2,S6,Lung,b0,b1,y16,y15,b0,b1,y16,y15,,420.241366,,,,491.293736,,
151,DNAENEFVTIK,TNAENEFVTIK,T to D,0,0.987,2,S6,Lung,b0,b1,y12,y11,b0,b1,y12,y11,,420.241366,,,,406.262106,,
152,DPYTDVNIVTIR,TPYTDVNIVTIR,T to D,0,0.962,2,S6,Lung,b0,b1,y13,y12,b0,b1,y13,y12,,420.241366,,,,406.262106,,
153,DPYTDVNIVTIR,TPYTDVNIVTIR,T to D,0,0.935,2,S6,Lung,b0,b1,y13,y12,b0,b1,y13,y12,,420.241366,,,,406.262106,,
154,NSAVWTDPEVFDPLR,NSAVWPDPEVFDPLR,P to T,2,0.02,2,S6,Lung,b2,b3,y14,y13,b2,b3,y14,y13,506.289386,577.3264960000001,,,506.289386,577.3264960000001,,1540.779411
155,TLNFNEEGDAEEAMVDNWRTAQPLK,TLNFNEEGDAEEAMVDNWRPAQPLK,P to T,4,0.01,3,S6,Lung,b4,b5,y22,y21,b4,b5,y22,y21,780.457506,894.500436,,,780.457506,894.500436,,
156,DPSPGQPSNFIVTFQEQAWQRPDGQPATR,DPSPGQPSNFIVPFQEQAWQRPDGQPATR,P to T,0,0.11,3,S6,Lung,b0,b1,y30,y29,b0,b1,y30,y29,,420.241366,,,,420.241366,,
157,EDNLESLPLVDTHSK,ETNLESLPLVDTHSK,T to D,1,0.493,2,S6,Lung,b1,b2,y15,y14,b1,b2,y15,y14,,549.283956,,,434.25701599999996,535.304696,,
158,EDNLESLPLVDTHSK,ETNLESLPLVDTHSK,T to D,1,0.492,2,S6,Lung,b1,b2,y15,y14,b1,b2,y15,y14,,549.283956,,,434.25701599999996,535.304696,,
159,DELEDTLDSTAAQQELR,TELEDTLDSTAAQQELR,T to D,0,0.495,2,S6,Lung,b0,b1,y18,y17,b0,b1,y18,y17,,420.241366,,,,406.262106,,
160,DELEDTLDSTAAQQELR,TELEDTLDSTAAQQELR,T to D,0,0.463,2,S6,Lung,b0,b1,y18,y17,b0,b1,y18,y17,,420.241366,,,,406.262106,,
161,SAVPSGASTGIYEALELR,AAVPSGASTGIYEALELR,A to S,0,0.98,2,S6,Lung,b0,b1,y19,y18,b0,b1,y19,y18,,392.246456,,,,376.251536,,
162,IGGHGAEDGAEALER,IGGHGAEYGAEALER,Y to D,0,1.0,3,S6,Lung,b0,b1,y16,y15,b0,b1,y16,y15,,418.29848599999997,,,,418.29848599999997,,
163,IGGHGAEDGAEALER,IGGHGAEYGAEALER,Y to D,0,1.0,3,S6,Lung,b0,b1,y16,y15,b0,b1,y16,y15,,418.29848599999997,,,,418.29848599999997,,
164,LVGPGQDEGAR,LVGPGQWEGAR,W to D,0,0.999,2,S6,Lung,b0,b1,y12,y11,b0,b1,y12,y11,,418.29848599999997,,,,418.29848599999997,,
165,SLNNDWEDHLAVK,SLTNDWEDHLAVK,T to N,0,0.011,3,S6,Lung,b0,b1,y14,y13,b0,b1,y14,y13,,392.246456,,,,392.246456,,
166,KPITAFNDGLNHLDSLK,KVITAFNDGLNHLDSLK,V to P,1,0.498,4,S6,Lung,b1,b2,y17,y16,b1,b2,y17,y16,,834.5692960000001,,,737.5165360000001,836.5849460000001,,
167,AQIGGPEAAK,AQIGGPEAGK,G to A,0,1.0,2,S6,Lung,b0,b1,y11,y10,b0,b1,y11,y10,,376.251536,,,,376.251536,,
168,DYSFTTTAER,GYSFTTTAER,G to D,0,0.5,2,S6,Lung,b0,b1,y11,y10,b0,b1,y11,y10,,,,,,362.235886,,
169,VAPEENPVLLTEAPLNPK,VAPEEHPVLLTEAPLNPK,H to N,0,0.992,3,S6,Lung,b0,b1,y19,y18,b0,b1,y19,y18,,404.28283600000003,,,,404.28283600000003,,
170,SDVEGIQASVK,STVEGIQASVK,T to D,1,0.019,2,S6,Lung,b1,b2,y11,y10,b1,b2,y11,y10,392.246456,507.273396,,,392.246456,493.29413600000004,,1335.780281
171,DNVNVFSELPAPR,TNVNVFSELPAPR,T to D,0,0.981,2,S6,Lung,b0,b1,y14,y13,b0,b1,y14,y13,,420.241366,,,,406.262106,,
172,DNVNVFSELPAPR,TNVNVFSELPAPR,T to D,0,0.981,2,S6,Lung,b0,b1,y14,y13,b0,b1,y14,y13,,420.241366,,,,406.262106,,
173,TDESQTWVLPVVR,TDESQPWVLPVVR,P to T,0,0.5,2,S6,Lung,b0,b1,y14,y13,b0,b1,y14,y13,,406.262106,,,,406.262106,,
174,APEVDVQGPEDSLK,APEVDVQGPEWSLK,W to D,0,1.0,2,S6,Lung,b0,b1,y15,y14,b0,b1,y15,y14,,376.251536,,,,376.251536,,
175,ADQDNVNYVETSAK,ADQWNVNYVETSAK,W to D,0,0.998,2,S6,Lung,b0,b1,y15,y14,b0,b1,y15,y14,,376.251536,,,,376.251536,,
176,APEVDVQGTEWSLK,APEVDVQGPEWSLK,P to T,0,0.012,2,S6,Lung,b0,b1,y15,y14,b0,b1,y15,y14,,376.251536,,,,376.251536,,
177,PGSDSGNFRPANTNWGVFSEFGDSSSPATR,PGSDSGNFRPANPNWGVFSEFGDSSSPATR,P to T,0,0.325,3,S6,Lung,b0,b1,y31,y30,b0,b1,y31,y30,,,,,,,,
178,PGSDSGNFRPANTNWGVFSEFGDSSSPATR,PGSDSGNFRPANPNWGVFSEFGDSSSPATR,P to T,0,0.014,3,S6,Lung,b0,b1,y31,y30,b0,b1,y31,y30,,,,,,,,
179,IVTEWQDYDQEIK,IVPEWQDYDQEIK,P to T,0,0.025,2,S6,Lung,b0,b1,y14,y13,b0,b1,y14,y13,,418.29848599999997,,,,418.29848599999997,,
180,SDPAITLENPDIK,STPAITLENPDIK,T to D,1,0.493,2,S6,Lung,b1,b2,y13,y12,b1,b2,y13,y12,392.246456,507.273396,,,392.246456,493.29413600000004,,1615.922581
181,SDPAITLENPDIK,STPAITLENPDIK,T to D,1,0.493,2,S6,Lung,b1,b2,y13,y12,b1,b2,y13,y12,392.246456,507.273396,,,392.246456,493.29413600000004,,1615.922581
182,DELEDTLDSTAAQQELR,TELEDTLDSTAAQQELR,T to D,0,0.986,2,S6,Lung,b0,b1,y18,y17,b0,b1,y18,y17,,420.241366,,,,406.262106,,
183,DELEDTLDSTAAQQELR,TELEDTLDSTAAQQELR,T to D,0,0.5,2,S6,Lung,b0,b1,y18,y17,b0,b1,y18,y17,,420.241366,,,,406.262106,,
184,AVDQSAEITIPVTFEAR,AVTQSAEITIPVTFEAR,T to D,2,0.015,2,S6,Lung,b2,b3,y16,y15,b2,b3,y16,y15,,590.346886,,,475.319946,576.367626,,1662.869701
185,KDQEQLASEMAELTAR,KTQEQLASEMAELTAR,T to D,1,0.5,2,S6,Lung,b1,b2,y16,y15,b1,b2,y16,y15,,852.543476,,,737.5165360000001,838.564216,,1677.811211
186,KDQEQLASEMAELTAR,KTQEQLASEMAELTAR,T to D,1,0.496,2,S6,Lung,b1,b2,y16,y15,b1,b2,y16,y15,,852.543476,,,737.5165360000001,838.564216,,1677.811211
187,KDQEQLASEMAELTAR,KTQEQLASEMAELTAR,T to D,1,0.498,2,S6,Lung,b1,b2,y16,y15,b1,b2,y16,y15,,852.543476,,,737.5165360000001,838.564216,,1677.811211
188,DGPNALTPPPTTTEWVK,DGPNALTPPPTTPEWVK,P to T,0,0.285,2,S6,Lung,b0,b1,y18,y17,b0,b1,y18,y17,,420.241366,,,,420.241366,,
189,DGPNALTPPPTTTEWVK,DGPNALTPPPTTPEWVK,P to T,0,0.332,2,S6,Lung,b0,b1,y18,y17,b0,b1,y18,y17,,420.241366,,,,420.241366,,
190,EIIVTDYDPQNLQELQK,EIIVTDYTPQNLQELQK,T to D,1,0.25,2,S6,Lung,b1,b2,y17,y16,b1,b2,y17,y16,434.25701599999996,547.341076,,,434.25701599999996,547.341076,,
191,DPSPGQPSNFIVTFQEQAWQRPDGQPATR,DPSPGQPSNFIVPFQEQAWQRPDGQPATR,P to T,0,0.111,3,S6,Lung,b0,b1,y30,y29,b0,b1,y30,y29,,420.241366,,,,420.241366,,
192,VAPEENPVLLTEAPLNPK,VAPEEHPVLLTEAPLNPK,H to N,1,0.965,2,S6,Lung,b1,b2,y18,y17,b1,b2,y18,y17,404.28283600000003,475.319946,,,404.28283600000003,475.319946,,
193,GIVDQSQQAYQESFEISK,GIVDQSQQAYQEAFEISK,A to S,0,0.96,2,S6,Lung,b0,b1,y19,y18,b0,b1,y19,y18,,362.235886,,,,362.235886,,
194,VAPEEDPVLLTEAPLNPK,VAPEEHPVLLTEAPLNPK,H to D,1,0.953,2,S6,Lung,b1,b2,y18,y17,b1,b2,y18,y17,404.28283600000003,475.319946,,,404.28283600000003,475.319946,,
195,SFDLASSENQLGAPISGEGLPGR,SFTLASSENQLGAPISGEGLPGR,T to D,2,0.331,2,S6,Lung,b2,b3,y22,y21,b2,b3,y22,y21,,654.3418060000001,,,539.314866,640.3625460000001,,
196,LEAVEGEEVVLTAWYTMAR,LEAVEGEEVVLPAWYTMAR,P to T,0,0.125,2,S6,Lung,b0,b1,y20,y19,b0,b1,y20,y19,,418.29848599999997,,,,418.29848599999997,,
197,AAVSGLDGK,AAVSGLWGK,W to D,0,1.0,2,S6,Lung,b0,b1,y10,y9,b0,b1,y10,y9,,376.251536,,,,376.251536,,
198,TSTDSGESK,TSTWSGESK,W to D,0,1.0,2,S6,Lung,b0,b1,y10,y9,b0,b1,y10,y9,,406.262106,,,,406.262106,,
199,LLVVYPDTQR,LLVVYPWTQR,W to D,1,0.949,2,S6,Lung,b1,b2,y10,y9,b1,b2,y10,y9,418.29848599999997,531.382546,,1090.5891210000002,418.29848599999997,531.382546,,1161.641491
200,PNADEVGGEALGR,VNADEVGGEALGR,V to P,0,0.998,2,S6,Lung,b0,b1,y14,y13,b0,b1,y14,y13,,402.267186,,,,404.28283600000003,,
201,VNADEVSGEALGR,VNADEVGGEALGR,G to S,1,0.97,2,S6,Lung,b1,b2,y13,y12,b1,b2,y13,y12,404.28283600000003,518.325766,,1217.5756410000001,404.28283600000003,518.325766,,1187.565071
202,LLVVYTWTQR,LLVVYPWTQR,P to T,0,0.496,2,S6,Lung,b0,b1,y11,y10,b0,b1,y11,y10,,418.29848599999997,,,,418.29848599999997,,
203,LLVVYTWTQR,LLVVYPWTQR,P to T,0,0.027,2,S6,Lung,b0,b1,y11,y10,b0,b1,y11,y10,,418.29848599999997,,,,418.29848599999997,,
204,LLVVYTWTQR,LLVVYPWTQR,P to T,0,0.358,2,S6,Lung,b0,b1,y11,y10,b0,b1,y11,y10,,418.29848599999997,,,,418.29848599999997,,
205,GAGSIAGASASPK,GAGAIAGASASPK,A to S,0,0.994,2,S6,Lung,b0,b1,y14,y13,b0,b1,y14,y13,,362.235886,,,,362.235886,,
206,DFNPAAQAAFQK,DFTPAAQAAFQK,T to N,1,0.056,2,S6,Lung,b1,b2,y12,y11,b1,b2,y12,y11,420.241366,567.309776,,1496.818061,420.241366,567.309776,,1483.822811
207,QNGVLNSDTDQDSK,QNGVLNSWTDQDSK,W to D,0,0.993,2,S6,Lung,b0,b1,y15,y14,b0,b1,y15,y14,,433.273006,,,,433.273006,,
208,PNSVNPTVVLTDMGK,VNSVNPTVVLTDMGK,V to P,0,0.5,2,S6,Lung,b0,b1,y16,y15,b0,b1,y16,y15,,402.267186,,,,404.28283600000003,,
209,GGDPAFVPSSLSSQASLPTSR,GGTPAFVPSSLSSQASLPTSR,T to D,2,0.011,2,S6,Lung,b2,b3,y20,y19,b2,b3,y20,y19,,534.2842860000001,,,419.257346,520.305026,,
210,DVTNAVVTVPAYFNDSQR,TVTNAVVTVPAYFNDSQR,T to D,0,0.333,2,S6,Lung,b0,b1,y19,y18,b0,b1,y19,y18,,420.241366,,,,406.262106,,
211,DNVNVFSELPAPR,TNVNVFSELPAPR,T to D,0,0.981,2,S6,Lung,b0,b1,y14,y13,b0,b1,y14,y13,,420.241366,,,,406.262106,,
212,DVTNAVVTVPAYFNDSQR,TVTNAVVTVPAYFNDSQR,T to D,0,0.494,2,S6,Lung,b0,b1,y19,y18,b0,b1,y19,y18,,420.241366,,,,406.262106,,
213,KDVTAMDVVYALK,KTVTAMDVVYALK,T to D,1,0.497,2,S6,Lung,b1,b2,y13,y12,b1,b2,y13,y12,,852.543476,,,737.5165360000001,838.564216,,1630.9044810000003
214,DNVNVFSELPAPR,TNVNVFSELPAPR,T to D,0,0.981,2,S6,Lung,b0,b1,y14,y13,b0,b1,y14,y13,,420.241366,,,,406.262106,,
215,KDVTAMDVVYALK,KTVTAMDVVYALK,T to D,1,0.011,2,S6,Lung,b1,b2,y13,y12,b1,b2,y13,y12,,852.543476,,,737.5165360000001,838.564216,,1630.9044810000003
216,KDVTAMDVVYALK,KTVTAMDVVYALK,T to D,1,0.496,2,S6,Lung,b1,b2,y13,y12,b1,b2,y13,y12,,852.543476,,,737.5165360000001,838.564216,,1630.9044810000003
217,ALYQDEAFTADFQQPTEAK,ALYQTEAFTADFQQPTEAK,T to D,2,0.327,2,S6,Lung,b2,b3,y18,y17,b2,b3,y18,y17,489.335596,,,,489.335596,652.3989260000001,,
218,ALYQDEAFTADFQQPTEAK,ALYQTEAFTADFQQPTEAK,T to D,4,0.166,2,S6,Lung,b4,b5,y16,y15,b4,b5,y16,y15,,895.4844460000002,,,780.4575060000001,881.5051860000001,,
219,IHFPLADYAPVISAEK,IHFPLATYAPVISAEK,T to D,4,0.332,2,S6,Lung,b4,b5,y13,y12,b4,b5,y13,y12,799.478566,912.5626260000001,,,799.478566,912.5626260000001,,
220,DLLGDVPVVADPTVPNVTVTR,TLLGDVPVVADPTVPNVTVTR,T to D,0,0.492,2,S6,Lung,b0,b1,y22,y21,b0,b1,y22,y21,,,,,,406.262106,,
221,PELQELNDR,VELQELNDR,V to P,0,0.99,2,S6,Lung,b0,b1,y10,y9,b0,b1,y10,y9,,402.267186,,,,404.28283600000003,,
222,QDEVNAANQR,QDEVNAAWQR,W to N,0,1.0,2,S6,Lung,b0,b1,y11,y10,b0,b1,y11,y10,,433.273006,,,,433.273006,,
223,QDEVNAADQR,QDEVNAAWQR,W to D,2,0.849,2,S6,Lung,b2,b3,y9,y8,b2,b3,y9,y8,548.2999460000001,677.3425360000001,1017.4595610000001,902.432621,548.2999460000001,677.3425360000001,1088.511931,973.484991
224,LLVVYPDTQR,LLVVYPWTQR,W to D,1,0.773,2,S6,Lung,b1,b2,y10,y9,b1,b2,y10,y9,418.29848599999997,531.382546,,1090.5891210000002,418.29848599999997,531.382546,,1161.641491
225,LLVVYTWTQR,LLVVYPWTQR,P to T,0,0.49,2,S6,Lung,b0,b1,y11,y10,b0,b1,y11,y10,,418.29848599999997,,,,418.29848599999997,,
226,DNSDLVSLAK,TNSDLVSLAK,T to D,0,0.491,2,S6,Lung,b0,b1,y11,y10,b0,b1,y11,y10,,420.241366,,,,406.262106,,
227,QDALAELVK,QTALAELVK,T to D,1,0.011,2,S6,Lung,b1,b2,y9,y8,b1,b2,y9,y8,433.273006,548.2999460000001,,,433.273006,534.320686,,1148.720971
228,VVSPDNSEDAK,VVSPWNSEDAK,W to D,0,0.99,2,S6,Lung,b0,b1,y12,y11,b0,b1,y12,y11,,404.28283600000003,,,,404.28283600000003,,
229,EITALAPSDMK,EITALAPSTMK,T to D,0,0.017,2,S6,Lung,b0,b1,y12,y11,b0,b1,y12,y11,,434.25701599999996,,,,434.25701599999996,,
230,VVPEEHPVLLTEAPLNPK,VAPEEHPVLLTEAPLNPK,A to V,1,0.496,3,S6,Lung,b1,b2,y18,y17,b1,b2,y18,y17,404.28283600000003,503.351246,,,404.28283600000003,475.319946,,
231,GETGPAGPSGAPGPAGLR,GETGPAGPSGAPGPAGSR,S to I/L,6,0.141,2,S6,Lung,b6,b7,y13,y12,,,,,817.437486,874.458946,1107.5904910000002,1036.553381,,,,
232,ASDTSITNNNLK,ASDTSITWNNLK,W to N,0,1.0,2,S6,Lung,b0,b1,y13,y12,b0,b1,y13,y12,,376.251536,,,,376.251536,,
233,ASDTSITDNNLK,ASDTSITWNNLK,W to D,0,0.999,2,S6,Lung,b0,b1,y13,y12,b0,b1,y13,y12,,376.251536,,,,376.251536,,
234,ASDTSITDNNLK,ASDTSITWNNLK,W to D,0,1.0,2,S6,Lung,b0,b1,y13,y12,b0,b1,y13,y12,,376.251536,,,,376.251536,,
235,VVSTWNSEDAK,VVSPWNSEDAK,P to T,0,0.037,2,S6,Lung,b0,b1,y12,y11,b0,b1,y12,y11,,404.28283600000003,,,,404.28283600000003,,
236,VVSTWNSEDAK,VVSPWNSEDAK,P to T,0,0.5,2,S6,Lung,b0,b1,y12,y11,b0,b1,y12,y11,,404.28283600000003,,,,404.28283600000003,,
237,TSGPPVSELIDK,TSGPPVSELITK,T to D,0,0.022,2,S6,Lung,b0,b1,y13,y12,b0,b1,y13,y12,,406.262106,,,,406.262106,,
238,AGVAQPGGDTIFGK,AQVAQPGGDTIFGK,Q to G,1,0.5,2,S6,Lung,b1,b2,y14,y13,b1,b2,y14,y13,376.251536,433.272996,,,376.251536,504.310116,,1621.886861
239,NPGTTGSDGTGDWGTGSTRPGSDSGNFR,NPGTTGSDGTGDWGTGSPRPGSDSGNFR,P to T,5,0.142,3,S6,Lung,b5,b6,y24,y23,b5,b6,y24,y23,775.4269360000001,832.448396,,,775.4269360000001,832.448396,,2266.970751
240,ANLPQSFQVDDSK,ANLPQSFQVDTSK,T to D,0,0.016,2,S6,Lung,b0,b1,y14,y13,b0,b1,y14,y13,,376.251536,,,,376.251536,,
241,DIDDLEDKLK,TIDDLEDKLK,T to D,0,0.497,2,S6,Lung,b0,b1,y11,y10,b0,b1,y11,y10,,420.241366,,,,406.262106,,
242,LGAASLGAEDPETQVVLINAPK,LGAASLGAEDPETQVVLINAVK,V to P,1,0.151,2,S6,Lung,b1,b2,y22,y21,b1,b2,y22,y21,418.29848599999997,475.319946,,,418.29848599999997,475.319946,,
243,FDQAGSEVSALLGR,FTQAGSEVSALLGR,T to D,1,0.02,2,S6,Lung,b1,b2,y14,y13,b1,b2,y14,y13,452.28283600000003,567.309776,,,452.28283600000003,553.330516,,1288.685531
244,GIDHNDNK,GIWHNDNK,W to D,0,1.0,3,S6,Lung,b0,b1,y9,y8,b0,b1,y9,y8,,362.235886,,,,362.235886,,
245,GESLDNLDSQRTGSWR,GESLDNLDSQRPGSWR,P to T,0,0.017,3,S6,Lung,b0,b1,y17,y16,b0,b1,y17,y16,,362.235886,,,,362.235886,,
246,LKAEFQEEAK,LKAEYQEEAK,Y to F,0,0.999,3,S6,Lung,b0,b1,y11,y10,b0,b1,y11,y10,,418.29848599999997,,,,418.29848599999997,,
247,LLVVYPDTQR,LLVVYPWTQR,W to D,1,0.494,2,S6,Lung,b1,b2,y10,y9,b1,b2,y10,y9,418.29848599999997,531.382546,,1090.5891210000002,418.29848599999997,531.382546,,1161.641491
248,DLMNLGGLAVAR,TLMNLGGLAVAR,T to D,0,0.959,2,S6,Lung,b0,b1,y13,y12,b0,b1,y13,y12,,420.241366,,,,406.262106,,
249,LLVVYTWTQR,LLVVYPWTQR,P to T,0,0.498,2,S6,Lung,b0,b1,y11,y10,b0,b1,y11,y10,,418.29848599999997,,,,418.29848599999997,,
250,DLMNLGGLAVAR,TLMNLGGLAVAR,T to D,0,0.97,2,S6,Lung,b0,b1,y13,y12,b0,b1,y13,y12,,420.241366,,,,406.262106,,
251,LLVVYTWTQR,LLVVYPWTQR,P to T,0,0.49,2,S6,Lung,b0,b1,y11,y10,b0,b1,y11,y10,,418.29848599999997,,,,418.29848599999997,,
252,VNVDEVGGEALGR,VNADEVGGEALGR,A to V,0,1.0,2,S6,Lung,b0,b1,y14,y13,b0,b1,y14,y13,,404.28283600000003,,,,404.28283600000003,,
253,SEEDFLTWER,SEEDFLPWER,P to T,0,0.404,2,S6,Lung,b0,b1,y11,y10,b0,b1,y11,y10,,392.246456,,,,392.246456,,
254,SEEDFLTWER,SEEDFLPWER,P to T,0,0.482,2,S6,Lung,b0,b1,y11,y10,b0,b1,y11,y10,,392.246456,,,,392.246456,,
255,QDALAELVK,QTALAELVK,T to D,1,0.012,2,S6,Lung,b1,b2,y9,y8,b1,b2,y9,y8,433.273006,548.2999460000001,,,433.273006,534.320686,,1148.720971
256,QDALAELVK,QTALAELVK,T to D,1,0.017,2,S6,Lung,b1,b2,y9,y8,b1,b2,y9,y8,433.273006,548.2999460000001,,,433.273006,534.320686,,1148.720971
257,AMAMELGPNK,AMAMELGPHK,H to N,0,0.989,2,S6,Lung,b0,b1,y11,y10,b0,b1,y11,y10,,376.251536,,,,376.251536,,
258,DSPSVNAAVPGK,DSPSVWAAVPGK,W to N,0,0.999,2,S6,Lung,b0,b1,y13,y12,b0,b1,y13,y12,,420.241366,,,,420.241366,,
259,DSPSVDAAVPGK,DSPSVWAAVPGK,W to D,0,0.333,2,S6,Lung,b0,b1,y13,y12,b0,b1,y13,y12,,420.241366,,,,420.241366,,
260,VLPEEHPVLLTEAPLNPK,VAPEEHPVLLTEAPLNPK,A to I/L,1,0.496,3,S6,Lung,b1,b2,y18,y17,b1,b2,y18,y17,404.28283600000003,517.366896,,,404.28283600000003,475.319946,,
261,EITALAPSDMK,EITALAPSTMK,T to D,0,0.333,2,S6,Lung,b0,b1,y12,y11,b0,b1,y12,y11,,434.25701599999996,,,,434.25701599999996,,
262,DSPSQWAAVPGK,DSPSVWAAVPGK,V to Q,0,0.495,2,S6,Lung,b0,b1,y13,y12,b0,b1,y13,y12,,420.241366,,,,420.241366,,
263,SAAITSDLLESLGR,AAAITSDLLESLGR,A to S,0,0.995,2,S6,Lung,b0,b1,y15,y14,b0,b1,y15,y14,,392.246456,,,,376.251536,,
264,EGADEEEDVVAK,EGADEEEWVVAK,W to D,0,0.999,2,S6,Lung,b0,b1,y13,y12,b0,b1,y13,y12,,434.25701599999996,,,,434.25701599999996,,
265,ASDTSITDNNLK,ASDTSITWNNLK,W to D,0,1.0,2,S6,Lung,b0,b1,y13,y12,b0,b1,y13,y12,,376.251536,,,,376.251536,,
266,ASDTSITDNNLK,ASDTSITWNNLK,W to D,0,0.98,2,S6,Lung,b0,b1,y13,y12,b0,b1,y13,y12,,376.251536,,,,376.251536,,
267,DFTPAAQTAFQK,DFTPAAQAAFQK,A to T,0,1.0,2,S6,Lung,b0,b1,y13,y12,b0,b1,y13,y12,,420.241366,,,,420.241366,,
268,LISDYDNEYGYSNR,LISWYDNEYGYSNR,W to D,0,0.98,2,S6,Lung,b0,b1,y15,y14,b0,b1,y15,y14,,418.29848599999997,,,,418.29848599999997,,
269,LISDYDNEYGYSNR,LISWYDNEYGYSNR,W to D,0,0.999,2,S6,Lung,b0,b1,y15,y14,b0,b1,y15,y14,,418.29848599999997,,,,418.29848599999997,,
270,DSTYSMSSTLTLDK,DSTYSMSSTLTLTK,T to D,1,0.491,2,S6,Lung,b1,b2,y14,y13,b1,b2,y14,y13,420.241366,507.273396,,,420.241366,507.273396,,
271,GDGTWYQFPTPEK,GDGPWYQFPTPEK,P to T,0,0.498,2,S6,Lung,b0,b1,y14,y13,b0,b1,y14,y13,,362.235886,,,,362.235886,,
272,TLSNPQQMALLDQTK,TLSHPQQMALLDQTK,H to N,0,0.993,2,S6,Lung,b0,b1,y16,y15,b0,b1,y16,y15,,406.262106,,,,406.262106,,
273,DLSHPQQMALLDQTK,TLSHPQQMALLDQTK,T to D,0,0.498,2,S6,Lung,b0,b1,y16,y15,b0,b1,y16,y15,,420.241366,,,,406.262106,,
274,DNLTLDTSDTQGDEAEAGEGGEN,DNLTLWTSDTQGDEAEAGEGGEN,W to D,1,0.976,2,S6,Lung,b1,b2,y23,y22,b1,b2,y23,y22,420.241366,534.284296,,,420.241366,534.284296,,
275,DNLTLWNSDTQGDEAEAGEGGEN,DNLTLWTSDTQGDEAEAGEGGEN,T to N,2,0.015,2,S6,Lung,b2,b3,y22,y21,b2,b3,y22,y21,534.284296,647.3683560000001,,,534.284296,647.3683560000001,,
276,DDLNPDNLQGGDDLDPNYVLSSR,TDLNPDNLQGGDDLDPNYVLSSR,T to D,0,0.482,2,S6,Lung,b0,b1,y24,y23,b0,b1,y24,y23,,,,,,406.262106,,
277,DVATPLNQVANPNSAIFGGAR,TVATPLNQVANPNSAIFGGAR,T to D,0,0.495,2,S6,Lung,b0,b1,y22,y21,b0,b1,y22,y21,,420.241366,,,,406.262106,,
278,DVATPLNQVANPNSAIFGGAR,TVATPLNQVANPNSAIFGGAR,T to D,0,0.333,2,S6,Lung,b0,b1,y22,y21,b0,b1,y22,y21,,420.241366,,,,406.262106,,
279,DIGVSNFNPLQIER,TIGVSNFNPLQIER,T to D,0,0.333,2,S6,Lung,b0,b1,y15,y14,b0,b1,y15,y14,,420.241366,,,,406.262106,,
0,GIDHNDNK,GIWHNDNK,W to D,0,1.0,3,S7,Muscle,b0,b1,y9,y8,b0,b1,y9,y8,,362.235886,,,,362.235886,,
1,GIDHNDNK,GIWHNDNK,W to D,0,1.0,3,S7,Muscle,b0,b1,y9,y8,b0,b1,y9,y8,,362.235886,,,,362.235886,,
2,PATVSLPR,VATVSLPR,V to P,0,0.988,2,S7,Muscle,b0,b1,y9,y8,,,,,,402.267186,,,,,,
3,HQGPMVGMGQK,HQGVMVGMGQK,V to P,3,0.213,3,S7,Muscle,b3,b4,y9,y8,b3,b4,y9,y8,627.353376,724.4061360000001,,,627.353376,726.4217860000001,1210.660711,1153.639251
4,ANSEVAQAR,ANSEVAQWR,W to A,0,0.499,2,S7,Muscle,b0,b1,y10,y9,b0,b1,y10,y9,,376.251536,,,,376.251536,,
5,SVFPSIVGR,AVFPSIVGR,A to S,0,0.99,2,S7,Muscle,b0,b1,y10,y9,b0,b1,y10,y9,,392.246456,,,,376.251536,,
6,ANSEVAQDR,ANSEVAQWR,W to D,0,0.991,2,S7,Muscle,b0,b1,y10,y9,b0,b1,y10,y9,,376.251536,,,,376.251536,,
7,ANDVTVK,AWDVTVK,W to N,0,0.997,2,S7,Muscle,b0,b1,y8,y7,b0,b1,y8,y7,,376.251536,,,,376.251536,,
8,ANLMQATIEELR,ANLMQAEIEELR,E to T,0,0.985,2,S7,Muscle,b0,b1,y13,y12,b0,b1,y13,y12,,,,,,376.251536,,
9,PIFLENYR,VIFLENYR,V to P,0,0.99,2,S7,Muscle,b0,b1,y9,y8,b0,b1,y9,y8,,402.267186,,,,404.28283600000003,,
10,TAESAEAK,TAESPEAK,P to A,0,1.0,2,S7,Muscle,b0,b1,y9,y8,b0,b1,y9,y8,,406.262106,,,,406.262106,,
11,SEFVDSK,SEFVWSK,W to D,0,1.0,2,S7,Muscle,b0,b1,y8,y7,b0,b1,y8,y7,,392.246456,,,,392.246456,,
12,TQSKPEDEADEAAR,TQSKPEDEADEWAR,W to A,0,0.331,3,S7,Muscle,b0,b1,y15,y14,b0,b1,y15,y14,,406.262106,,,,406.262106,,
13,DSVVAESK,WSVVAESK,W to D,0,0.994,2,S7,Muscle,b0,b1,y9,y8,b0,b1,y9,y8,,420.241366,,,,491.293736,,
14,WTTDRPDFIQAAK,WTPDRPDFIQAAK,P to T,2,0.027,3,S7,Muscle,b2,b3,y12,y11,b2,b3,y12,y11,,,,,592.341416,,,
15,TQSKPEDEADEDAR,TQSKPEDEADEWAR,W to D,0,0.965,3,S7,Muscle,b0,b1,y15,y14,b0,b1,y15,y14,,406.262106,,,,406.262106,,
16,GLAGVENPSELKK,GLAGVENVSELKK,V to P,0,0.487,3,S7,Muscle,b0,b1,y14,y13,b0,b1,y14,y13,,362.235886,,,,362.235886,,
17,DGPNLHGLFGR,TGPNLHGLFGR,T to D,0,0.955,2,S7,Muscle,b0,b1,y12,y11,b0,b1,y12,y11,,420.241366,,,,406.262106,,
18,IDLSQVGDVLR,ITLSQVGDVLR,T to D,1,0.023,2,S7,Muscle,b1,b2,y11,y10,b1,b2,y11,y10,418.29848599999997,533.3254260000001,,,418.29848599999997,519.346166,,1087.6105810000001
19,DTEYSVVK,WTEYSVVK,W to D,0,0.987,2,S7,Muscle,b0,b1,y9,y8,b0,b1,y9,y8,,420.241366,,,,491.293736,,
20,PNLAMDVGK,VNLAMDVGK,V to P,0,0.484,2,S7,Muscle,b0,b1,y10,y9,b0,b1,y10,y9,,402.267186,,,,404.28283600000003,,
21,DQSIDDMIPAQK,GQSIDDMIPAQK,G to D,0,0.498,2,S7,Muscle,b0,b1,y13,y12,b0,b1,y13,y12,,158.04481599999997,,,,362.235886,,
22,NINEVENQVLTR,TINEVENQVLTR,T to N,0,0.5,2,S7,Muscle,b0,b1,y13,y12,b0,b1,y13,y12,,419.257356,,,,406.262106,,
23,DINEVENQVLTR,TINEVENQVLTR,T to D,0,0.974,2,S7,Muscle,b0,b1,y13,y12,b0,b1,y13,y12,,420.241366,,,,406.262106,,
24,DINEVENQVLTR,TINEVENQVLTR,T to D,0,0.979,2,S7,Muscle,b0,b1,y13,y12,b0,b1,y13,y12,,420.241366,,,,406.262106,,
25,DQGVMVGMGQK,HQGVMVGMGQK,H to D,0,0.5,2,S7,Muscle,b0,b1,y12,y11,b0,b1,y12,y11,,420.241366,,,,442.27333600000003,,
26,HQGVMPGMGQK,HQGVMVGMGQK,V to P,1,0.914,2,S7,Muscle,b1,b2,y11,y10,b1,b2,y11,y10,442.27333600000003,570.3319160000001,,,442.27333600000003,570.3319160000001,,1338.719291
27,HQGVMPGMGQK,HQGVMVGMGQK,V to P,1,0.246,2,S7,Muscle,b1,b2,y11,y10,b1,b2,y11,y10,442.27333600000003,570.3319160000001,,,442.27333600000003,570.3319160000001,,1338.719291
28,VLGTNPTNAEVK,ALGTNPTNAEVK,A to V,0,0.5,2,S7,Muscle,b0,b1,y13,y12,b0,b1,y13,y12,,404.28283600000003,,,,376.251536,,
29,FLEQQNQVLQDK,FLEQQNQVLQTK,T to D,0,0.017,2,S7,Muscle,b0,b1,y13,y12,b0,b1,y13,y12,,452.28283600000003,,,,452.28283600000003,,
30,DIDDLEDEVYAQK,TIDDLEDEVYAQK,T to D,0,0.246,2,S7,Muscle,b0,b1,y14,y13,b0,b1,y14,y13,,420.241366,,,,406.262106,,
31,ETTWHGQGQDQGQGPSQESAAEQGAVEK,ETPWHGQGQDQGQGPSQESAAEQGAVEK,P to T,0,0.497,3,S7,Muscle,b0,b1,y29,y28,b0,b1,y29,y28,,434.25701599999996,,,,434.25701599999996,,
32,KAYDLQSDALYK,KAYDLQSDNLYK,N to A,0,0.995,2,S7,Muscle,b0,b1,y13,y12,b0,b1,y13,y12,,737.5165360000001,,,,737.5165360000001,,
33,LIEDTEDDRPR,LIEDTEDWRPR,W to D,0,0.986,3,S7,Muscle,b0,b1,y12,y11,b0,b1,y12,y11,,418.29848599999997,,,,418.29848599999997,,
34,TAESAEAK,TAESPEAK,P to A,0,0.5,2,S7,Muscle,b0,b1,y9,y8,b0,b1,y9,y8,,406.262106,,,,406.262106,,
35,DSVVAESK,WSVVAESK,W to D,0,0.992,2,S7,Muscle,b0,b1,y9,y8,b0,b1,y9,y8,,420.241366,,,,491.293736,,
36,HEDSVAELGEQIDNLQR,HADSVAELGEQIDNLQR,A to E,1,0.249,3,S7,Muscle,b1,b2,y17,y16,b1,b2,y17,y16,,267.108776,,,442.27333600000003,513.3104460000001,,
37,KAYDLQSDGLYK,KAYDLQSDNLYK,N to G,0,0.5,3,S7,Muscle,b0,b1,y13,y12,b0,b1,y13,y12,,,,,,737.5165360000001,,
38,KAYDLQSDALYK,KAYDLQSDNLYK,N to A,0,1.0,3,S7,Muscle,b0,b1,y13,y12,b0,b1,y13,y12,,737.5165360000001,,,,737.5165360000001,,
39,DLGPALLEK,TLGPALLEK,T to D,0,0.982,2,S7,Muscle,b0,b1,y10,y9,b0,b1,y10,y9,,420.241366,,,,406.262106,,
40,DLGPALLEK,TLGPALLEK,T to D,0,0.982,2,S7,Muscle,b0,b1,y10,y9,b0,b1,y10,y9,,420.241366,,,,406.262106,,
41,VVLEGPATWGFR,VVLEGPAPWGFR,P to T,0,0.2,2,S7,Muscle,b0,b1,y13,y12,b0,b1,y13,y12,,404.28283600000003,,,,404.28283600000003,,
42,VVLEGPATWGFR,VVLEGPAPWGFR,P to T,0,0.2,2,S7,Muscle,b0,b1,y13,y12,b0,b1,y13,y12,,404.28283600000003,,,,404.28283600000003,,
43,SADTLDGIQK,SADTLWGIQK,W to D,0,1.0,2,S7,Muscle,b0,b1,y11,y10,b0,b1,y11,y10,,392.246456,,,,392.246456,,
44,PLTPDLYNK,VLTPDLYNK,V to P,0,0.5,2,S7,Muscle,b0,b1,y10,y9,b0,b1,y10,y9,,402.267186,,,,404.28283600000003,,
45,GDSIVASDVTK,GWSIVASDVTK,W to D,1,0.5,2,S7,Muscle,b1,b2,y11,y10,b1,b2,y11,y10,,477.26282599999996,,1338.743561,362.235886,548.315196,,
46,GDSIVASDVTK,GWSIVASDVTK,W to D,1,0.496,2,S7,Muscle,b1,b2,y11,y10,b1,b2,y11,y10,,477.26282599999996,,1338.743561,362.235886,548.315196,,
47,IDLSQVGDVLR,ITLSQVGDVLR,T to D,1,0.02,2,S7,Muscle,b1,b2,y11,y10,b1,b2,y11,y10,418.29848599999997,533.3254260000001,,,418.29848599999997,519.346166,,1087.6105810000001
48,VTQSNFAPGYK,VTQSNFAVGYK,V to P,4,0.22,2,S7,Muscle,b4,b5,y8,y7,b4,b5,y8,y7,720.4211260000001,834.464056,1187.637981,1100.605951,720.4211260000001,834.464056,1189.6536310000001,1102.621601
49,EEDEEEINAELTAK,AEDEEEINAELTAK,A to E,0,0.499,2,S7,Muscle,b0,b1,y15,y14,b0,b1,y15,y14,,172.06046599999996,,,,376.251536,,
50,LQDAEENVEAVNSK,LQDAEEHVEAVNSK,H to N,1,0.969,2,S7,Muscle,b1,b2,y14,y13,b1,b2,y14,y13,418.29848599999997,546.357066,,,418.29848599999997,546.357066,,
51,NLTEEMAGLDEDIAK,NLTEEMAGLDETIAK,T to D,1,0.97,2,S7,Muscle,b1,b2,y15,y14,b1,b2,y15,y14,419.257356,532.341416,,,419.257356,532.341416,,
52,NLTEEMAGLDEDIAK,NLTEEMAGLDETIAK,T to D,1,0.949,2,S7,Muscle,b1,b2,y15,y14,b1,b2,y15,y14,419.257356,532.341416,,,419.257356,532.341416,,
53,NMDAAFPPDVGGNVDYK,NMWAAFPPDVGGNVDYK,W to D,2,0.012,2,S7,Muscle,b2,b3,y16,y15,b2,b3,y16,y15,,681.319686,,,566.2927460000001,752.372056,,
54,LPYTTPGPPSTTWVSNVTR,LPYTTPGPPSTPWVSNVTR,P to T,0,0.125,2,S7,Muscle,b0,b1,y20,y19,b0,b1,y20,y19,,418.29848599999997,,,,418.29848599999997,,
55,DSIAIDTIINQK,TSIAIDTIINQK,T to D,0,0.386,2,S7,Muscle,b0,b1,y13,y12,b0,b1,y13,y12,,420.241366,,,,406.262106,,
56,FTSIVDTPEVLLAK,FTSIVDTPEVVLAK,V to I/L,0,1.0,2,S7,Muscle,b0,b1,y15,y14,b0,b1,y15,y14,,452.28283600000003,,,,452.28283600000003,,
57,IPEKDEEIDQLKR,IAEKDEEIDQLKR,A to P,1,0.696,4,S7,Muscle,b1,b2,y13,y12,b1,b2,y13,y12,,211.144096,,2108.184281,418.29848599999997,489.335596,,2082.168631
58,EISAPELEPLHLR,EIAAPELEPLHLR,A to S,0,0.027,3,S7,Muscle,b0,b1,y14,y13,b0,b1,y14,y13,,434.25701599999996,,,,434.25701599999996,,
59,APFPSIVGR,AVFPSIVGR,V to P,1,0.5,2,S7,Muscle,b1,b2,y9,y8,b1,b2,y9,y8,376.251536,473.304296,,,376.251536,475.319946,,874.5144910000001
60,KNNPETWNK,KNNPEPWNK,P to T,0,0.496,3,S7,Muscle,b0,b1,y10,y9,b0,b1,y10,y9,,737.5165360000001,,,,737.5165360000001,,
61,PGNEYVTK,VGNEYVTK,V to P,0,0.993,2,S7,Muscle,b0,b1,y9,y8,b0,b1,y9,y8,,402.267186,,,,404.28283600000003,,
62,KAYDLQSDALYK,KAYDLQSDAVYK,V to I/L,1,0.97,3,S7,Muscle,b1,b2,y12,y11,b1,b2,y12,y11,737.5165360000001,808.5536460000001,,1590.833441,737.5165360000001,,,1576.817791
63,DVLATLGEK,HVLATLGEK,H to D,0,0.994,2,S7,Muscle,b0,b1,y10,y9,b0,b1,y10,y9,,420.241366,,,,442.27333600000003,,
64,SAQEEYIK,AAQEEYIK,A to S,0,0.997,2,S7,Muscle,b0,b1,y9,y8,b0,b1,y9,y8,,392.246456,,,,376.251536,,
65,SAQEEYIK,AAQEEYIK,A to S,0,0.998,2,S7,Muscle,b0,b1,y9,y8,b0,b1,y9,y8,,392.246456,,,,376.251536,,
66,GVDEGPDGLK,GIDEGPDGLK,I to V,1,0.5,2,S7,Muscle,b1,b2,y10,y9,b1,b2,y10,y9,362.235886,461.30429599999997,,1233.664571,362.235886,475.319946,,
67,DLGPALLEK,TLGPALLEK,T to D,0,0.981,2,S7,Muscle,b0,b1,y10,y9,b0,b1,y10,y9,,420.241366,,,,406.262106,,
68,DLGPALLEK,TLGPALLEK,T to D,0,0.984,2,S7,Muscle,b0,b1,y10,y9,b0,b1,y10,y9,,420.241366,,,,406.262106,,
69,GDSIVASDVTK,GWSIVASDVTK,W to D,1,0.5,2,S7,Muscle,b1,b2,y11,y10,b1,b2,y11,y10,,477.26282599999996,,1338.743561,362.235886,548.315196,,
70,SSYVGDEAQSK,DSYVGDEAQSK,D to S,0,0.328,2,S7,Muscle,b0,b1,y12,y11,b0,b1,y12,y11,,392.246456,,,,420.241366,,
71,PLGNPSNEEMNAK,VLGNPSNEEMNAK,V to P,0,0.498,2,S7,Muscle,b0,b1,y14,y13,b0,b1,y14,y13,,402.267186,,,,404.28283600000003,,
72,SNINSLDEQEGVK,SNISSLDEQEGVK,S to N,0,0.994,2,S7,Muscle,b0,b1,y14,y13,b0,b1,y14,y13,,392.246456,,,,392.246456,,
73,FTSIVDTPEVLLAK,FTSIVDTPEVVLAK,V to I/L,0,0.994,2,S7,Muscle,b0,b1,y15,y14,b0,b1,y15,y14,,452.28283600000003,,,,452.28283600000003,,
74,TPTPQQAQEVHEK,TATPQQAQEVHEK,A to P,1,0.5,3,S7,Muscle,b1,b2,y13,y12,b1,b2,y13,y12,,199.10771599999998,,,406.262106,477.299216,,1669.882851
75,LQAAEEHVEAVNSK,LQDAEEHVEAVNSK,D to A,0,0.982,3,S7,Muscle,b0,b1,y15,y14,b0,b1,y15,y14,,418.29848599999997,,,,418.29848599999997,,
76,DTLLQEQGTK,WTLLQEQGTK,W to D,0,0.496,2,S7,Muscle,b0,b1,y11,y10,,,,,,420.241366,,,,,,
77,TITALAPSTMK,EITALAPSTMK,E to T,0,0.5,2,S7,Muscle,b0,b1,y12,y11,b0,b1,y12,y11,,406.262106,,,,434.25701599999996,,
78,DDQLHLDDALRGQDDLK,DTQLHLDDALRGQDDLK,T to D,1,0.482,3,S7,Muscle,b1,b2,y17,y16,b1,b2,y17,y16,420.241366,535.268306,,,420.241366,521.2890460000001,,2142.1473809999998
79,SNLLQAEIEELR,ANLLQAEIEELR,A to S,0,0.991,2,S7,Muscle,b0,b1,y13,y12,b0,b1,y13,y12,,392.246456,,,,376.251536,,
80,TLEDQLNEVK,TLEDQLSEVK,S to N,0,1.0,2,S7,Muscle,b0,b1,y11,y10,b0,b1,y11,y10,,406.262106,,,,406.262106,,
81,IALYETPTGDK,IALYETPTGWK,W to D,1,0.522,2,S7,Muscle,b1,b2,y11,y10,b1,b2,y11,y10,418.29848599999997,489.335596,,1398.743561,418.29848599999997,489.335596,,1469.795931
82,IALYETPTGAK,IALYETPTGWK,W to A,1,0.882,2,S7,Muscle,b1,b2,y11,y10,b1,b2,y11,y10,418.29848599999997,489.335596,,1354.753731,418.29848599999997,489.335596,,1469.795931
83,PVESMQSTLDAEIR,VVESMQSTLDAEIR,V to P,0,0.992,2,S7,Muscle,b0,b1,y15,y14,b0,b1,y15,y14,,402.267186,,,,404.28283600000003,,
84,ATDTFGDQVLEEGDR,ATWTFGDQVLEEGDR,W to D,2,0.333,2,S7,Muscle,b2,b3,y14,y13,b2,b3,y14,y13,477.299216,592.3261560000001,,1480.655011,477.299216,663.378526,1652.755061,1551.707381
85,DGAIVDVPVGEELLGR,TGAIVDVPVGEELLGR,T to D,0,0.993,2,S7,Muscle,b0,b1,y17,y16,b0,b1,y17,y16,,420.241366,,,,406.262106,,
86,GAAQNIIPASTVAAK,GAAQNIIPASTGAAK,G to V,2,0.017,2,S7,Muscle,b2,b3,y14,y13,b2,b3,y14,y13,433.272996,504.31010599999996,,,433.272996,504.31010599999996,,1545.891951
87,ALTFWNEEIAPK,ALPFWNEEIAPK,P to T,0,0.031,2,S7,Muscle,b0,b1,y13,y12,b0,b1,y13,y12,,376.251536,,,,376.251536,,
88,GPVPLAGTNGETTTQGLDGLSER,GVVPLAGTNGETTTQGLDGLSER,V to P,1,0.499,2,S7,Muscle,b1,b2,y23,y22,b1,b2,y23,y22,,459.288646,,,362.235886,461.30429599999997,,
89,NLDEEMAGLDENIAK,NLTEEMAGLDENIAK,T to D,2,0.331,2,S7,Muscle,b2,b3,y14,y13,b2,b3,y14,y13,532.341416,647.3683560000001,,,532.341416,633.3890960000001,,
90,QLGDHIGAR,QLGHHIGAR,H to D,0,0.992,3,S7,Muscle,b0,b1,y10,y9,b0,b1,y10,y9,,433.273006,,,,433.273006,,
91,GPGAMEHELVLHQLR,TPGAMEHELVLHQLR,T to G,0,0.333,4,S7,Muscle,b0,b1,y16,y15,b0,b1,y16,y15,,362.235886,,,,406.262106,,
92,NPGAMEHELVLHQLR,TPGAMEHELVLHQLR,T to N,0,0.166,4,S7,Muscle,b0,b1,y16,y15,b0,b1,y16,y15,,419.257356,,,,406.262106,,
93,NPGAMEHELVLHQLR,TPGAMEHELVLHQLR,T to N,0,0.987,4,S7,Muscle,b0,b1,y16,y15,b0,b1,y16,y15,,419.257356,,,,406.262106,,
94,THGAMEHELVLHQLR,TPGAMEHELVLHQLR,P to H,1,0.014,4,S7,Muscle,b1,b2,y15,y14,b1,b2,y15,y14,,,,,406.262106,503.314866,,1645.847841
95,TPGAMEHELELHQLR,TPGAMEHELVLHQLR,V to E,5,0.017,4,S7,Muscle,b5,b6,y11,y10,b5,b6,y11,y10,778.4088260000001,907.451416,,1303.675301,778.4088260000001,907.451416,1420.736511,1273.701121
96,SDNFQKPK,SANFQKPK,A to D,1,0.99,3,S7,Muscle,b1,b2,y8,y7,b1,b2,y8,y7,392.246456,507.273396,,1484.871681,392.246456,463.283566,,1440.881851
97,LTGAVMHVGNMK,LTGAVMHYGNMK,Y to V,2,0.333,3,S7,Muscle,b2,b3,y11,y10,b2,b3,y11,y10,519.346166,576.367626,,,519.346166,576.367626,,
98,GVDGPSGK,TVDGPSGK,T to G,0,0.917,2,S7,Muscle,b0,b1,y9,y8,b0,b1,y9,y8,,362.235886,,,,406.262106,,
99,TPGAMEHELVLDQLR,TPGAMEHELVLHQLR,H to D,0,0.994,3,S7,Muscle,b0,b1,y16,y15,b0,b1,y16,y15,,406.262106,,,,406.262106,,
100,TPGAMENELVLHQLR,TPGAMEHELVLHQLR,H to N,0,0.036,3,S7,Muscle,b0,b1,y16,y15,b0,b1,y16,y15,,406.262106,,,,406.262106,,
101,TPGAMEHELVLDQLR,TPGAMEHELVLHQLR,H to D,1,0.934,3,S7,Muscle,b1,b2,y15,y14,b1,b2,y15,y14,406.262106,,,1623.815871,406.262106,503.314866,,1645.847841
102,KMEGDLNTMEIQLNHANR,KMEGDLNEMEIQLNHANR,E to T,0,0.994,4,S7,Muscle,b0,b1,y19,y18,b0,b1,y19,y18,,737.5165360000001,,,,737.5165360000001,,
103,TPGAMEHELELHQLR,TPGAMEHELVLHQLR,V to E,2,0.07,3,S7,Muscle,b2,b3,y14,y13,b2,b3,y14,y13,,560.3363260000001,,,503.314866,560.3363260000001,1645.847841,1548.795081
104,DPGAMEHELVLHQLR,TPGAMEHELVLHQLR,T to D,0,0.017,3,S7,Muscle,b0,b1,y16,y15,b0,b1,y16,y15,,,,,,406.262106,,
105,DPGAMEHELVLHQLR,TPGAMEHELVLHQLR,T to D,0,0.199,3,S7,Muscle,b0,b1,y16,y15,b0,b1,y16,y15,,,,,,406.262106,,
106,TPGAMEHELELHQLR,TPGAMEHELVLHQLR,V to E,5,0.032,3,S7,Muscle,b5,b6,y11,y10,b5,b6,y11,y10,778.4088260000001,907.451416,,1303.675301,778.4088260000001,907.451416,1420.736511,1273.701121
107,KLQNELEEAEER,KLQHELEEAEER,H to N,1,0.964,3,S7,Muscle,b1,b2,y12,y11,,,,,737.5165360000001,,,1359.638641,,,,
108,KTDSTVTPEVK,KTWSTVTPEVK,W to D,2,0.332,3,S7,Muscle,b2,b3,y10,y9,b2,b3,y10,y9,,953.5911560000001,,,,1024.643526,1451.806501,
109,QLVGTNEDSR,QLVGTNEWSR,W to D,0,0.975,2,S7,Muscle,b0,b1,y11,y10,b0,b1,y11,y10,,433.273006,,,,433.273006,,
110,LQSAEEHVEAVNAK,LQDAEEHVEAVNAK,D to S,0,0.992,3,S7,Muscle,b0,b1,y15,y14,b0,b1,y15,y14,,418.29848599999997,,,,418.29848599999997,,
111,LQSAEEHVEAVNAK,LQDAEEHVEAVNAK,D to S,2,0.2,3,S7,Muscle,b2,b3,y13,y12,b2,b3,y13,y12,546.357066,633.3890960000001,,,546.357066,661.384006,,
112,SAEILSDNIYR,AAEILSDNIYR,A to S,0,0.98,2,S7,Muscle,b0,b1,y12,y11,b0,b1,y12,y11,,392.246456,,,,376.251536,,
113,TDSWDKDVYPEPPSR,PDSWDKDVYPEPPSR,P to T,0,0.094,3,S7,Muscle,b0,b1,y16,y15,b0,b1,y16,y15,,,,,,,,
114,TDLNDENLK,TDLNHENLK,H to D,0,1.0,2,S7,Muscle,b0,b1,y10,y9,b0,b1,y10,y9,,406.262106,,,,406.262106,,
115,RQFAAQANAIGTWIQGK,RQFAAQANAIGPWIQGK,P to T,0,0.498,3,S7,Muscle,b0,b1,y18,y17,b0,b1,y18,y17,,,,,,,,
116,TLEDQLSEPK,TLEDQLSEVK,V to P,0,0.5,2,S7,Muscle,b0,b1,y11,y10,b0,b1,y11,y10,,406.262106,,,,406.262106,,
117,DLEEATLQHEATAATPRK,DLEEATLQHEATAATLRK,L to P,4,0.184,3,S7,Muscle,b4,b5,y15,y14,b4,b5,y15,y14,791.410606,862.4477160000001,,,791.410606,862.4477160000001,1944.083331,1815.040741
118,VDGLTEGHSYEFR,VTGLTEGHSYEFR,T to D,1,0.493,2,S7,Muscle,b1,b2,y13,y12,b1,b2,y13,y12,404.28283600000003,519.309776,,,404.28283600000003,505.330516,,1396.649151
119,QPEEAEEQSNVNLAK,QAEEAEEQSNVNLAK,A to P,1,0.5,2,S7,Muscle,b1,b2,y15,y14,b1,b2,y15,y14,,226.118616,,,433.273006,504.310116,,1835.930581
120,QEEEAEEQSNVNLAK,QAEEAEEQSNVNLAK,A to E,1,0.499,2,S7,Muscle,b1,b2,y15,y14,b1,b2,y15,y14,,258.108446,,,433.273006,504.310116,,1835.930581
121,LAQESTPDVENDKQQLDEK,LAQESTMDVENDKQQLDEK,M to P,2,0.137,3,S7,Muscle,b2,b3,y18,y17,b2,b3,y18,y17,489.335596,617.394176,,,489.335596,617.394176,,
122,LEEAGGATSAQITMNK,LEEAGGATSAQIEMNK,E to T,0,0.998,2,S7,Muscle,b0,b1,y17,y16,b0,b1,y17,y16,,418.29848599999997,,,,418.29848599999997,,
123,QFAAQANAIGPDIQGK,QFAAQANAIGPWIQGK,W to D,2,0.433,2,S7,Muscle,b2,b3,y15,y14,b2,b3,y15,y14,580.341416,651.3785260000001,,,580.341416,651.3785260000001,,
124,GNGGVDTAAVGAVFDISNADR,GTGGVDTAAVGAVFDISNADR,T to N,1,0.5,2,S7,Muscle,b1,b2,y21,y20,b1,b2,y21,y20,,476.278816,,,362.235886,463.283566,,
125,FAPPQPAETWSFVK,FAPPQPAEPWSFVK,P to T,0,0.494,2,S7,Muscle,b0,b1,y15,y14,,,,,,452.28283600000003,,,,,,
126,GDGGVDTAAVGAVFDISNADR,GTGGVDTAAVGAVFDISNADR,T to D,1,0.497,2,S7,Muscle,b1,b2,y21,y20,b1,b2,y21,y20,,477.26282599999996,,,362.235886,463.283566,,
127,DGAIVDVPVGEELLGR,TGAIVDVPVGEELLGR,T to D,0,0.495,2,S7,Muscle,b0,b1,y17,y16,b0,b1,y17,y16,,420.241366,,,,406.262106,,
128,SDNETFHAR,SWNETFHAR,W to D,1,0.497,3,S7,Muscle,b1,b2,y9,y8,b1,b2,y9,y8,392.246456,507.273396,,,392.246456,578.325766,,1060.495891
129,VDHTVGWTLDR,VDHTVGWPLDR,P to T,2,0.013,3,S7,Muscle,b2,b3,y10,y9,b2,b3,y10,y9,519.309776,656.368686,1199.580341,1084.5534010000001,519.309776,656.368686,1195.585421,1080.558481
130,DLSTELFK,TLSTELFK,T to D,0,0.5,2,S7,Muscle,b0,b1,y9,y8,b0,b1,y9,y8,,,,,,,,
131,SGFAGDDAPR,AGFAGDDAPR,A to S,0,0.979,2,S7,Muscle,b0,b1,y11,y10,b0,b1,y11,y10,,392.246456,,,,376.251536,,
132,GNPTVEVDLHDAK,GNPTVEVDLHTAK,T to D,1,0.328,3,S7,Muscle,b1,b2,y13,y12,b1,b2,y13,y12,362.235886,476.278816,,,362.235886,476.278816,,
133,GNPTVEVDLHDAK,GNPTVEVDLHTAK,T to D,0,0.048,3,S7,Muscle,b0,b1,y14,y13,b0,b1,y14,y13,,362.235886,,,,362.235886,,
134,PDIAESQVNK,ADIAESQVNK,A to P,0,0.498,2,S7,Muscle,b0,b1,y11,y10,b0,b1,y11,y10,,,,,,376.251536,,
135,ENLMQAEIEELR,ANLMQAEIEELR,A to E,0,0.498,2,S7,Muscle,b0,b1,y13,y12,b0,b1,y13,y12,,172.06046599999996,,,,376.251536,,
136,DGVVEITGK,EGVVEITGK,E to D,0,0.996,2,S7,Muscle,b0,b1,y10,y9,b0,b1,y10,y9,,420.241366,,,,434.25701599999996,,
137,DEGGATVTVK,TEGGATVTVK,T to D,0,0.986,2,S7,Muscle,b0,b1,y11,y10,b0,b1,y11,y10,,420.241366,,,,406.262106,,
138,DEGGATVTVK,TEGGATVTVK,T to D,0,0.978,2,S7,Muscle,b0,b1,y11,y10,b0,b1,y11,y10,,420.241366,,,,406.262106,,
139,TDSWDKDVYPEPPSR,PDSWDKDVYPEPPSR,P to T,0,0.19,3,S7,Muscle,b0,b1,y16,y15,b0,b1,y16,y15,,,,,,,,
140,NAYEESLDQLEDLKR,NAYEESLDQLETLKR,T to D,1,0.025,3,S7,Muscle,b1,b2,y15,y14,b1,b2,y15,y14,419.257356,490.294466,,,419.257356,490.294466,,1999.066681
141,IADASPDEGDK,IADASPDEGWK,W to D,1,0.495,2,S7,Muscle,b1,b2,y11,y10,b1,b2,y11,y10,418.29848599999997,489.335596,,1308.623831,418.29848599999997,489.335596,,1379.676201
142,LDDISTIIGK,LTDISTIIGK,T to D,1,0.017,2,S7,Muscle,b1,b2,y10,y9,b1,b2,y10,y9,,533.3254260000001,,,418.29848599999997,519.346166,,1251.7479210000001
143,AYELQSDNVYK,AYELQSDSVYK,S to N,0,1.0,2,S7,Muscle,b0,b1,y12,y11,b0,b1,y12,y11,,376.251536,,,,376.251536,,
144,YDPNELPAEEGK,YGPNELPAEEGK,G to D,1,0.493,2,S7,Muscle,b1,b2,y12,y11,b1,b2,y12,y11,,583.3046960000001,,,468.277756,525.2992160000001,,1444.760261
145,IEDMAMMDHLHEPAVLYNLK,IEDMAMMTHLHEPAVLYNLK,T to D,7,0.083,3,S7,Muscle,b7,b8,y14,y13,b7,b8,y14,y13,,,,,,,,
146,DKLEQQVDDLEGSLEQEK,TKLEQQVDDLEGSLEQEK,T to D,0,0.497,3,S7,Muscle,b0,b1,y19,y18,b0,b1,y19,y18,,,,,,406.262106,,
147,ITQFVVPDLQDK,ITQFVVPDLQTK,T to D,0,0.014,2,S7,Muscle,b0,b1,y13,y12,b0,b1,y13,y12,,418.29848599999997,,,,418.29848599999997,,
148,SMTDVLSATDIKK,SMTDVLSAEDIKK,E to T,0,0.993,2,S7,Muscle,b0,b1,y14,y13,b0,b1,y14,y13,,,,,,,,
149,AAVPSGASDGIYEALELR,AAVPSGASTGIYEALELR,T to D,5,0.108,2,S7,Muscle,b5,b6,y14,y13,b5,b6,y14,y13,730.441846,,1480.727781,1393.695751,,,1466.748521,1379.7164910000001
150,SAVPSGASTGIYEALELR,AAVPSGASTGIYEALELR,A to S,0,0.98,2,S7,Muscle,b0,b1,y19,y18,b0,b1,y19,y18,,392.246456,,,,376.251536,,
151,DSVNLTDTEPASDGGSK,DSVNLTWTEPASDGGSK,W to D,0,1.0,2,S7,Muscle,b0,b1,y18,y17,b0,b1,y18,y17,,420.241366,,,,420.241366,,
152,DSVNLTDTEPASDGGSK,DSVNLTWTEPASDGGSK,W to D,0,0.986,2,S7,Muscle,b0,b1,y18,y17,b0,b1,y18,y17,,420.241366,,,,420.241366,,
153,GDGGVDTAAVGAVFDISNADR,GTGGVDTAAVGAVFDISNADR,T to D,1,0.489,2,S7,Muscle,b1,b2,y21,y20,b1,b2,y21,y20,,477.26282599999996,,,362.235886,463.283566,,
154,LGFAGDDAPR,AGFAGDDAPR,A to I/L,0,0.996,2,S7,Muscle,b0,b1,y11,y10,b0,b1,y11,y10,,418.29848599999997,,,,376.251536,,
155,KMEGDLNTMEIQLNHANR,KMEGDLNEMEIQLNHANR,E to T,0,0.982,4,S7,Muscle,b0,b1,y19,y18,b0,b1,y19,y18,,737.5165360000001,,,,737.5165360000001,,
156,DSSFQTVSALFR,GSSFQTVSALFR,G to D,0,0.5,2,S7,Muscle,b0,b1,y13,y12,b0,b1,y13,y12,,116.034216,,,,362.235886,,
157,VDTIEEGELDKER,VWTIEEGELDKER,W to D,1,0.5,3,S7,Muscle,b1,b2,y13,y12,b1,b2,y13,y12,404.28283600000003,519.309776,,1737.882561,404.28283600000003,590.362146,,1808.934931
158,IDIFSENEEVTDR,IGIFSENEEVTDR,G to D,1,0.498,2,S7,Muscle,b1,b2,y13,y12,b1,b2,y13,y12,,229.11827599999998,,,418.29848599999997,475.319946,,1395.638641
159,DAEADFNEK,DAEAWFNEK,W to D,0,0.996,2,S7,Muscle,b0,b1,y10,y9,,,,,,420.241366,,,,,,
160,DAEADFNEK,DAEAWFNEK,W to D,0,0.996,2,S7,Muscle,b0,b1,y10,y9,,,,,,420.241366,,,,,,
161,STDAEADVASLNR,ATDAEADVASLNR,A to S,0,0.993,2,S7,Muscle,b0,b1,y14,y13,b0,b1,y14,y13,,392.246456,,,,376.251536,,
162,ADDAEADVASLNR,ATDAEADVASLNR,T to D,1,0.014,2,S7,Muscle,b1,b2,y13,y12,b1,b2,y13,y12,,187.071326,,,376.251536,477.299216,,1261.601861
163,DLYANNVMSGGTTMVPGIADR,DLYANNVMSGGTTMYPGIADR,Y to V,8,0.111,3,S7,Muscle,b8,b9,y14,y13,b8,b9,y14,y13,1241.615526,,1424.650781,1277.615391,1241.615526,1328.6475560000001,1488.6457010000001,1341.610311
164,QKYEEDQAELEASQK,QKYEETQAELEASQK,T to D,3,0.197,3,S7,Muscle,b3,b4,y13,y12,b3,b4,y13,y12,,,,,1028.6384460000002,1157.6810360000002,1829.908791,
165,VAPEEHPELLTEAPLNPK,VAPEEHPVLLTEAPLNPK,V to E,0,0.986,3,S7,Muscle,b0,b1,y19,y18,b0,b1,y19,y18,,404.28283600000003,,,,404.28283600000003,,
166,ALQEAHQQTSDDLQAEEDKVNTLTK,ALQEAHQQTLDDLQAEEDKVNTLTK,L to S,0,0.985,4,S7,Muscle,b0,b1,y26,y25,b0,b1,y26,y25,,376.251536,,,,376.251536,,
167,ELEDEVENEQK,ELEGEVENEQK,G to D,0,0.995,2,S7,Muscle,b0,b1,y12,y11,b0,b1,y12,y11,,434.25701599999996,,,,434.25701599999996,,
168,AYELQSDNVYK,AYELQSDSVYK,S to N,0,1.0,2,S7,Muscle,b0,b1,y12,y11,b0,b1,y12,y11,,376.251536,,,,376.251536,,
169,AYDLQSDALYK,AYDLQSDNLYK,N to A,0,1.0,2,S7,Muscle,b0,b1,y12,y11,b0,b1,y12,y11,,376.251536,,,,376.251536,,
170,ALQEAHQQDLDDLQAEEDKVNTLTK,ALQEAHQQTLDDLQAEEDKVNTLTK,T to D,1,0.076,4,S7,Muscle,b1,b2,y25,y24,b1,b2,y25,y24,376.251536,489.335596,,,376.251536,489.335596,,
171,ALQEAHQQDLDDLQAEEDKVNTLTK,ALQEAHQQTLDDLQAEEDKVNTLTK,T to D,0,0.078,4,S7,Muscle,b0,b1,y26,y25,b0,b1,y26,y25,,376.251536,,,,376.251536,,
172,ALQEAHQQDLDDLQAEEDKVNTLTK,ALQEAHQQTLDDLQAEEDKVNTLTK,T to D,3,0.071,4,S7,Muscle,b3,b4,y23,y22,b3,b4,y23,y22,617.394176,746.436766,,,617.394176,746.436766,,
173,LAQESPMDVENDKQQLDEK,LAQESTMDVENDKQQLDEK,T to P,0,0.111,3,S7,Muscle,b0,b1,y20,y19,b0,b1,y20,y19,,418.29848599999997,,,,418.29848599999997,,
174,IEDTQALGMQLQK,IEDEQALGMQLQK,E to T,0,0.996,2,S7,Muscle,b0,b1,y14,y13,b0,b1,y14,y13,,418.29848599999997,,,,418.29848599999997,,
175,ITDEQALGMQLQK,IEDEQALGMQLQK,E to T,1,0.499,2,S7,Muscle,b1,b2,y13,y12,b1,b2,y13,y12,,257.149616,,,418.29848599999997,547.341076,,1709.869891
176,IESEQALGMQLQK,IEDEQALGMQLQK,D to S,0,0.977,2,S7,Muscle,b0,b1,y14,y13,b0,b1,y14,y13,,418.29848599999997,,,,418.29848599999997,,
177,VVLAYEPVDAIGTGK,VVLAYEPVWAIGTGK,W to D,0,0.992,2,S7,Muscle,b0,b1,y16,y15,b0,b1,y16,y15,,404.28283600000003,,,,404.28283600000003,,
178,VVLAYEPVNAIGTGK,VVLAYEPVWAIGTGK,W to N,0,0.981,2,S7,Muscle,b0,b1,y16,y15,b0,b1,y16,y15,,404.28283600000003,,,,404.28283600000003,,
179,VVLAYEPVDAIGTGK,VVLAYEPVWAIGTGK,W to D,2,0.968,2,S7,Muscle,b2,b3,y14,y13,b2,b3,y14,y13,503.351246,616.4353060000001,1736.975331,,503.351246,616.4353060000001,,
180,PLNASAIPEGQFIDSK,VLNASAIPEGQFIDSK,V to P,0,0.498,2,S7,Muscle,b0,b1,y17,y16,b0,b1,y17,y16,,402.267186,,,,404.28283600000003,,
181,SAVPSGASTGIYEALELR,AAVPSGASTGIYEALELR,A to S,0,0.99,2,S7,Muscle,b0,b1,y19,y18,b0,b1,y19,y18,,392.246456,,,,376.251536,,
182,DGITLKPLEYK,TGITLKPLEYK,T to D,0,0.33,2,S7,Muscle,b0,b1,y12,y11,b0,b1,y12,y11,,420.241366,,,,406.262106,,
183,VVLAYETVWAIGTGK,VVLAYEPVWAIGTGK,P to T,0,0.018,2,S7,Muscle,b0,b1,y16,y15,b0,b1,y16,y15,,404.28283600000003,,,,404.28283600000003,,
184,ALQEAHQQDLDDLQAEEDKVNTLTK,ALQEAHQQTLDDLQAEEDKVNTLTK,T to D,5,0.106,3,S7,Muscle,b5,b6,y21,y20,b5,b6,y21,y20,817.473876,954.532786,,,817.473876,954.532786,,
185,ALQEAHQQDLDDLQAEEDKVNTLTK,ALQEAHQQTLDDLQAEEDKVNTLTK,T to D,3,0.14,3,S7,Muscle,b3,b4,y23,y22,b3,b4,y23,y22,617.394176,746.436766,,,617.394176,746.436766,,
186,ALQEAHQQTLDDLQAEEDKVNTLDK,ALQEAHQQTLDDLQAEEDKVNTLTK,T to D,0,0.012,3,S7,Muscle,b0,b1,y26,y25,b0,b1,y26,y25,,376.251536,,,,376.251536,,
187,APFPSIVGRPR,AVFPSIVGRPR,V to P,1,0.5,3,S7,Muscle,b1,b2,y11,y10,b1,b2,y11,y10,,473.304296,,,376.251536,475.319946,,1127.668361
188,HGESLNNQENR,HGESLWNQENR,W to N,0,0.986,3,S7,Muscle,b0,b1,y12,y11,b0,b1,y12,y11,,442.27333600000003,,,,442.27333600000003,,
189,HGESLDNQENR,HGESLWNQENR,W to D,0,0.88,3,S7,Muscle,b0,b1,y12,y11,b0,b1,y12,y11,,442.27333600000003,,,,442.27333600000003,,
190,PGVNGFGR,VGVNGFGR,V to P,0,0.993,2,S7,Muscle,b0,b1,y9,y8,b0,b1,y9,y8,,402.267186,,,,404.28283600000003,,
191,PATVSLPR,VATVSLPR,V to P,0,0.99,2,S7,Muscle,b0,b1,y9,y8,,,,,,402.267186,,,,,,
192,PATVSLPR,VATVSLPR,V to P,0,0.997,2,S7,Muscle,b0,b1,y9,y8,,,,,,402.267186,,,,,,
193,GRPEPDITDSK,GRPEPDITWSK,W to D,0,0.989,3,S7,Muscle,b0,b1,y12,y11,b0,b1,y12,y11,,,,,,,,
194,GSPEGVIDR,GAPEGVIDR,A to S,1,0.012,2,S7,Muscle,b1,b2,y9,y8,b1,b2,y9,y8,362.235886,449.267916,,,362.235886,433.272996,,856.4522810000001
195,GSPEGVIDR,GAPEGVIDR,A to S,1,0.022,2,S7,Muscle,b1,b2,y9,y8,b1,b2,y9,y8,362.235886,449.267916,,,362.235886,433.272996,,856.4522810000001
196,TYISPDDR,TYISPWDR,W to D,1,0.5,2,S7,Muscle,b1,b2,y8,y7,b1,b2,y8,y7,406.262106,569.3254360000001,,865.4050110000001,406.262106,569.3254360000001,,936.457381
197,YEELQETAGR,YEELQITAGR,I to E,0,1.0,2,S7,Muscle,b0,b1,y11,y10,,,,,,468.277756,,,,,,
198,PGNEYVTK,VGNEYVTK,V to P,0,0.329,2,S7,Muscle,b0,b1,y9,y8,b0,b1,y9,y8,,402.267186,,,,404.28283600000003,,
199,QREEQAEPDGTELADK,QREEQAEPDGTEVADK,V to I/L,0,0.978,3,S7,Muscle,b0,b1,y17,y16,b0,b1,y17,y16,,,,,,433.273006,,
200,PAEQELLDASER,VAEQELLDASER,V to P,0,0.995,2,S7,Muscle,b0,b1,y13,y12,b0,b1,y13,y12,,402.267186,,,,404.28283600000003,,
201,NEYEESLDQLETLKR,NAYEESLDQLETLKR,A to E,1,0.331,3,S7,Muscle,b1,b2,y15,y14,b1,b2,y15,y14,,286.103396,,,419.257356,490.294466,,1999.066681
202,TKTWNYTYNPQTK,TKPWNYTYNPQTK,P to T,2,0.2,3,S7,Muscle,b2,b3,y12,y11,b2,b3,y12,y11,838.564216,,,,838.564216,,,
203,EAPEEHPVLLTEAPLNPK,VAPEEHPVLLTEAPLNPK,V to E,0,0.017,3,S7,Muscle,b0,b1,y19,y18,b0,b1,y19,y18,,434.25701599999996,,,,404.28283600000003,,
204,VAPEEHPELLTEAPLNPK,VAPEEHPVLLTEAPLNPK,V to E,0,0.99,3,S7,Muscle,b0,b1,y19,y18,b0,b1,y19,y18,,404.28283600000003,,,,404.28283600000003,,
205,ALGTNPTNAEPK,ALGTNPTNAEVK,V to P,4,0.031,2,S7,Muscle,b4,b5,y9,y8,b4,b5,y9,y8,647.4047360000001,761.447666,,1174.638711,647.4047360000001,761.447666,1277.702041,1176.654361
206,GASIDDMIPAQK,GQSIDDMIPAQK,Q to A,1,0.499,2,S7,Muscle,b1,b2,y12,y11,b1,b2,y12,y11,,433.272996,,,362.235886,490.294466,,
207,TDESQTWVLPVVR,TDESQPWVLPVVR,P to T,0,0.499,2,S7,Muscle,b0,b1,y14,y13,b0,b1,y14,y13,,406.262106,,,,406.262106,,
208,TDESQTWVLPVVR,TDESQPWVLPVVR,P to T,0,0.332,2,S7,Muscle,b0,b1,y14,y13,b0,b1,y14,y13,,406.262106,,,,406.262106,,
209,AYDLQSDALYK,AYDLQSDNLYK,N to A,0,1.0,2,S7,Muscle,b0,b1,y12,y11,b0,b1,y12,y11,,376.251536,,,,376.251536,,
210,YEIDAANSSGTTK,YEITAANSSGTTK,T to D,3,0.016,2,S7,Muscle,b3,b4,y11,y10,b3,b4,y11,y10,,825.4313460000001,,,710.4044060000001,811.452086,1354.7497210000001,1241.665661
211,PLGNPSNEEMNAK,VLGNPSNEEMNAK,V to P,0,0.5,2,S7,Muscle,b0,b1,y14,y13,b0,b1,y14,y13,,402.267186,,,,404.28283600000003,,
212,DQIHIMPDTPEIMLAR,TQIHIMPDTPEIMLAR,T to D,0,0.492,2,S7,Muscle,b0,b1,y17,y16,b0,b1,y17,y16,,420.241366,,,,406.262106,,
213,DQIHIMPDTPEIMLAR,TQIHIMPDTPEIMLAR,T to D,0,0.493,2,S7,Muscle,b0,b1,y17,y16,b0,b1,y17,y16,,420.241366,,,,406.262106,,
214,PFHILDKDK,VFHILDKDK,V to P,0,0.048,4,S7,Muscle,b0,b1,y10,y9,b0,b1,y10,y9,,402.267186,,,,404.28283600000003,,
215,PFHILDKDK,VFHILDKDK,V to P,0,0.495,4,S7,Muscle,b0,b1,y10,y9,b0,b1,y10,y9,,402.267186,,,,404.28283600000003,,
216,PATVSLPR,VATVSLPR,V to P,0,0.977,2,S7,Muscle,b0,b1,y9,y8,,,,,,402.267186,,,,,,
217,HEEEEDTYSEEEER,HEEEEWTYSEEEER,W to D,0,0.993,3,S7,Muscle,b0,b1,y15,y14,b0,b1,y15,y14,,442.27333600000003,,,,442.27333600000003,,
218,HEEEEDTYSEEEER,HEEEEWTYSEEEER,W to D,0,0.997,3,S7,Muscle,b0,b1,y15,y14,b0,b1,y15,y14,,442.27333600000003,,,,442.27333600000003,,
219,LQDAEEHVEAVNTK,LQDAEEHVEAVNAK,A to T,0,0.991,3,S7,Muscle,b0,b1,y15,y14,b0,b1,y15,y14,,418.29848599999997,,,,418.29848599999997,,
220,PGNEYVTK,VGNEYVTK,V to P,0,0.897,2,S7,Muscle,b0,b1,y9,y8,b0,b1,y9,y8,,402.267186,,,,404.28283600000003,,
221,PNADEVGGEALGR,VNADEVGGEALGR,V to P,0,0.997,2,S7,Muscle,b0,b1,y14,y13,b0,b1,y14,y13,,402.267186,,,,404.28283600000003,,
222,ETQAVNDTK,ETQAVNWTK,W to D,0,0.99,2,S7,Muscle,b0,b1,y10,y9,b0,b1,y10,y9,,434.25701599999996,,,,434.25701599999996,,
223,LLVVYPWNQR,LLVVYPWTQR,T to N,2,0.2,2,S7,Muscle,b2,b3,y9,y8,b2,b3,y9,y8,531.382546,630.4509560000001,1174.636741,1061.5526810000001,531.382546,630.4509560000001,1161.641491,1048.5574310000002
224,LLVVYTWTQR,LLVVYPWTQR,P to T,0,0.2,2,S7,Muscle,b0,b1,y11,y10,b0,b1,y11,y10,,418.29848599999997,,,,418.29848599999997,,
225,LLVVYTWTQR,LLVVYPWTQR,P to T,0,0.2,2,S7,Muscle,b0,b1,y11,y10,b0,b1,y11,y10,,418.29848599999997,,,,418.29848599999997,,
226,PLTPDLYNK,VLTPDLYNK,V to P,0,0.982,2,S7,Muscle,b0,b1,y10,y9,b0,b1,y10,y9,,402.267186,,,,404.28283600000003,,
227,ANWTFGDQVLEEGDRVK,ATWTFGDQVLEEGDRVK,T to N,1,0.33,3,S7,Muscle,b1,b2,y17,y16,b1,b2,y17,y16,376.251536,490.294466,,,376.251536,477.299216,,
228,YYPASTWVDNSR,YYPASPWVDNSR,P to T,0,0.481,2,S7,Muscle,b0,b1,y13,y12,b0,b1,y13,y12,,468.277756,,,,468.277756,,
229,DAIQAAGYPDK,TAIQAAGYPDK,T to D,0,0.494,2,S7,Muscle,b0,b1,y12,y11,b0,b1,y12,y11,,420.241366,,,,406.262106,,
230,DSDNSIVVVAGNK,TSDNSIVVVAGNK,T to D,0,0.958,2,S7,Muscle,b0,b1,y14,y13,b0,b1,y14,y13,,420.241366,,,,406.262106,,
231,TNQSILITGESGAGK,ENQSILITGESGAGK,E to T,0,0.333,2,S7,Muscle,b0,b1,y16,y15,b0,b1,y16,y15,,,,,,434.25701599999996,,
232,ENQSILITGESGVGK,ENQSILITGESGAGK,A to V,1,0.475,2,S7,Muscle,b1,b2,y15,y14,b1,b2,y15,y14,434.25701599999996,548.2999460000001,,,434.25701599999996,548.2999460000001,,1678.929461
233,PDKGVVPLAGTNGETTTQGLDGLSER,VDKGVVPLAGTNGETTTQGLDGLSER,V to P,0,0.198,3,S7,Muscle,b0,b1,y27,y26,b0,b1,y27,y26,,,,,,404.28283600000003,,
234,VGEATETALTTLPEK,VGEATETALTTLVEK,V to P,0,0.034,2,S7,Muscle,b0,b1,y16,y15,b0,b1,y16,y15,,404.28283600000003,,,,,,
235,IDEGDLSQLTASIR,ITEGDLSQLTASIR,T to D,1,0.012,2,S7,Muscle,b1,b2,y14,y13,b1,b2,y14,y13,,533.3254260000001,,,418.29848599999997,519.346166,,1390.717231
236,ADGLIEGLDYQFR,ATGLIEGLDYQFR,T to D,1,0.028,2,S7,Muscle,b1,b2,y13,y12,b1,b2,y13,y12,,491.278476,,,376.251536,477.299216,,1411.721581
237,SGFAGDDAPR,AGFAGDDAPR,A to S,0,0.992,2,S7,Muscle,b0,b1,y11,y10,b0,b1,y11,y10,,392.246456,,,,376.251536,,
238,SGFAGDDAPR,AGFAGDDAPR,A to S,0,0.983,2,S7,Muscle,b0,b1,y11,y10,b0,b1,y11,y10,,392.246456,,,,376.251536,,
239,EEGGTYDSR,EEGGTYWSR,W to D,0,0.999,2,S7,Muscle,b0,b1,y10,y9,b0,b1,y10,y9,,434.25701599999996,,,,434.25701599999996,,
240,VPEQELLDASER,VAEQELLDASER,A to P,1,0.5,2,S7,Muscle,b1,b2,y12,y11,b1,b2,y12,y11,,197.128446,,1286.622261,404.28283600000003,475.319946,,1260.6066110000002
241,NLLAAGDKDGDGK,TLLAAGDKDGDGK,T to N,0,0.987,3,S7,Muscle,b0,b1,y14,y13,b0,b1,y14,y13,,419.257356,,,,406.262106,,
242,LLVVYPDTQR,LLVVYPWTQR,W to D,1,0.497,2,S7,Muscle,b1,b2,y10,y9,b1,b2,y10,y9,418.29848599999997,531.382546,,1090.5891210000002,418.29848599999997,531.382546,,1161.641491
243,ELFTVIDQNR,EAFTVIDQNR,A to I/L,1,0.017,2,S7,Muscle,b1,b2,y10,y9,b1,b2,y10,y9,,547.341076,,,434.25701599999996,505.294126,,1063.553071
244,PIMITGDNK,VIMITGDNK,V to P,0,0.498,2,S7,Muscle,b0,b1,y10,y9,b0,b1,y10,y9,,402.267186,,,,404.28283600000003,,
245,PLTPDLYNK,VLTPDLYNK,V to P,0,0.986,2,S7,Muscle,b0,b1,y10,y9,b0,b1,y10,y9,,402.267186,,,,404.28283600000003,,
246,LLVVYTWTQR,LLVVYPWTQR,P to T,0,0.2,2,S7,Muscle,b0,b1,y11,y10,b0,b1,y11,y10,,418.29848599999997,,,,418.29848599999997,,
247,LQDLPDKLQTK,LQDLVDKLQTK,V to P,0,0.013,3,S7,Muscle,b0,b1,y12,y11,b0,b1,y12,y11,,418.29848599999997,,,,418.29848599999997,,
248,QGDEEEDTIVSTR,QGDEEEWTIVSTR,W to D,0,0.993,2,S7,Muscle,b0,b1,y14,y13,b0,b1,y14,y13,,433.273006,,,,433.273006,,
249,SLNPELGTDADKEQNK,SLNPELGTDADKEQWK,W to N,3,0.957,3,S7,Muscle,b3,b4,y14,y13,b3,b4,y14,y13,619.3734460000001,,,2053.105701,619.3734460000001,716.4262060000001,2239.185011,
250,SLNPELGTDADKEQDK,SLNPELGTDADKEQWK,W to D,0,0.989,3,S7,Muscle,b0,b1,y17,y16,b0,b1,y17,y16,,392.246456,,,,392.246456,,
251,DLLLDTAWEK,DLLLDPAWEK,P to T,0,0.011,2,S7,Muscle,b0,b1,y11,y10,b0,b1,y11,y10,,420.241366,,,,420.241366,,
252,DKLEQQVDDLEGSLEQEKK,TKLEQQVDDLEGSLEQEKK,T to D,0,0.477,4,S7,Muscle,b0,b1,y20,y19,b0,b1,y20,y19,,,,,,406.262106,,
253,LQDLPDKLQTK,LQDLVDKLQTK,V to P,0,0.017,3,S7,Muscle,b0,b1,y12,y11,b0,b1,y12,y11,,418.29848599999997,,,,418.29848599999997,,
254,LIDAIGDVVNHDPAVGDR,LITAIGDVVNHDPAVGDR,T to D,2,0.012,3,S7,Muscle,b2,b3,y17,y16,b2,b3,y17,y16,,646.409486,,,531.382546,632.4302260000001,1748.8925410000002,1635.808481
255,VVSTWNSEDAK,VVSPWNSEDAK,P to T,0,0.495,2,S7,Muscle,b0,b1,y12,y11,b0,b1,y12,y11,,404.28283600000003,,,,404.28283600000003,,
256,VVSTWNSEDAK,VVSPWNSEDAK,P to T,0,0.5,2,S7,Muscle,b0,b1,y12,y11,b0,b1,y12,y11,,404.28283600000003,,,,404.28283600000003,,
257,GVDPEDVITGAFK,GADPEDVITGAFK,A to V,1,0.498,2,S7,Muscle,b1,b2,y13,y12,b1,b2,y13,y12,,461.30429599999997,,,362.235886,433.272996,,1566.833421
258,NEYEESLDQLETLK,NAYEESLDQLETLK,A to E,1,0.5,2,S7,Muscle,b1,b2,y14,y13,b1,b2,y14,y13,,286.103396,,,419.257356,490.294466,,
259,EDHKDDGGQYGITVSNVVGQK,ETHKDDGGQYGITVSNVVGQK,T to D,1,0.11,3,S7,Muscle,b1,b2,y21,y20,b1,b2,y21,y20,,,,,434.25701599999996,535.304696,,
260,GPNLPGAAVDLPAVSEK,GVNLPGAAVDLPAVSEK,V to P,1,0.5,2,S7,Muscle,b1,b2,y17,y16,b1,b2,y17,y16,362.235886,459.288646,,,362.235886,461.30429599999997,,
261,TPSDDLTWGDLTLNK,TPSDDLPWGDLTLNK,P to T,0,0.498,2,S7,Muscle,b0,b1,y16,y15,b0,b1,y16,y15,,406.262106,,,,406.262106,,
262,TPSDDLTWGDLTLNK,TPSDDLPWGDLTLNK,P to T,0,0.498,2,S7,Muscle,b0,b1,y16,y15,b0,b1,y16,y15,,406.262106,,,,406.262106,,
263,DKLEQQVDDLEGSLEQEKK,TKLEQQVDDLEGSLEQEKK,T to D,0,0.498,3,S7,Muscle,b0,b1,y20,y19,b0,b1,y20,y19,,,,,,406.262106,,
264,TPIGSFLGSLASQPADK,TPIGSFLGSLASQPATK,T to D,0,0.026,2,S7,Muscle,b0,b1,y18,y17,b0,b1,y18,y17,,406.262106,,,,406.262106,,
265,ELEDEVENEQKR,ELEGEVENEQKR,G to D,1,0.98,3,S7,Muscle,b1,b2,y12,y11,b1,b2,y12,y11,434.25701599999996,547.341076,,1692.872341,434.25701599999996,547.341076,,1634.866861
266,SFLVDVNEEDHLR,SFLVWVNEEDHLR,W to D,0,1.0,3,S7,Muscle,b0,b1,y14,y13,b0,b1,y14,y13,,392.246456,,,,392.246456,,
267,SGFAGDDAPR,AGFAGDDAPR,A to S,0,0.974,2,S7,Muscle,b0,b1,y11,y10,b0,b1,y11,y10,,392.246456,,,,376.251536,,
268,SGFAGDDAPR,AGFAGDDAPR,A to S,0,0.991,2,S7,Muscle,b0,b1,y11,y10,b0,b1,y11,y10,,392.246456,,,,376.251536,,
269,QFLFRTWDVTK,QFLFRPWDVTK,P to T,0,0.447,3,S7,Muscle,b0,b1,y12,y11,b0,b1,y12,y11,,433.273006,,,,433.273006,,
270,FFVGGNDK,FFVGGNWK,W to D,0,1.0,2,S7,Muscle,b0,b1,y9,y8,b0,b1,y9,y8,,452.28283600000003,,,,452.28283600000003,,
271,DYSFVTTAER,GYSFVTTAER,G to D,0,0.096,2,S7,Muscle,b0,b1,y11,y10,b0,b1,y11,y10,,420.241366,,,,362.235886,,
272,DDQLHLDDALR,DTQLHLDDALR,T to D,1,0.016,2,S7,Muscle,b1,b2,y11,y10,b1,b2,y11,y10,,535.268306,,,420.241366,521.2890460000001,,1181.627291
273,TDSTVTPEVK,TWSTVTPEVK,W to D,0,0.995,2,S7,Muscle,b0,b1,y11,y10,b0,b1,y11,y10,,406.262106,,,,406.262106,,
274,DELLQQVDTSTR,WELLQQVDTSTR,W to D,0,0.99,2,S7,Muscle,b0,b1,y13,y12,,,,,,420.241366,,,,,,
275,DELLQQVDTSTR,WELLQQVDTSTR,W to D,0,0.994,2,S7,Muscle,b0,b1,y13,y12,,,,,,420.241366,,,,,,
276,VVSPDNSEDAK,VVSPWNSEDAK,W to D,0,0.993,2,S7,Muscle,b0,b1,y12,y11,b0,b1,y12,y11,,404.28283600000003,,,,404.28283600000003,,
277,STAELYLTDK,STAELYLTTK,T to D,0,0.013,2,S7,Muscle,b0,b1,y11,y10,b0,b1,y11,y10,,392.246456,,,,392.246456,,
278,EPQSILITGESGAGK,ENQSILITGESGAGK,N to P,1,0.034,2,S7,Muscle,b1,b2,y15,y14,b1,b2,y15,y14,,,,,434.25701599999996,548.2999460000001,,1678.929461
279,TTDIVLDSGDGVTHNVPIYEGYALPHAIMR,TTGIVLDSGDGVTHNVPIYEGYALPHAIMR,G to D,2,0.1,4,S7,Muscle,b2,b3,y29,y28,b2,b3,y29,y28,,,,,507.309786,564.3312460000001,,
280,NTDTSVVVSDEESR,NTDTSVVVSWEESR,W to D,1,0.493,2,S7,Muscle,b1,b2,y14,y13,b1,b2,y14,y13,419.257356,,,1423.6546910000002,419.257356,520.3050360000001,,1494.707061
281,VVSTWNSEDAK,VVSPWNSEDAK,P to T,0,0.021,2,S7,Muscle,b0,b1,y12,y11,b0,b1,y12,y11,,404.28283600000003,,,,404.28283600000003,,
282,VVSTWNSEDAK,VVSPWNSEDAK,P to T,0,0.489,2,S7,Muscle,b0,b1,y12,y11,b0,b1,y12,y11,,404.28283600000003,,,,404.28283600000003,,
283,ASDTSITDNNLK,ASDTSITWNNLK,W to D,0,0.995,2,S7,Muscle,b0,b1,y13,y12,b0,b1,y13,y12,,376.251536,,,,376.251536,,
284,AAAQNIIPASTGAAK,GAAQNIIPASTGAAK,G to A,0,0.499,2,S7,Muscle,b0,b1,y16,y15,b0,b1,y16,y15,,,,,,362.235886,,
285,GSAQNIIPASTGAAK,GAAQNIIPASTGAAK,A to S,1,0.499,2,S7,Muscle,b1,b2,y15,y14,b1,b2,y15,y14,362.235886,449.267916,,,362.235886,433.272996,,
286,LISDYDNEYGYSNR,LISWYDNEYGYSNR,W to D,1,0.988,2,S7,Muscle,b1,b2,y14,y13,b1,b2,y14,y13,418.29848599999997,531.382546,,1595.660851,418.29848599999997,531.382546,,1666.7132210000002
287,LISDYDNEYGYSNR,LISWYDNEYGYSNR,W to D,0,0.994,2,S7,Muscle,b0,b1,y15,y14,b0,b1,y15,y14,,418.29848599999997,,,,418.29848599999997,,
288,VNAYNLSDNPYK,VNAYNLSDNVYK,V to P,0,0.967,2,S7,Muscle,b0,b1,y13,y12,b0,b1,y13,y12,,404.28283600000003,,,,404.28283600000003,,
289,DLKDDVLYETETPPDLEK,WLKDDVLYETETPPDLEK,W to D,0,0.248,3,S7,Muscle,b0,b1,y19,y18,b0,b1,y19,y18,,420.241366,,,,491.293736,,
290,SGAEGSSNVFSMFDQTQIQEFK,AGAEGSSNVFSMFDQTQIQEFK,A to S,0,0.332,3,S7,Muscle,b0,b1,y23,y22,b0,b1,y23,y22,,392.246456,,,,376.251536,,
291,DTGGVDTAAVGAVFDISNADR,GTGGVDTAAVGAVFDISNADR,G to D,0,0.362,2,S7,Muscle,b0,b1,y22,y21,b0,b1,y22,y21,,,,,,362.235886,,
292,DLEEATLQDEATAAALR,DLEEATLQHEATAAALR,H to D,0,0.998,2,S7,Muscle,b0,b1,y18,y17,b0,b1,y18,y17,,420.241366,,,,420.241366,,
293,DLEEATLQNEATAAALR,DLEEATLQHEATAAALR,H to N,0,0.971,2,S7,Muscle,b0,b1,y18,y17,b0,b1,y18,y17,,420.241366,,,,420.241366,,
294,VIQYFADIAVTGDK,VIQYFATIAVTGDK,T to D,3,0.248,2,S7,Muscle,b3,b4,y12,y11,b3,b4,y12,y11,645.4254760000001,,,1503.801401,645.4254760000001,808.4888060000001,,
295,ELNASAIPEGQFIDSK,VLNASAIPEGQFIDSK,V to E,0,0.486,2,S7,Muscle,b0,b1,y17,y16,b0,b1,y17,y16,,434.25701599999996,,,,404.28283600000003,,
296,IDLSQVGDVLR,ITLSQVGDVLR,T to D,1,0.018,2,S7,Muscle,b1,b2,y11,y10,b1,b2,y11,y10,418.29848599999997,533.3254260000001,,,418.29848599999997,519.346166,,1087.6105810000001
297,FDQAGSEVSALLGR,FTQAGSEVSALLGR,T to D,1,0.018,2,S7,Muscle,b1,b2,y14,y13,b1,b2,y14,y13,,567.309776,,,452.28283600000003,553.330516,,1288.685531
298,GISHNDNK,GIWHNDNK,W to S,0,1.0,3,S7,Muscle,b0,b1,y9,y8,b0,b1,y9,y8,,362.235886,,,,362.235886,,
299,GINHNDNK,GIWHNDNK,W to N,0,0.996,3,S7,Muscle,b0,b1,y9,y8,b0,b1,y9,y8,,362.235886,,,,362.235886,,
300,GIDHNDNK,GIWHNDNK,W to D,0,1.0,3,S7,Muscle,b0,b1,y9,y8,b0,b1,y9,y8,,362.235886,,,,362.235886,,
301,DNQLHLDDALR,DTQLHLDDALR,T to N,1,0.499,3,S7,Muscle,b1,b2,y11,y10,b1,b2,y11,y10,,534.284296,,,420.241366,521.2890460000001,,1181.627291
302,DDQLHLDDALR,DTQLHLDDALR,T to D,1,0.017,3,S7,Muscle,b1,b2,y11,y10,b1,b2,y11,y10,,535.268306,,,420.241366,521.2890460000001,,1181.627291
303,SFLVAVNEEDHLR,SFLVWVNEEDHLR,W to A,0,0.995,3,S7,Muscle,b0,b1,y14,y13,b0,b1,y14,y13,,392.246456,,,,392.246456,,
304,SFLVDVNEEDHLR,SFLVWVNEEDHLR,W to D,0,1.0,3,S7,Muscle,b0,b1,y14,y13,b0,b1,y14,y13,,392.246456,,,,392.246456,,
305,ANSEVAQDR,ANSEVAQWR,W to D,0,0.992,2,S7,Muscle,b0,b1,y10,y9,b0,b1,y10,y9,,376.251536,,,,376.251536,,
306,SFLTWVNEEDHLR,SFLVWVNEEDHLR,V to T,0,0.015,3,S7,Muscle,b0,b1,y14,y13,b0,b1,y14,y13,,392.246456,,,,392.246456,,
307,SFLQWVNEEDHLR,SFLVWVNEEDHLR,V to Q,0,0.011,3,S7,Muscle,b0,b1,y14,y13,b0,b1,y14,y13,,392.246456,,,,392.246456,,
308,DEKPESDGGSK,WEKPESDGGSK,W to D,0,0.498,3,S7,Muscle,b0,b1,y12,y11,b0,b1,y12,y11,,420.241366,,,,491.293736,,
309,NPYEESLDQLETLKR,NAYEESLDQLETLKR,A to P,1,0.5,3,S7,Muscle,b1,b2,y15,y14,b1,b2,y15,y14,,212.10296599999998,,,419.257356,490.294466,,1999.066681
310,GIAHNDNK,GIWHNDNK,W to A,0,1.0,2,S7,Muscle,b0,b1,y9,y8,b0,b1,y9,y8,,362.235886,,,,362.235886,,
311,INLSQVGDVLR,ITLSQVGDVLR,T to N,1,0.011,2,S7,Muscle,b1,b2,y11,y10,b1,b2,y11,y10,,532.341416,,,418.29848599999997,519.346166,,1087.6105810000001
312,IDLSQVGDVLR,ITLSQVGDVLR,T to D,1,0.028,2,S7,Muscle,b1,b2,y11,y10,b1,b2,y11,y10,418.29848599999997,533.3254260000001,,,418.29848599999997,519.346166,,1087.6105810000001
313,IDLSQVGDVLR,ITLSQVGDVLR,T to D,1,0.018,2,S7,Muscle,b1,b2,y11,y10,b1,b2,y11,y10,418.29848599999997,533.3254260000001,,,418.29848599999997,519.346166,,1087.6105810000001
314,IDLSQVGDVLR,ITLSQVGDVLR,T to D,1,0.019,2,S7,Muscle,b1,b2,y11,y10,b1,b2,y11,y10,418.29848599999997,533.3254260000001,,,418.29848599999997,519.346166,,1087.6105810000001
315,DIKHDPSLQTWSASYDPGSAK,DIKHDPSLQPWSASYDPGSAK,P to T,0,0.494,4,S7,Muscle,b0,b1,y22,y21,b0,b1,y22,y21,,420.241366,,,,420.241366,,
316,DIKHDPSLQTWSASYDPGSAK,DIKHDPSLQPWSASYDPGSAK,P to T,0,0.497,4,S7,Muscle,b0,b1,y22,y21,b0,b1,y22,y21,,420.241366,,,,420.241366,,
317,AIDDAAMMAEELKK,AITDAAMMAEELKK,T to D,2,0.142,3,S7,Muscle,b2,b3,y13,y12,b2,b3,y13,y12,,604.3625360000001,,,489.335596,590.383276,2075.137191,1962.0531310000001
318,GDGTWYQFPTPEKEFIDHSPK,GDGPWYQFPTPEKEFIDHSPK,P to T,0,0.497,4,S7,Muscle,b0,b1,y22,y21,b0,b1,y22,y21,,362.235886,,,,,,
319,DINEVENQVLTR,TINEVENQVLTR,T to D,0,0.33,2,S7,Muscle,b0,b1,y13,y12,b0,b1,y13,y12,,420.241366,,,,406.262106,,
320,DINEVENQVLTR,TINEVENQVLTR,T to D,0,0.329,2,S7,Muscle,b0,b1,y13,y12,b0,b1,y13,y12,,420.241366,,,,406.262106,,
321,EIDALAPSTMK,EITALAPSTMK,T to D,2,0.018,2,S7,Muscle,b2,b3,y10,y9,b2,b3,y10,y9,,662.3680160000001,,,547.341076,648.3887560000001,1352.777831,1239.693771
322,FMITLDGTENK,FMIELDGTENK,E to T,0,0.992,2,S7,Muscle,b0,b1,y12,y11,b0,b1,y12,y11,,452.28283600000003,,,,452.28283600000003,,
323,VLDTPSPPPNLK,VLDTPSPPVNLK,V to P,1,0.069,2,S7,Muscle,b1,b2,y12,y11,b1,b2,y12,y11,404.28283600000003,517.366896,,1482.8486910000001,404.28283600000003,517.366896,,1484.864341
324,LPGDKEFVTWQQDLDDSVKPAQQAR,LPGDKEFVPWQQDLDDSVKPAQQAR,P to T,0,0.198,4,S7,Muscle,b0,b1,y26,y25,b0,b1,y26,y25,,418.29848599999997,,,,418.29848599999997,,
325,ATIGIAMGSGTAVAK,AEIGIAMGSGTAVAK,E to T,1,0.333,2,S7,Muscle,b1,b2,y15,y14,b1,b2,y15,y14,376.251536,477.299216,,,376.251536,505.294126,,1608.894981
326,GLGDSPAGSLEVEK,GLGWSPAGSLEVEK,W to D,0,0.997,2,S7,Muscle,b0,b1,y15,y14,b0,b1,y15,y14,,362.235886,,,,362.235886,,
327,VQSIDDMIPAQK,GQSIDDMIPAQK,G to V,0,0.331,2,S7,Muscle,b0,b1,y13,y12,b0,b1,y13,y12,,,,,,362.235886,,
328,LEQESTMDIENDKQQLDEK,LAQESTMDIENDKQQLDEK,A to E,1,0.497,3,S7,Muscle,b1,b2,y19,y18,b1,b2,y19,y18,,285.144526,,,418.29848599999997,489.335596,,
329,LEQESTMDIENDKQQLDEK,LAQESTMDIENDKQQLDEK,A to E,1,0.497,3,S7,Muscle,b1,b2,y19,y18,b1,b2,y19,y18,,285.144526,,,418.29848599999997,489.335596,,
330,ATGNPNPDIVWQK,ATGNPNPDIVWLK,L to Q,1,0.021,2,S7,Muscle,b1,b2,y13,y12,b1,b2,y13,y12,376.251536,477.299216,,,376.251536,477.299216,,1657.923251
331,DVATAQDSPLSTTSK,DVATAQWSPLSTTSK,W to D,0,1.0,2,S7,Muscle,b0,b1,y16,y15,b0,b1,y16,y15,,420.241366,,,,420.241366,,
332,DVATAQDSPLSTTSK,DVATAQWSPLSTTSK,W to D,0,0.999,2,S7,Muscle,b0,b1,y16,y15,b0,b1,y16,y15,,420.241366,,,,420.241366,,
333,ETTWHGQGQDQGQGPSQESAAEQGAVEKQ,ETPWHGQGQDQGQGPSQESAAEQGAVEKQ,P to T,2,0.467,3,S7,Muscle,b2,b3,y28,y27,b2,b3,y28,y27,535.304696,,,,535.304696,,,
334,ETTWHGQGQDQGQGPSQESAAEQGAVEK,ETPWHGQGQDQGQGPSQESAAEQGAVEK,P to T,0,0.497,3,S7,Muscle,b0,b1,y29,y28,b0,b1,y29,y28,,434.25701599999996,,,,434.25701599999996,,
335,NSVNLSDQQPAFDGGSK,NSVNLSWQQPAFDGGSK,W to D,1,0.983,2,S7,Muscle,b1,b2,y17,y16,b1,b2,y17,y16,419.257356,506.289386,,,419.257356,506.289386,,
336,AIDDAAMMAEELKK,AITDAAMMAEELKK,T to D,2,0.022,2,S7,Muscle,b2,b3,y13,y12,b2,b3,y13,y12,,604.3625360000001,,,489.335596,590.383276,2075.137191,1962.0531310000001
337,AIDDAAMMAEELKK,AITDAAMMAEELKK,T to D,2,0.01,2,S7,Muscle,b2,b3,y13,y12,b2,b3,y13,y12,,604.3625360000001,,,489.335596,590.383276,2075.137191,1962.0531310000001
338,AIDDAAMMAEELKK,AITDAAMMAEELKK,T to D,2,0.015,2,S7,Muscle,b2,b3,y13,y12,b2,b3,y13,y12,,604.3625360000001,,,489.335596,590.383276,2075.137191,1962.0531310000001
339,DQIHIMPDTPDIILAK,TQIHIMPDTPDIILAK,T to D,0,0.455,2,S7,Muscle,b0,b1,y17,y16,b0,b1,y17,y16,,420.241366,,,,406.262106,,
340,LSQTFPNADFAEIDK,LSQTFPNADFAEITK,T to D,0,0.021,2,S7,Muscle,b0,b1,y16,y15,b0,b1,y16,y15,,418.29848599999997,,,,418.29848599999997,,
0,PATVSLPR,VATVSLPR,V to P,0,0.995,2,S8,Skin,b0,b1,y9,y8,,,,,,402.267186,,,,,,
1,ANSEVAQDR,ANSEVAQWR,W to D,2,0.91,2,S8,Skin,b2,b3,y8,y7,b2,b3,y8,y7,490.294466,577.3264960000001,918.4275410000001,804.3846110000001,490.294466,577.3264960000001,989.4799110000001,875.4369810000001
2,TAESAEAK,TAESPEAK,P to A,0,1.0,2,S8,Skin,b0,b1,y9,y8,b0,b1,y9,y8,,406.262106,,,,406.262106,,
3,LEQEITTYR,LEQEIATYR,A to T,0,1.0,2,S8,Skin,b0,b1,y10,y9,b0,b1,y10,y9,,418.29848599999997,,,,418.29848599999997,,
4,GETWTFLVR,GEPWTFLVR,P to T,0,0.5,2,S8,Skin,b0,b1,y10,y9,b0,b1,y10,y9,,362.235886,,,,362.235886,,
5,DQYEQLAEK,DQYEQMAEK,M to I/L,0,1.0,2,S8,Skin,b0,b1,y10,y9,b0,b1,y10,y9,,420.241366,,,,420.241366,,
6,DQYEQLAEK,DQYEQMAEK,M to I/L,0,1.0,2,S8,Skin,b0,b1,y10,y9,b0,b1,y10,y9,,420.241366,,,,420.241366,,
7,DQYEQLAEK,DQYEQMAEK,M to I/L,0,1.0,2,S8,Skin,b0,b1,y10,y9,b0,b1,y10,y9,,420.241366,,,,420.241366,,
8,RTWLVDYGESGEQVAGFVK,RPWLVDYGESGEQVAGFVK,P to T,1,0.2,3,S8,Skin,b1,b2,y19,y18,b1,b2,y19,y18,461.315536,,,,461.315536,,,
9,GIVVTAYSPLGSPDRTWAKPEDPSLLEDPR,GIVVTAYSPLGSPDRPWAKPEDPSLLEDPR,P to T,1,0.197,4,S8,Skin,b1,b2,y30,y29,b1,b2,y30,y29,362.235886,475.319946,,,362.235886,475.319946,,
10,AFTAWADTSILSR,AFPAWADTSILSR,P to T,0,0.051,2,S8,Skin,b0,b1,y14,y13,b0,b1,y14,y13,,376.251536,,,,376.251536,,
11,LPYTTPGPPSTTWVSNVTR,LPYTTPGPPSTPWVSNVTR,P to T,0,0.349,2,S8,Skin,b0,b1,y20,y19,b0,b1,y20,y19,,418.29848599999997,,,,418.29848599999997,,
12,VTWDFPPDTTLLDLQNNK,VPWDFPPDTTLLDLQNNK,P to T,1,0.248,2,S8,Skin,b1,b2,y18,y17,b1,b2,y18,y17,404.28283600000003,,,,404.28283600000003,501.335596,,
13,APFPSIVGRPR,AVFPSIVGRPR,V to P,1,0.011,3,S8,Skin,b1,b2,y11,y10,b1,b2,y11,y10,376.251536,473.304296,,,376.251536,475.319946,,1127.668361
14,SVFPSIVGRPR,AVFPSIVGRPR,A to S,0,0.995,3,S8,Skin,b0,b1,y12,y11,b0,b1,y12,y11,,,,,,376.251536,,
15,IPEKDEEIDQLKR,IAEKDEEIDQLKR,A to P,1,0.5,4,S8,Skin,b1,b2,y13,y12,b1,b2,y13,y12,,211.144096,,2108.184281,418.29848599999997,489.335596,,2082.168631
16,KPEATAVPVPK,KPEATTVPVPK,T to A,0,1.0,3,S8,Skin,b0,b1,y12,y11,b0,b1,y12,y11,,737.5165360000001,,,,737.5165360000001,,
17,TAESAEAK,TAESPEAK,P to A,0,0.998,2,S8,Skin,b0,b1,y9,y8,b0,b1,y9,y8,,406.262106,,,,406.262106,,
18,FSTVAGESGSADTVRDPR,FSTVTGESGSADTVRDPR,T to A,0,0.978,3,S8,Skin,b0,b1,y19,y18,b0,b1,y19,y18,,452.28283600000003,,,,452.28283600000003,,
19,FSTVAGESGSADTVRDPR,FSTVTGESGSADTVRDPR,T to A,0,0.98,3,S8,Skin,b0,b1,y19,y18,b0,b1,y19,y18,,452.28283600000003,,,,452.28283600000003,,
20,SSSTAYMDLR,SSSTAYMELR,E to D,0,0.999,2,S8,Skin,b0,b1,y11,y10,b0,b1,y11,y10,,392.246456,,,,392.246456,,
21,HEDSVAELGEQIDNLQR,HADSVAELGEQIDNLQR,A to E,1,0.249,3,S8,Skin,b1,b2,y17,y16,b1,b2,y17,y16,,267.108776,,,442.27333600000003,513.3104460000001,,
22,ETAHWKPPTWNDVDILK,ETAHWKPPPWNDVDILK,P to T,0,0.499,4,S8,Skin,b0,b1,y18,y17,b0,b1,y18,y17,,434.25701599999996,,,,434.25701599999996,,
23,NTLTQTTENLR,NTLAQTTENLR,A to T,0,1.0,2,S8,Skin,b0,b1,y12,y11,b0,b1,y12,y11,,419.257356,,,,419.257356,,
24,QPDVLTTEQLR,QVDVLTTEQLR,V to P,1,0.013,2,S8,Skin,b1,b2,y11,y10,b1,b2,y11,y10,433.273006,530.325766,,,433.273006,532.3414160000001,,1173.647361
25,PLTPDLYNK,VLTPDLYNK,V to P,0,0.987,2,S8,Skin,b0,b1,y10,y9,b0,b1,y10,y9,,402.267186,,,,404.28283600000003,,
26,ASEDFVDTWTVR,ASEDFVDPWTVR,P to T,0,0.49,2,S8,Skin,b0,b1,y13,y12,b0,b1,y13,y12,,376.251536,,,,376.251536,,
27,DDGLFSGDTNWFPKK,DDGLFSGDPNWFPKK,P to T,0,0.103,3,S8,Skin,b0,b1,y16,y15,b0,b1,y16,y15,,420.241366,,,,420.241366,,
28,KDTELWGSVLLESNPYR,KDPELWGSVLLESNPYR,P to T,0,0.019,3,S8,Skin,b0,b1,y18,y17,b0,b1,y18,y17,,737.5165360000001,,,,737.5165360000001,,
29,TEELNKEVASNTENIQTSK,TEELNKEVASNTEMIQTSK,M to N,2,0.33,3,S8,Skin,b2,b3,y18,y17,b2,b3,y18,y17,535.304696,664.347286,,,535.304696,664.347286,,
30,NMTWNVDTLSK,NMPWNVDTLSK,P to T,0,0.5,2,S8,Skin,b0,b1,y12,y11,b0,b1,y12,y11,,419.257356,,,,419.257356,,
31,ALEEANTELEPK,ALEEANTELEVK,V to P,2,0.249,2,S8,Skin,b2,b3,y11,y10,b2,b3,y11,y10,489.335596,618.378186,1576.838911,1463.754851,489.335596,618.378186,1578.8545609999999,1465.770501
32,ALTFWNEEIAPK,ALPFWNEEIAPK,P to T,2,0.161,2,S8,Skin,b2,b3,y11,y10,b2,b3,y11,y10,489.335596,,,,489.335596,586.388356,,1534.822471
33,ASQDVNTAVAWYQQKPGQSPK,ASQDVSTAVAWYQQKPGQSPK,S to N,1,0.952,3,S8,Skin,b1,b2,y21,y20,b1,b2,y21,y20,376.251536,463.283566,,,376.251536,463.283566,,
34,ALGLDEGETAGSWDLTVEGR,ALGLDEGEPAGSWDLTVEGR,P to T,0,0.015,2,S8,Skin,b0,b1,y21,y20,b0,b1,y21,y20,,376.251536,,,,376.251536,,
35,DAQTWQGALLLGPNK,DAQPWQGALLLGPNK,P to T,0,0.5,2,S8,Skin,b0,b1,y16,y15,b0,b1,y16,y15,,420.241366,,,,420.241366,,
36,VTWDFPPDTTLLDLQNNK,VPWDFPPDTTLLDLQNNK,P to T,1,0.332,3,S8,Skin,b1,b2,y18,y17,b1,b2,y18,y17,404.28283600000003,,,,404.28283600000003,501.335596,,
37,TDSTSDGRTAWMR,TDSTSDGRPAWMR,P to T,0,0.2,3,S8,Skin,b0,b1,y14,y13,b0,b1,y14,y13,,406.262106,,,,406.262106,,
38,WTVHLMETLLPR,WPVHLMETLLPR,P to T,1,0.492,3,S8,Skin,b1,b2,y12,y11,b1,b2,y12,y11,,592.341416,,,491.293736,588.3464960000001,,1305.734731
39,TEESGELHGLTTDEK,TAESGELHGLTTDEK,A to E,1,0.249,3,S8,Skin,b1,b2,y15,y14,b1,b2,y15,y14,,273.108146,,,406.262106,477.299216,,1790.909111
40,DALLQEQGTK,WALLQEQGTK,W to D,0,0.5,2,S8,Skin,b0,b1,y11,y10,b0,b1,y11,y10,,420.241366,,,,491.293736,,
41,TITALAPSTMK,EITALAPSTMK,E to T,0,0.993,2,S8,Skin,b0,b1,y12,y11,b0,b1,y12,y11,,406.262106,,,,434.25701599999996,,
42,GALQNIIPASTGAAK,GAAQNIIPASTGAAK,A to I/L,0,0.994,2,S8,Skin,b0,b1,y16,y15,b0,b1,y16,y15,,362.235886,,,,362.235886,,
43,KDLYANDVLSGGTTMYPGIADR,KDLYANTVLSGGTTMYPGIADR,T to D,3,0.46,3,S8,Skin,b3,b4,y20,y19,b3,b4,y20,y19,965.6275360000001,1128.6908660000001,,,965.6275360000001,1128.6908660000001,,1986.9589310000001
44,LLGPNAGPDGLITWTR,LLGPNAGPDGLIPWTR,P to T,0,0.249,2,S8,Skin,b0,b1,y17,y16,b0,b1,y17,y16,,418.29848599999997,,,,418.29848599999997,,
45,LDEYGFQNALIVR,LGEYGFQNALIVR,G to D,1,0.25,2,S8,Skin,b1,b2,y13,y12,,,,,,229.11827599999998,,,,,,
46,SNINSLDEQEGVK,SNISSLDEQEGVK,S to N,0,1.0,2,S8,Skin,b0,b1,y14,y13,b0,b1,y14,y13,,392.246456,,,,392.246456,,
47,APWMEQEGTEYWER,APWMEQEGPEYWER,P to T,0,0.033,2,S8,Skin,b0,b1,y15,y14,b0,b1,y15,y14,,376.251536,,,,376.251536,,
48,AQGDVFIKTQLWS,AQGDVFIKPQLWS,P to T,0,0.2,2,S8,Skin,b0,b1,y14,y13,b0,b1,y14,y13,,376.251536,,,,376.251536,,
49,ALTFWNEEIAPK,ALPFWNEEIAPK,P to T,0,0.01,2,S8,Skin,b0,b1,y13,y12,b0,b1,y13,y12,,376.251536,,,,376.251536,,
50,PTMQNLNDR,VTMQNLNDR,V to P,0,0.993,2,S8,Skin,b0,b1,y10,y9,b0,b1,y10,y9,,402.267186,,,,404.28283600000003,,
51,APSDYGGMSVTSSR,APSTYGGMSVTSSR,T to D,0,0.025,2,S8,Skin,b0,b1,y15,y14,b0,b1,y15,y14,,376.251536,,,,376.251536,,
52,GALQNIIPASTGAAK,GAAQNIIPASTGAAK,A to I/L,0,0.989,2,S8,Skin,b0,b1,y16,y15,b0,b1,y16,y15,,362.235886,,,,362.235886,,
53,ALTFWNEEIAPK,ALPFWNEEIAPK,P to T,0,0.012,2,S8,Skin,b0,b1,y13,y12,b0,b1,y13,y12,,376.251536,,,,376.251536,,
54,DLYANDVLSGGTTMYPGIADR,DLYANTVLSGGTTMYPGIADR,T to D,1,0.741,2,S8,Skin,b1,b2,y21,y20,b1,b2,y21,y20,420.241366,533.3254260000001,,,420.241366,533.3254260000001,,
55,VQLLHTQNTSLINDK,VQLLHTQNTSLINTK,T to D,0,0.05,2,S8,Skin,b0,b1,y16,y15,b0,b1,y16,y15,,404.28283600000003,,,,404.28283600000003,,
56,QFAAQANAIGTWIQNK,QFAAQANAIGPWIQNK,P to T,0,0.5,2,S8,Skin,b0,b1,y17,y16,b0,b1,y17,y16,,433.273006,,,,433.273006,,
57,PDIDVPDVNIEGPDAK,VDIDVPDVNIEGPDAK,V to P,0,0.499,2,S8,Skin,b0,b1,y17,y16,b0,b1,y17,y16,,402.267186,,,,404.28283600000003,,
58,FAPPQPAETWSFVK,FAPPQPAEPWSFVK,P to T,0,0.016,2,S8,Skin,b0,b1,y15,y14,b0,b1,y15,y14,,452.28283600000003,,,,452.28283600000003,,
59,SLFSSAENEPPVPLVGNWRTPQPVK,SLFSSAENEPPVPLVGNWRPPQPVK,P to T,4,0.142,3,S8,Skin,b4,b5,y22,y21,b4,b5,y22,y21,739.4309560000002,826.462986,,,739.4309560000002,826.462986,,
60,VTWDFPPDTTLLDLQNNK,VPWDFPPDTTLLDLQNNK,P to T,1,0.25,2,S8,Skin,b1,b2,y18,y17,b1,b2,y18,y17,404.28283600000003,,,,404.28283600000003,501.335596,,
61,GLHTLFGDK,SLHTLFGDK,S to G,0,0.5,3,S8,Skin,b0,b1,y10,y9,b0,b1,y10,y9,,362.235886,,,,392.246456,,
62,GNKTWISLPR,GNKPWISLPR,P to T,0,0.499,3,S8,Skin,b0,b1,y11,y10,b0,b1,y11,y10,,362.235886,,,,362.235886,,
63,TDGALLVNAMFFKTHWDEK,TDGALLVNAMFFKPHWDEK,P to T,0,0.01,4,S8,Skin,b0,b1,y20,y19,b0,b1,y20,y19,,406.262106,,,,406.262106,,
64,VGNTWDPNILYGPLHTK,VGNPWDPNILYGPLHTK,P to T,0,0.499,3,S8,Skin,b0,b1,y18,y17,b0,b1,y18,y17,,404.28283600000003,,,,404.28283600000003,,
65,WSLLQEQGTK,WTLLQEQGTK,T to S,1,0.5,2,S8,Skin,b1,b2,y10,y9,,,,,491.293736,578.325766,,,,,,
66,DAEMPATEKDLAEDATWK,DAEMPATEKDLAEDAPWK,P to T,1,0.487,3,S8,Skin,b1,b2,y18,y17,b1,b2,y18,y17,420.241366,491.278476,,,420.241366,491.278476,,2510.309211
67,MPSFGVSTPGKPSLEASLEVGAPK,MPSFGVSAPGKPSLEASLEVGAPK,A to T,1,0.495,3,S8,Skin,b1,b2,y24,y23,b1,b2,y24,y23,436.25491600000004,,,,436.25491600000004,,,
68,QFGAQANVIGTWIQTK,QFGAQANVIGPWIQTK,P to T,0,0.496,2,S8,Skin,b0,b1,y17,y16,b0,b1,y17,y16,,433.273006,,,,433.273006,,
69,MPSFGVSTPGKPSLEASLEVGAPK,MPSFGVSAPGKPSLEASLEVGAPK,A to T,1,0.953,3,S8,Skin,b1,b2,y24,y23,b1,b2,y24,y23,436.25491600000004,,,,436.25491600000004,,,
70,DDNQSPIELHTK,GDNQSPIELHTK,G to D,0,0.2,3,S8,Skin,b0,b1,y13,y12,b0,b1,y13,y12,,158.04481599999997,,,,362.235886,,
71,PDIAESQVNK,ADIAESQVNK,A to P,0,0.499,2,S8,Skin,b0,b1,y11,y10,b0,b1,y11,y10,,,,,,376.251536,,
72,GGSSSGGGGPK,GGSSSGGGGVK,V to P,1,0.332,2,S8,Skin,b1,b2,y11,y10,b1,b2,y11,y10,362.235886,419.257346,,1094.576101,362.235886,419.257346,,1096.5917510000002
73,NVHLATGWLMQLEK,NVHLAPGWLMQLEK,P to T,0,0.332,3,S8,Skin,b0,b1,y15,y14,b0,b1,y15,y14,,419.257356,,,,419.257356,,
74,SVEDRFDQQKNDYDQLQK,TVEDRFDQQKNDYDQLQK,T to S,0,0.494,4,S8,Skin,b0,b1,y19,y18,b0,b1,y19,y18,,392.246456,,,,406.262106,,
75,DAEEAFNQK,DAEEWFNQK,W to A,0,1.0,2,S8,Skin,b0,b1,y10,y9,b0,b1,y10,y9,,420.241366,,,,420.241366,,
76,KLETAVNLAWNAGNSNTR,KLETAVNLAWTAGNSNTR,T to N,1,0.012,3,S8,Skin,b1,b2,y18,y17,b1,b2,y18,y17,737.5165360000001,850.600596,,,737.5165360000001,,,1817.914031
77,YNDLGEQNFK,YNDLGEQHFK,H to N,0,1.0,2,S8,Skin,b0,b1,y11,y10,b0,b1,y11,y10,,468.277756,,,,468.277756,,
78,DAEEWFNEK,DAEAWFNEK,A to E,0,1.0,2,S8,Skin,b0,b1,y10,y9,,,,,,420.241366,,,,,,
79,MDINAPDMDVQGTDWHLK,MDINAPDMDVQGPDWHLK,P to T,0,0.038,3,S8,Skin,b0,b1,y19,y18,b0,b1,y19,y18,,436.25491600000004,,,,436.25491600000004,,
80,MDISAPDVEVHGTEWNLK,MDISAPDVEVHGPEWNLK,P to T,0,0.327,3,S8,Skin,b0,b1,y19,y18,b0,b1,y19,y18,,436.25491600000004,,,,436.25491600000004,,
81,EQYEEEEEAK,EQLEEEEEAK,L to Y,0,1.0,2,S8,Skin,b0,b1,y11,y10,b0,b1,y11,y10,,434.25701599999996,,,,434.25701599999996,,
82,ATYSTNSTVWEEAFR,ATYSTNSPVWEEAFR,P to T,0,0.064,2,S8,Skin,b0,b1,y16,y15,b0,b1,y16,y15,,376.251536,,,,376.251536,,
83,APDVQLNAPDVDVHGTEWNLK,APDVQLNAPDVDVHGPEWNLK,P to T,0,0.016,3,S8,Skin,b0,b1,y22,y21,b0,b1,y22,y21,,376.251536,,,,376.251536,,
84,NAYEESLDELETLKR,NAYEESLDHLETLKR,H to E,0,1.0,3,S8,Skin,b0,b1,y16,y15,b0,b1,y16,y15,,419.257356,,,,419.257356,,
85,LPQEVTDFAK,LVQEVTDFAK,V to P,1,0.5,2,S8,Skin,b1,b2,y10,y9,b1,b2,y10,y9,418.29848599999997,515.3512460000001,,,418.29848599999997,517.366896,,1340.738081
86,GRPQGPSQDYSR,GRPQGPSQDSSR,S to Y,1,0.5,3,S8,Skin,b1,b2,y12,y11,b1,b2,y12,y11,362.235886,518.336996,,,362.235886,518.336996,,1214.5872310000002
87,PATVSLPR,VATVSLPR,V to P,0,0.993,2,S8,Skin,b0,b1,y9,y8,,,,,,402.267186,,,,,,
88,VDISAPDVDVHGTDWHLK,VDISAPDVDVHGPDWHLK,P to T,0,0.495,4,S8,Skin,b0,b1,y19,y18,b0,b1,y19,y18,,404.28283600000003,,,,404.28283600000003,,
89,VPEDDEDDDVDTKK,VAEDDEDDDVDTKK,A to P,1,0.5,3,S8,Skin,b1,b2,y14,y13,b1,b2,y14,y13,,197.128446,,,404.28283600000003,475.319946,,2103.0220809999996
90,YEELQETAGR,YEELQITAGR,I to E,0,1.0,2,S8,Skin,b0,b1,y11,y10,,,,,,468.277756,,,,,,
91,MDISAPDVEVHGTEWNLK,MDISAPDVEVHGPEWNLK,P to T,0,0.494,3,S8,Skin,b0,b1,y19,y18,b0,b1,y19,y18,,436.25491600000004,,,,436.25491600000004,,
92,MDINAPDMDVQGTDWHLK,MDINAPDMDVQGPDWHLK,P to T,0,0.019,3,S8,Skin,b0,b1,y19,y18,b0,b1,y19,y18,,436.25491600000004,,,,436.25491600000004,,
93,TDESQTWVLPVVR,TDESQPWVLPVVR,P to T,0,0.5,2,S8,Skin,b0,b1,y14,y13,b0,b1,y14,y13,,406.262106,,,,406.262106,,
94,AYDLQSDALYK,AYDLQSDNLYK,N to A,0,1.0,2,S8,Skin,b0,b1,y12,y11,b0,b1,y12,y11,,376.251536,,,,376.251536,,
95,VLGNPSNEDMNAK,VLGNPSNEEMNAK,E to D,0,0.023,2,S8,Skin,b0,b1,y14,y13,b0,b1,y14,y13,,404.28283600000003,,,,404.28283600000003,,
96,NWTSDEMPDFPK,NWPSDEMPDFPK,P to T,2,0.015,2,S8,Skin,b2,b3,y11,y10,b2,b3,y11,y10,,,,,605.336666,,,1466.715631
97,TDGFQLHTNVNDGTEFGGSIYQK,TDEFQLHTNVNDGTEFGGSIYQK,E to G,2,0.332,3,S8,Skin,b2,b3,y22,y21,b2,b3,y22,y21,,578.310506,,,521.2890460000001,650.3316360000001,,
98,DGPNALTPPPTTTEWVK,DGPNALTPPPTTPEWVK,P to T,0,0.331,2,S8,Skin,b0,b1,y18,y17,b0,b1,y18,y17,,420.241366,,,,420.241366,,
99,FEVTGPMENTEYQFR,FEVTGLMENTEYQFR,L to P,0,0.011,2,S8,Skin,b0,b1,y16,y15,b0,b1,y16,y15,,452.28283600000003,,,,452.28283600000003,,
100,PNADEVGGEALGR,VNADEVGGEALGR,V to P,0,0.997,2,S8,Skin,b0,b1,y14,y13,b0,b1,y14,y13,,402.267186,,,,404.28283600000003,,
101,SGAQANWTEVSWPHEK,SGAQATWTEVSWPHEK,T to N,0,0.013,3,S8,Skin,b0,b1,y17,y16,b0,b1,y17,y16,,392.246456,,,,392.246456,,
102,QTALAELPK,QTALAELVK,V to P,0,0.5,2,S8,Skin,b0,b1,y10,y9,b0,b1,y10,y9,,433.273006,,,,433.273006,,
103,EMGIVTSWGGTSR,EMGIVPSWGGTSR,P to T,0,0.21,2,S8,Skin,b0,b1,y14,y13,b0,b1,y14,y13,,434.25701599999996,,,,434.25701599999996,,
104,EMGIVTSWGGTSR,EMGIVPSWGGTSR,P to T,0,0.029,2,S8,Skin,b0,b1,y14,y13,b0,b1,y14,y13,,434.25701599999996,,,,434.25701599999996,,
105,AELIVQPELK,AELIAQPELK,A to V,0,1.0,2,S8,Skin,b0,b1,y11,y10,b0,b1,y11,y10,,376.251536,,,,376.251536,,
106,LLVVYTWTQR,LLVVYPWTQR,P to T,0,0.5,2,S8,Skin,b0,b1,y11,y10,b0,b1,y11,y10,,418.29848599999997,,,,418.29848599999997,,
107,LLVVYTWTQR,LLVVYPWTQR,P to T,0,0.499,2,S8,Skin,b0,b1,y11,y10,b0,b1,y11,y10,,418.29848599999997,,,,418.29848599999997,,
108,GIATWQVMLFR,GIAPWQVMLFR,P to T,1,0.476,2,S8,Skin,b1,b2,y11,y10,b1,b2,y11,y10,362.235886,475.319946,,,362.235886,475.319946,,
109,LLVVYTWTQR,LLVVYPWTQR,P to T,0,0.2,2,S8,Skin,b0,b1,y11,y10,b0,b1,y11,y10,,418.29848599999997,,,,418.29848599999997,,
110,LQSQFTDAQK,MQSQFTDAQK,M to I/L,0,0.5,2,S8,Skin,b0,b1,y11,y10,b0,b1,y11,y10,,418.29848599999997,,,,436.25491600000004,,
111,TTDIVLDSGDGVTHNVPIYEGYALPHAIMR,TTGIVLDSGDGVTHNVPIYEGYALPHAIMR,G to D,2,0.1,4,S8,Skin,b2,b3,y29,y28,b2,b3,y29,y28,,360.140176,,,507.309786,564.3312460000001,,
112,LDTSEVVFNSK,LDTSEVVFNTK,T to S,0,1.0,2,S8,Skin,b0,b1,y12,y11,b0,b1,y12,y11,,418.29848599999997,,,,418.29848599999997,,
113,NEWEAATPAVAETPDIK,TEWEAATPAVAETPDIK,T to N,0,0.333,2,S8,Skin,b0,b1,y18,y17,b0,b1,y18,y17,,,,,,144.065556,,
114,NEWEAATPAVAETPDIK,TEWEAATPAVAETPDIK,T to N,0,0.333,2,S8,Skin,b0,b1,y18,y17,b0,b1,y18,y17,,,,,,144.065556,,
115,DDGLFSGDTNWFPK,DDGLFSGDPNWFPK,P to T,0,0.015,2,S8,Skin,b0,b1,y15,y14,b0,b1,y15,y14,,420.241366,,,,420.241366,,
116,TPSDDLTWGDLTLNK,TPSDDLPWGDLTLNK,P to T,0,0.5,2,S8,Skin,b0,b1,y16,y15,b0,b1,y16,y15,,406.262106,,,,406.262106,,
117,TPDLSVQLPSADLDLK,TPDLSVQLPSADLELK,E to D,0,0.986,2,S8,Skin,b0,b1,y17,y16,b0,b1,y17,y16,,406.262106,,,,406.262106,,
118,DLYANDVLSGGTTMYPGIADR,DLYANTVLSGGTTMYPGIADR,T to D,3,0.143,2,S8,Skin,b3,b4,y19,y18,b3,b4,y19,y18,696.3887560000001,767.425866,,1837.874861,696.3887560000001,767.425866,1986.9589310000001,1823.8956010000002
119,AALTVDK,ATLTVDK,T to A,0,0.992,2,S8,Skin,b0,b1,y8,y7,b0,b1,y8,y7,,376.251536,,,,376.251536,,
120,TILDNGK,HILDNGK,H to T,0,0.997,2,S8,Skin,b0,b1,y8,y7,b0,b1,y8,y7,,406.262106,,,,442.27333600000003,,
121,NLLEGQSAK,NLLEGQDAK,D to S,0,1.0,2,S8,Skin,b0,b1,y10,y9,b0,b1,y10,y9,,419.257356,,,,419.257356,,
122,VSLDVNHFAPDELTVK,VSLDVNHFAPEELTVK,E to D,1,0.497,3,S8,Skin,b1,b2,y16,y15,b1,b2,y16,y15,404.28283600000003,491.314866,,,404.28283600000003,491.314866,,
123,LLVVYTWTQR,LLVVYPWTQR,P to T,0,0.498,2,S8,Skin,b0,b1,y11,y10,b0,b1,y11,y10,,418.29848599999997,,,,418.29848599999997,,
124,EVDEKPASTTWGSK,EVDEKPASTPWGSK,P to T,0,0.013,3,S8,Skin,b0,b1,y15,y14,b0,b1,y15,y14,,434.25701599999996,,,,434.25701599999996,,
125,DTWPVPQGK,DPWPVPQGK,P to T,1,0.491,2,S8,Skin,b1,b2,y9,y8,b1,b2,y9,y8,420.241366,,,1216.7009110000001,420.241366,517.294126,,1212.705991
126,VVPEEHPVLLTEAPLNPK,VAPEEHPVLLTEAPLNPK,A to V,1,0.492,3,S8,Skin,b1,b2,y18,y17,b1,b2,y18,y17,,503.351246,,,404.28283600000003,475.319946,,
127,VVSTWNSEDAK,VVSPWNSEDAK,P to T,0,0.5,2,S8,Skin,b0,b1,y12,y11,b0,b1,y12,y11,,404.28283600000003,,,,404.28283600000003,,
128,AGVAQPGGDTIFGK,AQVAQPGGDTIFGK,Q to G,1,0.5,2,S8,Skin,b1,b2,y14,y13,b1,b2,y14,y13,,433.272996,,,376.251536,504.310116,,
129,STWSNKYDPPLEDGAMPSAR,SPWSNKYDPPLEDGAMPSAR,P to T,1,0.165,3,S8,Skin,b1,b2,y20,y19,b1,b2,y20,y19,392.246456,,,,392.246456,,,
130,TTDIVLDSGDGVTHNVPIYEGYALPHAIMR,TTGIVLDSGDGVTHNVPIYEGYALPHAIMR,G to D,2,0.123,4,S8,Skin,b2,b3,y29,y28,b2,b3,y29,y28,,360.140176,,,507.309786,564.3312460000001,,
131,TTDIVLDSGDGVTHNVPIYEGYALPHAIMR,TTGIVLDSGDGVTHNVPIYEGYALPHAIMR,G to D,2,0.099,4,S8,Skin,b2,b3,y29,y28,b2,b3,y29,y28,,360.140176,,,507.309786,564.3312460000001,,
132,NVLDTSWTTPPPALR,NVLDTSWPTPPPALR,P to T,1,0.019,2,S8,Skin,b1,b2,y15,y14,b1,b2,y15,y14,419.257356,518.325766,,1553.8321910000002,419.257356,518.325766,,1549.837271
133,DDGLFSGDTNWFPK,DDGLFSGDPNWFPK,P to T,0,0.331,2,S8,Skin,b0,b1,y15,y14,b0,b1,y15,y14,,420.241366,,,,420.241366,,
134,PGLQFPVGR,AGLQFPVGR,A to P,0,0.5,2,S8,Skin,b0,b1,y10,y9,b0,b1,y10,y9,,,,,,376.251536,,
135,SFLVDVNEEDHLR,SFLVWVNEEDHLR,W to D,0,1.0,3,S8,Skin,b0,b1,y14,y13,b0,b1,y14,y13,,392.246456,,,,392.246456,,
136,SGFAGDDAPR,AGFAGDDAPR,A to S,0,0.984,2,S8,Skin,b0,b1,y11,y10,b0,b1,y11,y10,,392.246456,,,,376.251536,,
137,DLAEDATWKK,DLAEDAPWKK,P to T,0,0.5,3,S8,Skin,b0,b1,y11,y10,b0,b1,y11,y10,,420.241366,,,,420.241366,,
138,NLDAIVQK,NLEAIVQK,E to D,0,1.0,2,S8,Skin,b0,b1,y9,y8,b0,b1,y9,y8,,419.257356,,,,419.257356,,
139,LLVVYTWTQR,LLVVYPWTQR,P to T,0,0.273,2,S8,Skin,b0,b1,y11,y10,b0,b1,y11,y10,,418.29848599999997,,,,418.29848599999997,,
140,QLEEAEEESQR,QLEEAEEEAQR,A to S,0,0.989,2,S8,Skin,b0,b1,y12,y11,b0,b1,y12,y11,,433.273006,,,,433.273006,,
141,SQVQSSYTFK,SQVQASYTFK,A to S,0,0.999,2,S8,Skin,b0,b1,y11,y10,b0,b1,y11,y10,,392.246456,,,,392.246456,,
142,LPQEVTDFAK,LVQEVTDFAK,V to P,1,0.011,2,S8,Skin,b1,b2,y10,y9,b1,b2,y10,y9,418.29848599999997,515.3512460000001,,,418.29848599999997,517.366896,,1340.738081
143,ASDTSINWNNLK,ASDTSITWNNLK,T to N,0,0.055,2,S8,Skin,b0,b1,y13,y12,b0,b1,y13,y12,,376.251536,,,,376.251536,,
144,EVQLQQSGPDLVKPGASVK,EVQLQQSGPELVKPGASVK,E to D,2,0.962,3,S8,Skin,b2,b3,y18,y17,b2,b3,y18,y17,533.3254260000001,661.384006,,,533.3254260000001,661.384006,,
145,DSDYSMSSTLTLTK,DSTYSMSSTLTLTK,T to D,0,0.01,2,S8,Skin,b0,b1,y15,y14,b0,b1,y15,y14,,420.241366,,,,420.241366,,
146,LSQTFPNADFAEIDK,LSQTFPNADFAEITK,T to D,0,0.028,2,S8,Skin,b0,b1,y16,y15,b0,b1,y16,y15,,418.29848599999997,,,,418.29848599999997,,
147,DVLDGHLR,DVLDGHVR,V to I/L,0,0.991,3,S8,Skin,b0,b1,y9,y8,b0,b1,y9,y8,,420.241366,,,,420.241366,,
148,QTALVELVK,QTALAELVK,A to V,0,1.0,2,S8,Skin,b0,b1,y10,y9,b0,b1,y10,y9,,433.273006,,,,433.273006,,
149,GDGTWYQFPTPEKEFIDHSPK,GDGPWYQFPTPEKEFIDHSPK,P to T,1,0.489,4,S8,Skin,b1,b2,y21,y20,b1,b2,y21,y20,362.235886,477.26282599999996,,,362.235886,477.26282599999996,,
150,ALEESNYEAEGK,ALEESNYELEGK,L to A,0,1.0,2,S8,Skin,b0,b1,y13,y12,b0,b1,y13,y12,,376.251536,,,,376.251536,,
151,SPPPFPGETWK,SPPPFPGEPWK,P to T,0,0.044,2,S8,Skin,b0,b1,y12,y11,b0,b1,y12,y11,,392.246456,,,,392.246456,,
152,EVQLQQSGPELVKPGTSVK,EVQLQQSGPELVKPGASVK,A to T,0,0.997,3,S8,Skin,b0,b1,y20,y19,b0,b1,y20,y19,,434.25701599999996,,,,434.25701599999996,,
153,LGEYGLQNALIVR,LGEYGFQNALIVR,F to I/L,0,1.0,2,S8,Skin,b0,b1,y14,y13,,,,,,418.29848599999997,,,,,,
154,STLSVITSGVQWIQDR,STLSVIPSGVQWIQDR,P to T,0,0.079,2,S8,Skin,b0,b1,y17,y16,b0,b1,y17,y16,,392.246456,,,,392.246456,,
155,YISPDQLADLYK,YITPDQLADLYK,T to S,0,0.999,2,S8,Skin,b0,b1,y13,y12,b0,b1,y13,y12,,468.277756,,,,468.277756,,
156,ETTWHGQGQDQGQGPSQESAAEQGAVEK,ETPWHGQGQDQGQGPSQESAAEQGAVEK,P to T,0,0.496,3,S8,Skin,b0,b1,y29,y28,b0,b1,y29,y28,,434.25701599999996,,,,434.25701599999996,,
157,ETTWHGQGQDQGQGPSQESAAEQGAVEKQ,ETPWHGQGQDQGQGPSQESAAEQGAVEKQ,P to T,0,0.493,3,S8,Skin,b0,b1,y30,y29,b0,b1,y30,y29,,434.25701599999996,,,,434.25701599999996,,
158,DNLTLWNSDTQGDEAEAGEGGEN,DNLTLWTSDTQGDEAEAGEGGEN,T to N,2,0.027,2,S8,Skin,b2,b3,y22,y21,b2,b3,y22,y21,534.284296,647.3683560000001,,,534.284296,647.3683560000001,,
159,DSTYSMSSLLTLTKDEYER,DSTYSMSSTLTLTKDEYER,T to I/L,0,0.989,3,S8,Skin,b0,b1,y20,y19,b0,b1,y20,y19,,420.241366,,,,420.241366,,
160,LYTWGVVEVENPEHNDFLK,LYPWGVVEVENPEHNDFLK,P to T,0,0.499,3,S8,Skin,b0,b1,y20,y19,b0,b1,y20,y19,,418.29848599999997,,,,418.29848599999997,,
